coverage,retained_samples,deferred_samples,p_defer_given_pos,p_defer_given_neg,retained_positives,retained_prevalence,automated_false_negatives,automated_false_positives,sensitivity_retained,specificity_retained,ppv_retained,npv_retained,brier_score,ece,ece_equal_width,ece_equal_mass,auroc,auprc,run_id,temporal_bin,architecture,target
0.5,940,939,1.0,0.4719101123595505,0,0.0,0,0,,1.0,,1.0,6.05713056868206e-05,0.0073101113436426,0.007310111541301,0.0073101113436426,,,anchor_densenet121_unweighted_bce_seed123,T1_2015,densenet121,Pleural Effusion
0.55,1034,845,1.0,0.4191011235955056,0,0.0,0,0,,1.0,,1.0,7.236825198457982e-05,0.0078986760299126,0.0078986762091517,0.0078986760299126,,,anchor_densenet121_unweighted_bce_seed123,T1_2015,densenet121,Pleural Effusion
0.6,1128,751,0.98989898989899,0.3668539325842697,1,0.000886524822695,1,0,0.0,1.0,,0.999113475177305,0.000946108252094,0.0076886946917511,0.0076886948383023,0.0076886946917511,0.9574090505767524,0.02,anchor_densenet121_unweighted_bce_seed123,T1_2015,densenet121,Pleural Effusion
0.65,1222,657,0.9797979797979798,0.3146067415730337,2,0.0016366612111292,2,0,0.0,1.0,,0.9983633387888708,0.0016874924069847,0.0077445611939574,0.0077445613275207,0.0077445611939574,0.930327868852459,0.0230734767025089,anchor_densenet121_unweighted_bce_seed123,T1_2015,densenet121,Pleural Effusion
0.7,1316,563,0.9696969696969696,0.2623595505617977,3,0.0022796352583586,3,0,0.0,1.0,,0.9977203647416414,0.0023305547277926,0.0080062341449943,0.0080062339824021,0.0080062341449943,0.886011678090886,0.0130811132963823,anchor_densenet121_unweighted_bce_seed123,T1_2015,densenet121,Pleural Effusion
0.75,1410,469,0.9292929292929292,0.2117977528089887,7,0.0049645390070921,7,0,0.0,1.0,,0.9950354609929078,0.0049085889301708,0.0070102124469988,0.0064361354626768,0.0070102124469988,0.9074432338865696,0.0485582491500827,anchor_densenet121_unweighted_bce_seed123,T1_2015,densenet121,Pleural Effusion
0.8,1504,375,0.8585858585858586,0.1629213483146067,14,0.0093085106382978,14,0,0.0,1.0,,0.990691489361702,0.009008788856576,0.0091573157744975,0.0034414304499613,0.0091573157744975,0.9159395973154362,0.0970206903147847,anchor_densenet121_unweighted_bce_seed123,T1_2015,densenet121,Pleural Effusion
0.8500000000000001,1598,281,0.797979797979798,0.1134831460674157,20,0.0125156445556946,20,0,0.0,1.0,,0.9874843554443054,0.0120287680562119,0.0100862393519947,0.0020001223182611,0.0100862393519947,0.895595690747782,0.0645858548566509,anchor_densenet121_unweighted_bce_seed123,T1_2015,densenet121,Pleural Effusion
0.9,1692,187,0.7474747474747475,0.0634831460674157,25,0.0147754137115839,25,0,0.0,1.0,,0.985224586288416,0.0141706640010511,0.0092242720500284,0.0022718611461755,0.0092242720500284,0.8722735452909418,0.059447630097091,anchor_densenet121_unweighted_bce_seed123,T1_2015,densenet121,Pleural Effusion
0.95,1786,93,0.5353535353535354,0.0224719101123595,46,0.0257558790593505,46,0,0.0,1.0,,0.9742441209406496,0.0233516715296009,0.0145396200000347,0.004385530130994,0.0145396200000347,0.9013055972013994,0.1736873150823879,anchor_densenet121_unweighted_bce_seed123,T1_2015,densenet121,Pleural Effusion
1.0,1879,0,0.0,0.0,99,0.0526875997871208,98,0,0.0101010101010101,1.0,1.0,0.9478168264110756,0.040257888703957,0.032325807656496,0.0211111133944931,0.032325807656496,0.9392889569855862,0.4889864917353548,anchor_densenet121_unweighted_bce_seed123,T1_2015,densenet121,Pleural Effusion
0.5,940,939,0.9659863945578232,0.4601616628175519,5,0.0053191489361702,5,0,0.0,1.0,,0.9946808510638298,0.0053058476703507,0.0068874168103843,0.0039623270920933,0.0068874168103843,0.7033155080213904,0.0122577329827749,anchor_densenet121_unweighted_bce_seed123,T1_2015,densenet121,Cardiomegaly
0.55,1034,845,0.9455782312925172,0.407621247113164,8,0.0077369439071566,8,0,0.0,1.0,,0.9922630560928434,0.0076350814418464,0.0061944191190062,0.003275274054095,0.0061944191190062,0.7583455165692008,0.0409401128916343,anchor_densenet121_unweighted_bce_seed123,T1_2015,densenet121,Cardiomegaly
0.6,1128,751,0.9387755102040816,0.3539260969976905,9,0.0079787234042553,9,0,0.0,1.0,,0.9920212765957448,0.0079355054046088,0.0057677527564926,0.0051223765860529,0.0057677527564926,0.7220236322112998,0.0173488017971244,anchor_densenet121_unweighted_bce_seed123,T1_2015,densenet121,Cardiomegaly
0.65,1222,657,0.891156462585034,0.3036951501154734,16,0.0130932896890343,16,0,0.0,1.0,,0.9869067103109656,0.0126826276952767,0.0070566849473638,0.0025975585422812,0.0070566849473638,0.7993107379767828,0.0968671742431798,anchor_densenet121_unweighted_bce_seed123,T1_2015,densenet121,Cardiomegaly
0.7,1316,563,0.8571428571428571,0.2523094688221709,21,0.0159574468085106,21,0,0.0,1.0,,0.9840425531914894,0.0153618941865395,0.0065086721980485,0.0029881763807002,0.0065086721980485,0.7988968560397132,0.0605109548619142,anchor_densenet121_unweighted_bce_seed123,T1_2015,densenet121,Cardiomegaly
0.75,1410,469,0.8367346938775511,0.1997690531177829,24,0.0170212765957446,24,0,0.0,1.0,,0.9829787234042552,0.0166156859843684,0.0101556657010141,0.0062325926695732,0.0101556657010141,0.7714195526695526,0.0410890754665033,anchor_densenet121_unweighted_bce_seed123,T1_2015,densenet121,Cardiomegaly
0.8,1504,375,0.8027210884353742,0.1483833718244803,29,0.019281914893617,29,0,0.0,1.0,,0.980718085106383,0.0189326954770268,0.0107292017420014,0.0097451655917424,0.0107292017420014,0.7690707188778492,0.0673891181685755,anchor_densenet121_unweighted_bce_seed123,T1_2015,densenet121,Cardiomegaly
0.8500000000000001,1598,281,0.7142857142857143,0.1016166281755196,42,0.0262828535669586,42,0,0.0,1.0,,0.9737171464330412,0.0249040431325992,0.0128892702033022,0.0103999043631837,0.0128892702033022,0.8040916880891174,0.0936219862294051,anchor_densenet121_unweighted_bce_seed123,T1_2015,densenet121,Cardiomegaly
0.9,1692,187,0.5510204081632653,0.0612009237875288,66,0.0390070921985815,66,0,0.0,1.0,,0.9609929078014184,0.0340202638610853,0.0111512387573612,0.0126737780543154,0.0111512387573612,0.8467842632971784,0.201736036264069,anchor_densenet121_unweighted_bce_seed123,T1_2015,densenet121,Cardiomegaly
0.95,1786,93,0.2993197278911564,0.0282909930715935,103,0.0576707726763717,99,0,0.0388349514563106,1.0,1.0,0.9444444444444444,0.0442535017288829,0.0154512313996052,0.0155844786407765,0.0154512313996052,0.8783523412306965,0.3700830695111904,anchor_densenet121_unweighted_bce_seed123,T1_2015,densenet121,Cardiomegaly
1.0,1879,0,0.0,0.0,147,0.0782331027142096,129,12,0.1224489795918367,0.9930715935334872,0.6,0.9302325581395348,0.0544543231306454,0.0139223954949117,0.0158524681725293,0.0139223954949117,0.8942062968374416,0.4378756145999041,anchor_densenet121_unweighted_bce_seed123,T1_2015,densenet121,Cardiomegaly
0.5,1994,1993,0.9491525423728814,0.479002624671916,9,0.0045135406218655,9,0,0.0,1.0,,0.9954864593781344,0.0044862813340642,0.0039999955775143,0.0031848434917441,0.0039999955775143,0.7725160929191156,0.0185786810624488,anchor_densenet121_unweighted_bce_seed123,T2_2016,densenet121,Pleural Effusion
0.55,2193,1794,0.943502824858757,0.4270341207349081,10,0.0045599635202918,10,0,0.0,1.0,,0.995440036479708,0.0045420995926143,0.0040140208187082,0.0038500926013555,0.0040140208187082,0.7316307833256985,0.0153156212296037,anchor_densenet121_unweighted_bce_seed123,T2_2016,densenet121,Pleural Effusion
0.6,2393,1594,0.9209039548022598,0.3755905511811023,14,0.0058503969912244,14,0,0.0,1.0,,0.9941496030087756,0.0057995543769733,0.004170758852862,0.0033660932104276,0.004170758852862,0.7568005764727076,0.0200718391068541,anchor_densenet121_unweighted_bce_seed123,T2_2016,densenet121,Pleural Effusion
0.65,2592,1395,0.8983050847457628,0.3244094488188976,18,0.0069444444444444,18,0,0.0,1.0,,0.9930555555555556,0.0068679003092409,0.0046994581406815,0.0032093828130099,0.0046994581406815,0.755579297245964,0.017560423719838,anchor_densenet121_unweighted_bce_seed123,T2_2016,densenet121,Pleural Effusion
0.7,2791,1196,0.8700564971751412,0.273490813648294,23,0.008240773916159,23,0,0.0,1.0,,0.9917592260838408,0.0081260327711512,0.0048691664389606,0.0029842484594245,0.0048691664389606,0.7583092485549132,0.020982282911826,anchor_densenet121_unweighted_bce_seed123,T2_2016,densenet121,Pleural Effusion
0.75,2991,996,0.8418079096045198,0.2223097112860892,28,0.0093614175860916,28,0,0.0,1.0,,0.9906385824139085,0.0092139655103083,0.0033701698243461,0.0031603140811289,0.0033701698243461,0.7551166771129647,0.0248476621277698,anchor_densenet121_unweighted_bce_seed123,T2_2016,densenet121,Pleural Effusion
0.8,3190,797,0.768361581920904,0.1734908136482939,41,0.0128526645768025,41,0,0.0,1.0,,0.9871473354231975,0.012497439252379,0.0049414740103883,0.0012317201998493,0.0049414740103883,0.7927139084029773,0.0681961922162755,anchor_densenet121_unweighted_bce_seed123,T2_2016,densenet121,Pleural Effusion
0.8500000000000001,3389,598,0.6779661016949152,0.1254593175853018,57,0.0168191206845677,57,0,0.0,1.0,,0.9831808793154324,0.0161708105901033,0.005759226272856,0.0007517480495608,0.005759226272856,0.8115956909079421,0.0617607006016368,anchor_densenet121_unweighted_bce_seed123,T2_2016,densenet121,Pleural Effusion
0.9,3589,398,0.5480225988700564,0.079002624671916,80,0.022290331568682,80,0,0.0,1.0,,0.977709668431318,0.0210961020417435,0.0089528631076671,0.0034311258011697,0.0089528631076671,0.828435807922485,0.0847262746603371,anchor_densenet121_unweighted_bce_seed123,T2_2016,densenet121,Pleural Effusion
0.95,3788,199,0.384180790960452,0.0343832020997375,109,0.0287750791974656,109,0,0.0,1.0,,0.9712249208025344,0.0267398351271825,0.01019661875927,0.0073508781832352,0.01019661875927,0.8382712693666757,0.1061058273377608,anchor_densenet121_unweighted_bce_seed123,T2_2016,densenet121,Pleural Effusion
1.0,3987,0,0.0,0.0,177,0.0443942814145974,176,0,0.0056497175141242,1.0,1.0,0.955845459106874,0.0366392395301398,0.0141983580102119,0.0100746052949342,0.0141983580102119,0.8775182763171553,0.2927446737422265,anchor_densenet121_unweighted_bce_seed123,T2_2016,densenet121,Pleural Effusion
0.5,1994,1993,0.9312796208530806,0.4488078541374474,29,0.014543630892678,29,0,0.0,1.0,,0.985456369107322,0.014242443420376,0.0081735397059677,0.0041018554589588,0.0081735397059677,0.7246556111257348,0.039058633062238,anchor_densenet121_unweighted_bce_seed123,T2_2016,densenet121,Cardiomegaly
0.55,2193,1794,0.919431279620853,0.3943899018232819,34,0.0155038759689922,34,0,0.0,1.0,,0.9844961240310076,0.0151890416559917,0.0059463698306531,0.0028332817014451,0.0059463698306531,0.7010326131378907,0.0263051877329785,anchor_densenet121_unweighted_bce_seed123,T2_2016,densenet121,Cardiomegaly
0.6,2393,1594,0.909952606635071,0.3394109396914446,38,0.0158796489761805,38,0,0.0,1.0,,0.9841203510238196,0.0156172262607977,0.007292482200467,0.0004620293678378,0.007292482200467,0.6750195552575707,0.0241432622781292,anchor_densenet121_unweighted_bce_seed123,T2_2016,densenet121,Cardiomegaly
0.65,2592,1395,0.8791469194312796,0.2872370266479663,51,0.0196759259259259,51,0,0.0,1.0,,0.980324074074074,0.0190996466327336,0.0065961197565847,0.0009346796130692,0.0065961197565847,0.7133288577138843,0.0490852928297418,anchor_densenet121_unweighted_bce_seed123,T2_2016,densenet121,Cardiomegaly
0.7,2791,1196,0.8483412322274881,0.2350631136044881,64,0.0229308491580078,64,0,0.0,1.0,,0.977069150841992,0.0221053897266307,0.0077267247935391,4.462879224517019e-05,0.0077267247935391,0.7258290933259993,0.0520173619936691,anchor_densenet121_unweighted_bce_seed123,T2_2016,densenet121,Cardiomegaly
0.75,2991,996,0.7890995260663507,0.1859747545582047,89,0.0297559344700769,89,0,0.0,1.0,,0.9702440655299231,0.0279538227807819,0.0075452624787789,0.0014004001760713,0.0075452624787789,0.763733264157226,0.1038690727451074,anchor_densenet121_unweighted_bce_seed123,T2_2016,densenet121,Cardiomegaly
0.8,3190,797,0.7322274881516587,0.1368863955119214,113,0.035423197492163,113,0,0.0,1.0,,0.964576802507837,0.0327652251577745,0.0053163113621746,0.0006200711999006,0.0053163113621746,0.7755413415549568,0.1278469669815046,anchor_densenet121_unweighted_bce_seed123,T2_2016,densenet121,Cardiomegaly
0.8500000000000001,3389,598,0.6445497630331753,0.0914446002805049,150,0.0442608439067571,150,0,0.0,1.0,,0.9557391560932428,0.0396537377079258,0.0054766785660656,0.0019324925088115,0.0054766785660656,0.7965843367294433,0.1745023846840076,anchor_densenet121_unweighted_bce_seed123,T2_2016,densenet121,Cardiomegaly
0.9,3589,398,0.481042654028436,0.0546984572230014,219,0.0610197826692672,219,0,0.0,1.0,,0.9389802173307328,0.0505134719763707,0.009877737225211,0.0070865247455703,0.009877737225211,0.8336503936154357,0.2628083591766407,anchor_densenet121_unweighted_bce_seed123,T2_2016,densenet121,Cardiomegaly
0.95,3788,199,0.2819905213270142,0.0224403927068723,303,0.0799894403379091,290,8,0.0429042904290429,0.9977044476327116,0.6190476190476191,0.9230156623307672,0.0605817061716348,0.0128300158756144,0.0104575559807648,0.0128300158756144,0.8562263543427513,0.3622349688895628,anchor_densenet121_unweighted_bce_seed123,T2_2016,densenet121,Cardiomegaly
1.0,3987,0,0.0,0.0,422,0.1058439929771758,363,32,0.1398104265402843,0.9910238429172512,0.6483516483516484,0.9068275154004108,0.0701168396719082,0.0186100270097083,0.0155012008295132,0.0186100270097083,0.880342721163497,0.4828020511823636,anchor_densenet121_unweighted_bce_seed123,T2_2016,densenet121,Cardiomegaly
0.5,1218,1218,0.9058823529411764,0.4853253934495959,8,0.0065681444991789,8,0,0.0,1.0,,0.993431855500821,0.006509944258128,0.0052594216022417,0.0010426282371915,0.0052594216022417,0.6651859504132231,0.0266676533194898,anchor_densenet121_unweighted_bce_seed123,T3_2017,densenet121,Pleural Effusion
0.55,1340,1096,0.8941176470588236,0.4338579327945555,9,0.0067164179104477,9,0,0.0,1.0,,0.9932835820895524,0.0066617109054795,0.0074582427896475,0.0015333464202373,0.0074582427896475,0.6416645796811087,0.01337010238373,anchor_densenet121_unweighted_bce_seed123,T3_2017,densenet121,Pleural Effusion
0.6,1462,974,0.8823529411764706,0.3823904721395151,10,0.0068399452804377,10,0,0.0,1.0,,0.9931600547195624,0.0067906582404404,0.0059396067160282,0.0021258878321597,0.0059396067160282,0.6247589531680441,0.0117431209096458,anchor_densenet121_unweighted_bce_seed123,T3_2017,densenet121,Pleural Effusion
0.65,1584,852,0.8588235294117647,0.3313483623989791,12,0.0075757575757575,12,0,0.0,1.0,,0.9924242424242424,0.007507699553494,0.0061949482012711,0.0022086503379272,0.0061949482012711,0.645064673452078,0.0202420363444502,anchor_densenet121_unweighted_bce_seed123,T3_2017,densenet121,Pleural Effusion
0.7,1706,730,0.8352941176470589,0.2803062526584432,14,0.0082063305978898,14,0,0.0,1.0,,0.9917936694021102,0.0081263758535495,0.0045610403655433,0.0025354163865324,0.0045610403655433,0.6529044241810199,0.0225122957098643,anchor_densenet121_unweighted_bce_seed123,T3_2017,densenet121,Pleural Effusion
0.75,1827,609,0.8235294117647058,0.2292641429179072,15,0.0082101806239737,15,0,0.0,1.0,,0.9917898193760264,0.0081545898344879,0.0061648818812081,0.0036096039055334,0.0061648818812081,0.6335356880058867,0.013540058981185,anchor_densenet121_unweighted_bce_seed123,T3_2017,densenet121,Pleural Effusion
0.8,1949,487,0.788235294117647,0.1786473840918758,18,0.0092355053873781,18,0,0.0,1.0,,0.9907644946126218,0.0091496646134185,0.0060478191953697,0.00388737451266,0.0060478191953697,0.6573738419932103,0.018979723024507,anchor_densenet121_unweighted_bce_seed123,T3_2017,densenet121,Pleural Effusion
0.8500000000000001,2071,365,0.7176470588235294,0.1293066780093577,24,0.0115886045388701,24,0,0.0,1.0,,0.98841139546113,0.0113720303521686,0.005812684920374,0.0032555336363789,0.005812684920374,0.7073461162677088,0.0322008951841559,anchor_densenet121_unweighted_bce_seed123,T3_2017,densenet121,Pleural Effusion
0.9,2193,243,0.611764705882353,0.081242024670353,33,0.015047879616963,33,0,0.0,1.0,,0.9849521203830368,0.0145610291801817,0.0059968472517452,0.002084777031792,0.0059968472517452,0.7528338945005612,0.0545569262772828,anchor_densenet121_unweighted_bce_seed123,T3_2017,densenet121,Pleural Effusion
0.95,2315,121,0.4235294117647059,0.0361548277328796,49,0.0211663066954643,49,0,0.0,1.0,,0.9788336933045356,0.0198387288374984,0.0076718567002596,0.0008071377744684,0.0076718567002596,0.8033395176252319,0.1112215379667022,anchor_densenet121_unweighted_bce_seed123,T3_2017,densenet121,Pleural Effusion
1.0,2436,0,0.0,0.0,85,0.0348932676518883,84,0,0.0117647058823529,1.0,1.0,0.9655030800821356,0.0289502962027023,0.0115011964107623,0.0041830987135813,0.0115011964107623,0.8643505892361198,0.2824046482374327,anchor_densenet121_unweighted_bce_seed123,T3_2017,densenet121,Pleural Effusion
0.5,1218,1218,0.9534883720930232,0.4462809917355372,12,0.0098522167487684,12,0,0.0,1.0,,0.9901477832512317,0.0097472014960733,0.0060750480467141,0.0005477572025116,0.0060750480467141,0.6485627418463239,0.0230077619965831,anchor_densenet121_unweighted_bce_seed123,T3_2017,densenet121,Cardiomegaly
0.55,1340,1096,0.9457364341085271,0.3911845730027548,14,0.0104477611940298,14,0,0.0,1.0,,0.98955223880597,0.0103609831120226,0.0070286276319356,0.0020328339550699,0.0070286276319356,0.6385477267830209,0.0159628512119051,anchor_densenet121_unweighted_bce_seed123,T3_2017,densenet121,Cardiomegaly
0.6,1462,974,0.9263565891472868,0.337465564738292,19,0.0129958960328317,19,0,0.0,1.0,,0.9870041039671684,0.0127521073916413,0.0059899084347079,0.0022004357438468,0.0059899084347079,0.6906663748769012,0.0409617230970921,anchor_densenet121_unweighted_bce_seed123,T3_2017,densenet121,Cardiomegaly
0.65,1584,852,0.8837209302325582,0.2865013774104683,30,0.0189393939393939,30,0,0.0,1.0,,0.981060606060606,0.0181780532233676,0.0122033601894714,0.0004137562531413,0.0122033601894714,0.7584620334620336,0.0695892225408101,anchor_densenet121_unweighted_bce_seed123,T3_2017,densenet121,Cardiomegaly
0.7,1706,730,0.8449612403100775,0.2350780532598714,40,0.0234466588511137,40,0,0.0,1.0,,0.9765533411488864,0.0222837739605663,0.0086013220923031,0.0008347968026069,0.0086013220923031,0.7703481392557023,0.0666565007093886,anchor_densenet121_unweighted_bce_seed123,T3_2017,densenet121,Cardiomegaly
0.75,1827,609,0.7906976744186046,0.1859504132231405,54,0.0295566502463054,54,0,0.0,1.0,,0.9704433497536946,0.0275445811349907,0.0092991287559428,0.001959516490964,0.0092991287559428,0.7903323515280649,0.1192093546779884,anchor_densenet121_unweighted_bce_seed123,T3_2017,densenet121,Cardiomegaly
0.8,1949,487,0.7248062015503876,0.1377410468319559,71,0.0364289379168804,71,0,0.0,1.0,,0.9635710620831196,0.0333697154717361,0.0102547721902296,0.0023804868376976,0.0102547721902296,0.799299524516642,0.1137684876958792,anchor_densenet121_unweighted_bce_seed123,T3_2017,densenet121,Cardiomegaly
0.8500000000000001,2071,365,0.6356589147286822,0.0922865013774104,94,0.0453887011105746,94,1,0.0,0.9994941831057156,0.0,0.9545893719806764,0.0407211274820927,0.0097599942200038,0.0032655345856107,0.0097599942200038,0.8121643582044576,0.1588619420896684,anchor_densenet121_unweighted_bce_seed123,T3_2017,densenet121,Cardiomegaly
0.9,2193,243,0.4883720930232558,0.0537190082644628,132,0.0601915184678522,131,1,0.0075757575757575,0.9995147986414362,0.5,0.9402099497946144,0.05014977146791,0.010817068382334,0.006502946899041,0.010817068382334,0.838438974901857,0.2681278137988889,anchor_densenet121_unweighted_bce_seed123,T3_2017,densenet121,Cardiomegaly
0.95,2315,121,0.2480620155038759,0.0261707988980716,194,0.0838012958963282,187,4,0.0360824742268041,0.998114097123998,0.6363636363636364,0.9188368055555556,0.0617632328386816,0.0212265455192176,0.014182178558657,0.0212265455192176,0.8698678409814472,0.4053831063408259,anchor_densenet121_unweighted_bce_seed123,T3_2017,densenet121,Cardiomegaly
1.0,2436,0,0.0,0.0,258,0.105911330049261,226,20,0.1240310077519379,0.9908172635445364,0.6153846153846154,0.9052013422818792,0.071007066182419,0.0199024611011633,0.0162600610169699,0.0199024611011633,0.8824930061716532,0.469926661705519,anchor_densenet121_unweighted_bce_seed123,T3_2017,densenet121,Cardiomegaly
0.5,940,939,0.98989898989899,0.4724719101123595,1,0.001063829787234,1,0,0.0,1.0,,0.998936170212766,0.0010644662765035,0.0031869792731161,0.002387417679494,0.0031869792731161,0.9680511182108626,0.03125,anchor_densenet121_unweighted_bce_seed2026,T1_2015,densenet121,Pleural Effusion
0.55,1034,845,0.9797979797979798,0.4202247191011236,2,0.0019342359767891,2,0,0.0,1.0,,0.9980657640232108,0.0019257124640571,0.0029287930274908,0.0019015187250785,0.0029287930274908,0.9115794573643412,0.0160010240655401,anchor_densenet121_unweighted_bce_seed2026,T1_2015,densenet121,Pleural Effusion
0.6,1128,751,0.9797979797979798,0.3674157303370786,2,0.00177304964539,2,0,0.0,1.0,,0.99822695035461,0.0017722791800846,0.0045939866308509,0.0025083724779228,0.0045939866308509,0.8354795737122558,0.0077505827505827,anchor_densenet121_unweighted_bce_seed2026,T1_2015,densenet121,Pleural Effusion
0.65,1222,657,0.9797979797979798,0.3146067415730337,2,0.0016366612111292,2,0,0.0,1.0,,0.9983633387888708,0.0016456944418741,0.0050558284489604,0.0031785596216954,0.0050558284489604,0.7711065573770493,0.0051847133757961,anchor_densenet121_unweighted_bce_seed2026,T1_2015,densenet121,Pleural Effusion
0.7,1316,563,0.9292929292929292,0.2646067415730337,7,0.0053191489361702,7,0,0.0,1.0,,0.9946808510638298,0.0052332657148096,0.0052523787898056,0.0001866336158932,0.0052523787898056,0.8927752919349559,0.0434252835300878,anchor_densenet121_unweighted_bce_seed2026,T1_2015,densenet121,Pleural Effusion
0.75,1410,469,0.8787878787878788,0.2146067415730337,12,0.0085106382978723,12,0,0.0,1.0,,0.9914893617021276,0.0083289547648743,0.007627226216702,0.0021483551611767,0.007627226216702,0.8865045302813543,0.0454944290495116,anchor_densenet121_unweighted_bce_seed2026,T1_2015,densenet121,Pleural Effusion
0.8,1504,375,0.8383838383838383,0.1640449438202247,16,0.0106382978723404,16,0,0.0,1.0,,0.9893617021276596,0.0103753730057605,0.0091075766564593,0.0030992248670217,0.0091075766564593,0.8661164314516129,0.0496587476423884,anchor_densenet121_unweighted_bce_seed2026,T1_2015,densenet121,Pleural Effusion
0.8500000000000001,1598,281,0.8080808080808081,0.1129213483146067,19,0.0118898623279098,19,0,0.0,1.0,,0.98811013767209,0.0115828721286898,0.0063513276310438,0.0026158443308238,0.0063513276310438,0.8410719642678577,0.0636265366345973,anchor_densenet121_unweighted_bce_seed2026,T1_2015,densenet121,Pleural Effusion
0.9,1692,187,0.7171717171717171,0.0651685393258427,28,0.0165484633569739,28,0,0.0,1.0,,0.983451536643026,0.0158112479537815,0.0095015412942896,0.0044969788094185,0.0095015412942896,0.8558228880494505,0.0925732865841573,anchor_densenet121_unweighted_bce_seed2026,T1_2015,densenet121,Pleural Effusion
0.95,1786,93,0.5050505050505051,0.0241573033707865,49,0.0274356103023516,45,0,0.0816326530612244,1.0,1.0,0.9747474747474748,0.0230076641393065,0.0137273839397605,0.0084079854932904,0.0137273839397605,0.8902106611210978,0.2724253268022985,anchor_densenet121_unweighted_bce_seed2026,T1_2015,densenet121,Pleural Effusion
1.0,1879,0,0.0,0.0,99,0.0526875997871208,75,9,0.2424242424242424,0.994943820224719,0.7272727272727273,0.9593716143011918,0.0340250363306129,0.0169022221321675,0.0152489656603291,0.0169022221321675,0.9318777664283282,0.5488236932390225,anchor_densenet121_unweighted_bce_seed2026,T1_2015,densenet121,Pleural Effusion
0.5,940,939,0.9863945578231292,0.4584295612009237,2,0.002127659574468,2,0,0.0,1.0,,0.997872340425532,0.0021225088943712,0.0031305912568759,0.0030762641016948,0.0031305912568759,0.8869936034115139,0.0157129455909943,anchor_densenet121_unweighted_bce_seed2026,T1_2015,densenet121,Cardiomegaly
0.55,1034,845,0.9659863945578232,0.4058891454965358,5,0.0048355899419729,5,0,0.0,1.0,,0.995164410058027,0.0047552672346094,0.0037941573570731,0.0015829366963263,0.0037941573570731,0.8965014577259476,0.0337479649066917,anchor_densenet121_unweighted_bce_seed2026,T1_2015,densenet121,Cardiomegaly
0.6,1128,751,0.9523809523809524,0.3527713625866051,7,0.0062056737588652,7,0,0.0,1.0,,0.9937943262411348,0.0061037759731663,0.0038225810502363,0.0018043383387914,0.0038225810502363,0.856760545431375,0.024521793309339,anchor_densenet121_unweighted_bce_seed2026,T1_2015,densenet121,Cardiomegaly
0.65,1222,657,0.9455782312925172,0.2990762124711316,8,0.0065466448445171,8,0,0.0,1.0,,0.9934533551554828,0.0064816668771862,0.0059824527969885,0.003536527625814,0.0059824527969885,0.8164126853377265,0.0304704766419771,anchor_densenet121_unweighted_bce_seed2026,T1_2015,densenet121,Cardiomegaly
0.7,1316,563,0.9319727891156464,0.2459584295612009,10,0.0075987841945288,10,0,0.0,1.0,,0.9924012158054712,0.0075478091784007,0.0059953511879768,0.0051689498115183,0.0059953511879768,0.803062787136294,0.0279635324763917,anchor_densenet121_unweighted_bce_seed2026,T1_2015,densenet121,Cardiomegaly
0.75,1410,469,0.8775510204081632,0.1963048498845265,18,0.0127659574468085,18,0,0.0,1.0,,0.9872340425531916,0.0122442186234002,0.0069166832357473,0.0034734248797944,0.0069166832357473,0.8522310025542783,0.0748848399641092,anchor_densenet121_unweighted_bce_seed2026,T1_2015,densenet121,Cardiomegaly
0.8,1504,375,0.8299319727891157,0.1460739030023094,25,0.0166223404255319,24,0,0.04,1.0,1.0,0.9840319361277444,0.0152728579627545,0.0057619253439429,0.0050757808271458,0.0057619253439429,0.8505611899932387,0.1125346202814913,anchor_densenet121_unweighted_bce_seed2026,T1_2015,densenet121,Cardiomegaly
0.8500000000000001,1598,281,0.6938775510204082,0.1033487297921478,45,0.0281602002503128,42,0,0.0666666666666666,1.0,1.0,0.973667711598746,0.0237187536101155,0.0083912083360708,0.0075463602944126,0.0083912083360708,0.884925234313515,0.2575023022374634,anchor_densenet121_unweighted_bce_seed2026,T1_2015,densenet121,Cardiomegaly
0.9,1692,187,0.54421768707483,0.0617782909930716,67,0.0395981087470449,57,3,0.1492537313432835,0.9981538461538462,0.7692307692307693,0.96605122096486,0.0310583471684204,0.0110870367271773,0.0099587645282612,0.0110870367271773,0.892812858783008,0.3384722252479061,anchor_densenet121_unweighted_bce_seed2026,T1_2015,densenet121,Cardiomegaly
0.95,1786,93,0.2857142857142857,0.0294457274826789,105,0.0587905935050391,76,16,0.2761904761904762,0.9904818560380726,0.6444444444444445,0.9563469270534176,0.041480637615608,0.0107613908870548,0.0114949777469973,0.0107613908870548,0.9102206736353076,0.4528464511465739,anchor_densenet121_unweighted_bce_seed2026,T1_2015,densenet121,Cardiomegaly
1.0,1879,0,0.0,0.0,147,0.0782331027142096,101,37,0.3129251700680272,0.9786374133949192,0.5542168674698795,0.9437639198218264,0.0520526089652349,0.0127692152877368,0.0131644873556191,0.0127692152877368,0.915352861698952,0.4917644295041819,anchor_densenet121_unweighted_bce_seed2026,T1_2015,densenet121,Cardiomegaly
0.5,1994,1993,0.9774011299435028,0.4776902887139108,4,0.0020060180541624,4,0,0.0,1.0,,0.9979939819458375,0.0020074694824057,0.0024227659603806,0.0016414404525855,0.0024227659603806,0.5850502512562814,0.0028516563881485,anchor_densenet121_unweighted_bce_seed2026,T2_2016,densenet121,Pleural Effusion
0.55,2193,1794,0.9717514124293786,0.4257217847769028,5,0.0022799817601459,5,0,0.0,1.0,,0.997720018239854,0.0022797753965806,0.0032506421140645,0.0018429534753544,0.0032506421140645,0.6228976234003656,0.0089041146537436,anchor_densenet121_unweighted_bce_seed2026,T2_2016,densenet121,Pleural Effusion
0.6,2393,1594,0.9378531073446328,0.3748031496062992,11,0.0045967404931048,11,0,0.0,1.0,,0.9954032595068952,0.0045514146232449,0.0041886281469822,8.506465561585169e-05,0.0041886281469822,0.7870391573162354,0.0285075013967275,anchor_densenet121_unweighted_bce_seed2026,T2_2016,densenet121,Pleural Effusion
0.65,2592,1395,0.9265536723163842,0.3230971128608924,13,0.0050154320987654,13,0,0.0,1.0,,0.9949845679012346,0.0049672203608834,0.0036192903768366,0.0003374091257559,0.0036192903768366,0.7620425328839443,0.0147810041154957,anchor_densenet121_unweighted_bce_seed2026,T2_2016,densenet121,Pleural Effusion
0.7,2791,1196,0.8813559322033898,0.2729658792650918,21,0.0075241848799713,21,0,0.0,1.0,,0.9924758151200288,0.0074004408363225,0.0044753945022,0.001335709353102,0.0044753945022,0.8096871239470518,0.036412799199874,anchor_densenet121_unweighted_bce_seed2026,T2_2016,densenet121,Pleural Effusion
0.75,2991,996,0.8700564971751412,0.220997375328084,23,0.0076897358742895,23,0,0.0,1.0,,0.9923102641257104,0.0075773333668651,0.0037744312282245,0.0004459913109781,0.0037744312282245,0.7739438063986874,0.0263527325574737,anchor_densenet121_unweighted_bce_seed2026,T2_2016,densenet121,Pleural Effusion
0.8,3190,797,0.8305084745762712,0.1706036745406824,30,0.0094043887147335,30,0,0.0,1.0,,0.9905956112852664,0.009219645218763,0.0039157112841027,0.0007980740556148,0.0039157112841027,0.7853639240506329,0.0394219235122391,anchor_densenet121_unweighted_bce_seed2026,T2_2016,densenet121,Pleural Effusion
0.8500000000000001,3389,598,0.7570621468926554,0.1217847769028871,43,0.0126881085866037,43,0,0.0,1.0,,0.9873118914133964,0.0122994160310195,0.0049097942009482,0.0021570444636884,0.0049097942009482,0.8110412988782163,0.0503339180158785,anchor_densenet121_unweighted_bce_seed2026,T2_2016,densenet121,Pleural Effusion
0.9,3589,398,0.6271186440677966,0.0753280839895013,66,0.0183895235441627,64,0,0.0303030303030303,1.0,1.0,0.9821577920267632,0.0169353969217755,0.0071264807329876,0.0042767813193097,0.0071264807329876,0.8428336730919757,0.1222997431921338,anchor_densenet121_unweighted_bce_seed2026,T2_2016,densenet121,Pleural Effusion
0.95,3788,199,0.384180790960452,0.0343832020997375,109,0.0287750791974656,106,3,0.0275229357798165,0.9991845610220168,0.5,0.9719725013220518,0.0255358548250556,0.0104183822356035,0.0089059216506315,0.0104183822356035,0.8768350494126096,0.2247086259298925,anchor_densenet121_unweighted_bce_seed2026,T2_2016,densenet121,Pleural Effusion
1.0,3987,0,0.0,0.0,177,0.0443942814145974,142,32,0.1977401129943503,0.9916010498687664,0.5223880597014925,0.9637755102040816,0.035614121952704,0.0064259085050663,0.0137716085279319,0.0064259085050663,0.9005108471610541,0.3309386445250915,anchor_densenet121_unweighted_bce_seed2026,T2_2016,densenet121,Pleural Effusion
0.5,1994,1993,0.966824644549763,0.4446002805049088,14,0.0070210631895687,14,0,0.0,1.0,,0.9929789368104311,0.0068992960746469,0.0045811938682506,0.0005658261436845,0.0045811938682506,0.8514069264069264,0.0326344814662141,anchor_densenet121_unweighted_bce_seed2026,T2_2016,densenet121,Cardiomegaly
0.55,2193,1794,0.9597156398104264,0.3896213183730715,17,0.0077519379844961,17,0,0.0,1.0,,0.992248062015504,0.0076281676137974,0.0054367513138277,0.0001793950507345,0.0054367513138277,0.8048902465397924,0.0204557915102165,anchor_densenet121_unweighted_bce_seed2026,T2_2016,densenet121,Cardiomegaly
0.6,2393,1594,0.9454976303317536,0.335203366058906,23,0.0096113664855829,23,0,0.0,1.0,,0.9903886335144172,0.0094268672700343,0.0035567607648314,0.0002274027267822,0.0035567607648314,0.7946523573656209,0.0258190689043294,anchor_densenet121_unweighted_bce_seed2026,T2_2016,densenet121,Cardiomegaly
0.65,2592,1395,0.914691943127962,0.2830294530154277,36,0.0138888888888888,36,0,0.0,1.0,,0.9861111111111112,0.0134317551410556,0.0057887567728571,0.0016472487606936,0.0057887567728571,0.8203844983481133,0.0530949494752344,anchor_densenet121_unweighted_bce_seed2026,T2_2016,densenet121,Cardiomegaly
0.7,2791,1196,0.8862559241706162,0.2305750350631136,48,0.0171981368685059,48,0,0.0,1.0,,0.982801863131494,0.0165151964451485,0.0048121205806853,0.0017340032854966,0.0048121205806853,0.8150405577834487,0.0550997356781174,anchor_densenet121_unweighted_bce_seed2026,T2_2016,densenet121,Cardiomegaly
0.75,2991,996,0.8199052132701422,0.182328190743338,76,0.0254095620193915,75,0,0.0131578947368421,1.0,1.0,0.9749163879598662,0.0233865197679665,0.0084898615704059,0.0052233498639404,0.0084898615704059,0.8435361559989167,0.1362852750712448,anchor_densenet121_unweighted_bce_seed2026,T2_2016,densenet121,Cardiomegaly
0.8,3190,797,0.7606635071090048,0.1335203366058906,101,0.0316614420062695,98,0,0.0297029702970297,1.0,1.0,0.9692500784436774,0.0282529258035733,0.0085838009310093,0.0059333963891882,0.0085838009310093,0.8418662196423592,0.1702581609335654,anchor_densenet121_unweighted_bce_seed2026,T2_2016,densenet121,Cardiomegaly
0.8500000000000001,3389,598,0.6374407582938388,0.0922861150070126,153,0.0451460607848923,142,2,0.0718954248366013,0.99938195302843,0.8461538461538461,0.9579383886255924,0.0371336466101705,0.0099575421588089,0.007781150477932,0.0099575421588089,0.8657434337558674,0.2946108541830247,anchor_densenet121_unweighted_bce_seed2026,T2_2016,densenet121,Cardiomegaly
0.9,3589,398,0.476303317535545,0.0552594670406732,221,0.0615770409584842,190,6,0.1402714932126696,0.9982185273159144,0.8378378378378378,0.946509009009009,0.0458533776196231,0.0106105929639458,0.0091327371703204,0.0106105929639458,0.8809080136713922,0.3883051071993,anchor_densenet121_unweighted_bce_seed2026,T2_2016,densenet121,Cardiomegaly
0.95,3788,199,0.2511848341232227,0.0260869565217391,316,0.0834213305174234,256,19,0.189873417721519,0.9945276497695852,0.759493670886076,0.9309787004583444,0.056200975741762,0.0142131329136627,0.0126325105309069,0.0142131329136627,0.8971017689435921,0.4940153994170378,anchor_densenet121_unweighted_bce_seed2026,T2_2016,densenet121,Cardiomegaly
1.0,3987,0,0.0,0.0,422,0.1058439929771758,314,46,0.2559241706161137,0.9870967741935484,0.7012987012987013,0.918079833028959,0.0657147546461005,0.0169836615162419,0.0144771743745194,0.0169836615162419,0.9050298119553586,0.549034945682111,anchor_densenet121_unweighted_bce_seed2026,T2_2016,densenet121,Cardiomegaly
0.5,1218,1218,0.9176470588235294,0.4849000425350914,7,0.0057471264367816,7,0,0.0,1.0,,0.9942528735632185,0.0057164623308777,0.0053533969295237,0.0021200950937238,0.0053533969295237,0.582104518107821,0.0089242174655269,anchor_densenet121_unweighted_bce_seed2026,T3_2017,densenet121,Pleural Effusion
0.55,1340,1096,0.9058823529411764,0.433432581880051,8,0.0059701492537313,8,0,0.0,1.0,,0.9940298507462688,0.0059370305036552,0.0047916063177051,0.0018778857302421,0.0047916063177051,0.5784534534534534,0.0085433620040098,anchor_densenet121_unweighted_bce_seed2026,T3_2017,densenet121,Pleural Effusion
0.6,1462,974,0.8823529411764706,0.3823904721395151,10,0.0068399452804377,10,0,0.0,1.0,,0.9931600547195624,0.00679022523499,0.0040706029938496,0.0022014410435011,0.0040706029938496,0.615461432506887,0.0147407921857601,anchor_densenet121_unweighted_bce_seed2026,T3_2017,densenet121,Pleural Effusion
0.65,1584,852,0.8823529411764706,0.3304976605699702,10,0.0063131313131313,10,0,0.0,1.0,,0.9936868686868688,0.0062798859893758,0.0051060370173254,0.0010465510481159,0.0051060370173254,0.5677573062261754,0.0081627273228271,anchor_densenet121_unweighted_bce_seed2026,T3_2017,densenet121,Pleural Effusion
0.7,1706,730,0.8588235294117647,0.2794555508294343,12,0.0070339976553341,12,0,0.0,1.0,,0.992966002344666,0.0069845617008363,0.0039403447102054,0.0010354309086223,0.0039403447102054,0.5997146792601338,0.0116558637929474,anchor_densenet121_unweighted_bce_seed2026,T3_2017,densenet121,Pleural Effusion
0.75,1827,609,0.8235294117647058,0.2292641429179072,15,0.0082101806239737,15,0,0.0,1.0,,0.9917898193760264,0.0081243930058058,0.005106047075828,0.0012944166721357,0.005106047075828,0.6425864606328182,0.020386831821523,anchor_densenet121_unweighted_bce_seed2026,T3_2017,densenet121,Pleural Effusion
0.8,1949,487,0.7647058823529411,0.1794980859208847,20,0.0102616726526423,20,0,0.0,1.0,,0.9897383273473576,0.0100787078739638,0.0042103870038689,0.0021381509595915,0.0042103870038689,0.6995075168481077,0.0434298679399335,anchor_densenet121_unweighted_bce_seed2026,T3_2017,densenet121,Pleural Effusion
0.8500000000000001,2071,365,0.6941176470588235,0.1301573798383666,26,0.0125543215837759,26,0,0.0,1.0,,0.987445678416224,0.0122514800229314,0.0052012280270525,0.0028396287527365,0.0052012280270525,0.7323114538273462,0.0406616552157291,anchor_densenet121_unweighted_bce_seed2026,T3_2017,densenet121,Pleural Effusion
0.9,2193,243,0.611764705882353,0.081242024670353,33,0.015047879616963,33,0,0.0,1.0,,0.9849521203830368,0.0145547416617237,0.0044980866210666,0.0029109862700573,0.0044980866210666,0.7546576879910214,0.0574968299879197,anchor_densenet121_unweighted_bce_seed2026,T3_2017,densenet121,Pleural Effusion
0.95,2315,121,0.4588235294117647,0.0348787749893662,46,0.0198704103671706,46,1,0.0,0.999559277214632,0.0,0.9801210025929128,0.019076975935308,0.0050999191596693,0.003241118762972,0.0050999191596693,0.7926495104144711,0.0916087004631539,anchor_densenet121_unweighted_bce_seed2026,T3_2017,densenet121,Pleural Effusion
1.0,2436,0,0.0,0.0,85,0.0348932676518883,66,16,0.2235294117647059,0.9931943853679286,0.5428571428571428,0.9725114535610162,0.0278023872281256,0.0085221019234012,0.0067496510721094,0.0085221019234012,0.8681011834763681,0.3209704723246149,anchor_densenet121_unweighted_bce_seed2026,T3_2017,densenet121,Pleural Effusion
0.5,1218,1218,0.9767441860465116,0.443526170798898,6,0.0049261083743842,6,0,0.0,1.0,,0.9950738916256158,0.0048941487901026,0.0031508437144892,0.0015333843500046,0.0031508437144892,0.7043454345434543,0.0151477255581501,anchor_densenet121_unweighted_bce_seed2026,T3_2017,densenet121,Cardiomegaly
0.55,1340,1096,0.9689922480620154,0.3884297520661157,8,0.0059701492537313,8,0,0.0,1.0,,0.9940298507462688,0.0059176271027896,0.0043926512715649,0.0019786619122571,0.0043926512715649,0.7240990990990991,0.023331604514543,anchor_densenet121_unweighted_bce_seed2026,T3_2017,densenet121,Cardiomegaly
0.6,1462,974,0.9573643410852714,0.3337924701561065,11,0.0075239398084815,11,0,0.0,1.0,,0.9924760601915183,0.0074366443804134,0.003315457999203,0.0022443012766305,0.003315457999203,0.7389887851638368,0.0200080580750616,anchor_densenet121_unweighted_bce_seed2026,T3_2017,densenet121,Cardiomegaly
0.65,1584,852,0.9263565891472868,0.2814508723599632,19,0.0119949494949494,19,0,0.0,1.0,,0.9880050505050504,0.0116178044962156,0.0054315958074188,0.0001677880534017,0.0054315958074188,0.8052127122919119,0.0597663878814977,anchor_densenet121_unweighted_bce_seed2026,T3_2017,densenet121,Cardiomegaly
0.7,1706,730,0.8875968992248062,0.2300275482093663,29,0.0169988276670574,29,0,0.0,1.0,,0.9830011723329426,0.0162197426621139,0.0047026689465341,0.0015587333823441,0.0047026689465341,0.824851438323772,0.0681140729040136,anchor_densenet121_unweighted_bce_seed2026,T3_2017,densenet121,Cardiomegaly
0.75,1827,609,0.8410852713178295,0.179981634527089,41,0.0224411603721948,41,0,0.0,1.0,,0.9775588396278052,0.021044597365177,0.0066399365363346,0.0026527181926341,0.0066399365363346,0.8340207030289788,0.1014942986795903,anchor_densenet121_unweighted_bce_seed2026,T3_2017,densenet121,Cardiomegaly
0.8,1949,487,0.7713178294573644,0.1322314049586777,59,0.030271934325295,58,1,0.0169491525423728,0.9994708994708996,0.5,0.970210580380072,0.0276086723063311,0.0068546672405834,0.0044380792303382,0.0068546672405834,0.846018294323379,0.1441500540238295,anchor_densenet121_unweighted_bce_seed2026,T3_2017,densenet121,Cardiomegaly
0.8500000000000001,2071,365,0.6589147286821705,0.0895316804407713,88,0.042491549975857,82,3,0.0681818181818181,0.9984871406959152,0.6666666666666666,0.9602327837051406,0.0359794643865417,0.008787894645775,0.007301670470815,0.008787894645775,0.864160706917893,0.2363994780533737,anchor_densenet121_unweighted_bce_seed2026,T3_2017,densenet121,Cardiomegaly
0.9,2193,243,0.4689922480620155,0.0560146923783287,137,0.0624715002279981,114,8,0.1678832116788321,0.9961089494163424,0.7419354838709677,0.9472710453283996,0.0457198663506421,0.0111773895857865,0.0098616225934577,0.0111773895857865,0.8902748587009003,0.4118811170035601,anchor_densenet121_unweighted_bce_seed2026,T3_2017,densenet121,Cardiomegaly
0.95,2315,121,0.2364341085271318,0.0275482093663911,197,0.085097192224622,149,20,0.2436548223350254,0.9905571293673276,0.7058823529411765,0.9336893635959056,0.0558253279333815,0.0131487411342774,0.0122270301064842,0.0131487411342774,0.9044640332082272,0.5018977022380798,anchor_densenet121_unweighted_bce_seed2026,T3_2017,densenet121,Cardiomegaly
1.0,2436,0,0.0,0.0,258,0.105911330049261,186,42,0.2790697674418604,0.9807162534435262,0.631578947368421,0.9198966408268734,0.0653911374590895,0.0140577456825477,0.0124181904593002,0.0140577456825477,0.9080267082381248,0.5363308471538297,anchor_densenet121_unweighted_bce_seed2026,T3_2017,densenet121,Cardiomegaly
0.5,940,939,0.98989898989899,0.4724719101123595,1,0.001063829787234,1,0,0.0,1.0,,0.998936170212766,0.0010608794754578,0.0025207310620239,0.0014464645309651,0.0025207310620239,0.9547390841320552,0.0227272727272727,anchor_densenet121_unweighted_bce_seed42,T1_2015,densenet121,Pleural Effusion
0.55,1034,845,0.9797979797979798,0.4202247191011236,2,0.0019342359767891,2,0,0.0,1.0,,0.9980657640232108,0.0019221021217894,0.0025205158139781,0.0009344301039688,0.0025205158139781,0.925872093023256,0.0335621662852784,anchor_densenet121_unweighted_bce_seed42,T1_2015,densenet121,Pleural Effusion
0.6,1128,751,0.9595959595959596,0.3685393258426966,4,0.0035460992907801,4,0,0.0,1.0,,0.99645390070922,0.0035128421486754,0.0043119386653622,0.0002457796321877,0.0043119386653622,0.8984653024911031,0.0227939181979372,anchor_densenet121_unweighted_bce_seed42,T1_2015,densenet121,Pleural Effusion
0.65,1222,657,0.9494949494949496,0.3162921348314607,5,0.0040916530278232,5,0,0.0,1.0,,0.9959083469721768,0.004053672020774,0.0036972757570259,0.000276384162968,0.0036972757570259,0.8497945768282662,0.0156041480577867,anchor_densenet121_unweighted_bce_seed42,T1_2015,densenet121,Pleural Effusion
0.7,1316,563,0.9292929292929292,0.2646067415730337,7,0.0053191489361702,7,0,0.0,1.0,,0.9946808510638298,0.0052587093816396,0.0033448654594781,0.0008838602163373,0.0033448654594781,0.8358616173742224,0.0192910854671765,anchor_densenet121_unweighted_bce_seed42,T1_2015,densenet121,Pleural Effusion
0.75,1410,469,0.8787878787878788,0.2146067415730337,12,0.0085106382978723,12,0,0.0,1.0,,0.9914893617021276,0.0083523692321613,0.0059409121168258,0.0032961152394876,0.0059409121168258,0.8647770624701956,0.0612931353355151,anchor_densenet121_unweighted_bce_seed42,T1_2015,densenet121,Pleural Effusion
0.8,1504,375,0.8787878787878788,0.1617977528089887,12,0.0079787234042553,12,0,0.0,1.0,,0.9920212765957448,0.0078597278919498,0.0036837387791858,0.001741170902994,0.0036837387791858,0.8102937890974083,0.0226702355371342,anchor_densenet121_unweighted_bce_seed42,T1_2015,densenet121,Pleural Effusion
0.8500000000000001,1598,281,0.8080808080808081,0.1129213483146067,19,0.0118898623279098,19,0,0.0,1.0,,0.98811013767209,0.0115498175310256,0.0061546117445431,0.0040686805388693,0.0061546117445431,0.8423885870470983,0.1054328026926963,anchor_densenet121_unweighted_bce_seed42,T1_2015,densenet121,Pleural Effusion
0.9,1692,187,0.696969696969697,0.0662921348314606,30,0.0177304964539007,29,0,0.0333333333333333,1.0,1.0,0.982850384387936,0.0163811695085554,0.0088050198607365,0.0066010220445269,0.0088050198607365,0.8620336943441637,0.1280210402948276,anchor_densenet121_unweighted_bce_seed42,T1_2015,densenet121,Pleural Effusion
0.95,1786,93,0.5252525252525253,0.0230337078651685,47,0.0263157894736842,44,2,0.0638297872340425,0.9988499137435308,0.6,0.9752947782144864,0.023349350515789,0.009505430252298,0.0086811327616384,0.009505430252298,0.8816206428248076,0.2245461166812254,anchor_densenet121_unweighted_bce_seed42,T1_2015,densenet121,Pleural Effusion
1.0,1879,0,0.0,0.0,99,0.0526875997871208,78,14,0.2121212121212121,0.9921348314606742,0.6,0.9577006507592192,0.0360087608586671,0.0154897232872407,0.0173247335751269,0.0154897232872407,0.9293468391782996,0.4899212934869247,anchor_densenet121_unweighted_bce_seed42,T1_2015,densenet121,Pleural Effusion
0.5,940,939,0.979591836734694,0.4590069284064665,3,0.0031914893617021,3,0,0.0,1.0,,0.996808510638298,0.0031650999144491,0.0027845526726525,0.0014476686636818,0.0027845526726525,0.8443614372109569,0.027071333457203,anchor_densenet121_unweighted_bce_seed42,T1_2015,densenet121,Cardiomegaly
0.55,1034,845,0.9727891156462584,0.4053117782909931,4,0.0038684719535783,4,0,0.0,1.0,,0.9961315280464216,0.0038408709825459,0.0026948903023032,0.0018339407336636,0.0026948903023032,0.8053398058252428,0.0132607565731414,anchor_densenet121_unweighted_bce_seed42,T1_2015,densenet121,Cardiomegaly
0.6,1128,751,0.9591836734693876,0.3521939953810623,6,0.0053191489361702,6,0,0.0,1.0,,0.9946808510638298,0.0052497563058959,0.0029476253568245,0.0017398365951598,0.0029476253568245,0.8205585264408795,0.0396243809711411,anchor_densenet121_unweighted_bce_seed42,T1_2015,densenet121,Cardiomegaly
0.65,1222,657,0.9319727891156464,0.3002309468822171,10,0.0081833060556464,10,0,0.0,1.0,,0.9918166939443536,0.0079971806617869,0.0039952140088164,0.0007016659057325,0.0039952140088164,0.8378300330033003,0.0373799740863518,anchor_densenet121_unweighted_bce_seed42,T1_2015,densenet121,Cardiomegaly
0.7,1316,563,0.91156462585034,0.2476905311778291,13,0.0098784194528875,13,0,0.0,1.0,,0.9901215805471124,0.0096618738177444,0.0042669656606869,0.0013221147269191,0.0042669656606869,0.8166656827439637,0.0305248275179637,anchor_densenet121_unweighted_bce_seed42,T1_2015,densenet121,Cardiomegaly
0.75,1410,469,0.8707482993197279,0.1968822170900692,19,0.0134751773049645,19,0,0.0,1.0,,0.9865248226950356,0.0129957331341887,0.0045109490291397,0.0008360627497024,0.0045109490291397,0.830224374739869,0.072321769978026,anchor_densenet121_unweighted_bce_seed42,T1_2015,densenet121,Cardiomegaly
0.8,1504,375,0.8163265306122449,0.1472286374133949,27,0.0179521276595744,26,0,0.037037037037037,1.0,1.0,0.98270126413839,0.0165813461830271,0.0026158750772199,0.0013587962776581,0.0026158750772199,0.8350635672910554,0.0992590385110796,anchor_densenet121_unweighted_bce_seed42,T1_2015,densenet121,Cardiomegaly
0.8500000000000001,1598,281,0.7346938775510204,0.0998845265588914,39,0.0244055068836045,38,0,0.0256410256410256,1.0,1.0,0.976205385097057,0.0221559553566086,0.0093841105929747,0.0014854590309427,0.0093841105929747,0.8490814295817504,0.1407100131738596,anchor_densenet121_unweighted_bce_seed42,T1_2015,densenet121,Cardiomegaly
0.9,1692,187,0.564625850340136,0.0600461893764434,64,0.0378250591016548,57,2,0.109375,0.9987714987714988,0.7777777777777778,0.966131907308378,0.0305187961311482,0.0041936899632508,0.0018082178213213,0.0041936899632508,0.8808353808353808,0.3128274669209046,anchor_densenet121_unweighted_bce_seed42,T1_2015,densenet121,Cardiomegaly
0.95,1786,93,0.272108843537415,0.0306004618937644,107,0.0599104143337066,85,11,0.205607476635514,0.9934484812388328,0.6666666666666666,0.9515116942384484,0.041887223677469,0.0088901142935865,0.0064288111943814,0.0088901142935865,0.9093836451381274,0.4642869079195659,anchor_densenet121_unweighted_bce_seed42,T1_2015,densenet121,Cardiomegaly
1.0,1879,0,0.0,0.0,147,0.0782331027142096,105,33,0.2857142857142857,0.98094688221709,0.56,0.9417960088691796,0.0521209924343222,0.0039300211575655,0.0097426716446432,0.0039300211575655,0.9128529009756328,0.4868484087001699,anchor_densenet121_unweighted_bce_seed42,T1_2015,densenet121,Cardiomegaly
0.5,1994,1993,0.96045197740113,0.4784776902887139,7,0.0035105315947843,7,0,0.0,1.0,,0.9964894684052156,0.0034905291845454,0.0033496704070834,0.0007741526680005,0.0033496704070834,0.752282694658135,0.0125090983073671,anchor_densenet121_unweighted_bce_seed42,T2_2016,densenet121,Pleural Effusion
0.55,2193,1794,0.9322033898305084,0.4275590551181102,12,0.0054719562243502,12,0,0.0,1.0,,0.9945280437756496,0.0054251115420852,0.0050295935865687,0.0023300359092484,0.0050295935865687,0.8005884151001069,0.0555621600985593,anchor_densenet121_unweighted_bce_seed42,T2_2016,densenet121,Pleural Effusion
0.6,2393,1594,0.9209039548022598,0.3755905511811023,14,0.0058503969912244,14,0,0.0,1.0,,0.9941496030087756,0.0058006396651063,0.0034869130171241,0.0022228247825814,0.0034869130171241,0.7607338017174082,0.0142755506008903,anchor_densenet121_unweighted_bce_seed42,T2_2016,densenet121,Pleural Effusion
0.65,2592,1395,0.9096045197740112,0.3238845144356955,16,0.0061728395061728,16,0,0.0,1.0,,0.9938271604938272,0.0061189257529247,0.0050406265117886,0.0019454322295424,0.0050406265117886,0.7356730395962733,0.0162127203209137,anchor_densenet121_unweighted_bce_seed42,T2_2016,densenet121,Pleural Effusion
0.7,2791,1196,0.8757062146892656,0.2732283464566929,22,0.0078824793980652,22,0,0.0,1.0,,0.9921175206019348,0.0077858802779362,0.0051129320284768,0.0029028805964821,0.0051129320284768,0.7594142946255622,0.0213702008510219,anchor_densenet121_unweighted_bce_seed42,T2_2016,densenet121,Pleural Effusion
0.75,2991,996,0.8248587570621468,0.2230971128608924,31,0.0103644266131728,31,0,0.0,1.0,,0.9896355733868272,0.0101842176824799,0.0056620156191618,0.0044090578671007,0.0056620156191618,0.783990845684394,0.0352026569079683,anchor_densenet121_unweighted_bce_seed42,T2_2016,densenet121,Pleural Effusion
0.8,3190,797,0.7796610169491526,0.1729658792650918,39,0.0122257053291536,39,0,0.0,1.0,,0.9877742946708464,0.0119686794653948,0.0074687335198069,0.0049785092843807,0.0074687335198069,0.7842850051672647,0.0351469697502534,anchor_densenet121_unweighted_bce_seed42,T2_2016,densenet121,Pleural Effusion
0.8500000000000001,3389,598,0.7062146892655368,0.1241469816272966,52,0.0153437592210091,52,0,0.0,1.0,,0.9846562407789908,0.0148964828928518,0.006747649418907,0.0061871092887438,0.006747649418907,0.7977974228348816,0.0785080343972954,anchor_densenet121_unweighted_bce_seed42,T2_2016,densenet121,Pleural Effusion
0.9,3589,398,0.632768361581921,0.0750656167979002,65,0.0181108943995541,63,0,0.0307692307692307,1.0,1.0,0.9824365765263452,0.0169571509153906,0.0059729678337115,0.0053176604780659,0.0059729678337115,0.8005588055531303,0.0900267256055405,anchor_densenet121_unweighted_bce_seed42,T2_2016,densenet121,Pleural Effusion
0.95,3788,199,0.4293785310734463,0.0322834645669291,101,0.026663146779303,91,3,0.099009900990099,0.999186330349878,0.7692307692307693,0.9758940397350994,0.0230107869573367,0.0069113890744928,0.0061054287631745,0.0069113890744928,0.8437888540684825,0.2224732934124479,anchor_densenet121_unweighted_bce_seed42,T2_2016,densenet121,Pleural Effusion
1.0,3987,0,0.0,0.0,177,0.0443942814145974,145,30,0.1807909604519774,0.9921259842519684,0.5161290322580645,0.9630573248407645,0.0341022302502801,0.006023104423789,0.0114639691302119,0.006023104423789,0.8905867698741048,0.3776835777619509,anchor_densenet121_unweighted_bce_seed42,T2_2016,densenet121,Pleural Effusion
0.5,1994,1993,0.9644549763033176,0.4448807854137447,15,0.0075225677031093,15,0,0.0,1.0,,0.9924774322968908,0.0073773032661659,0.0053649557564186,0.0018051877307706,0.0053649557564186,0.8829375105272023,0.0561246512253753,anchor_densenet121_unweighted_bce_seed42,T2_2016,densenet121,Cardiomegaly
0.55,2193,1794,0.9502369668246444,0.3907433380084151,21,0.0095759233926128,21,0,0.0,1.0,,0.9904240766073872,0.0093684419462765,0.0056685386603015,0.0024129389320205,0.0056685386603015,0.8475839691309305,0.0343646788320162,anchor_densenet121_unweighted_bce_seed42,T2_2016,densenet121,Cardiomegaly
0.6,2393,1594,0.9289099526066352,0.3371669004207573,30,0.0125365649811951,30,0,0.0,1.0,,0.9874634350188048,0.0121865957881358,0.005872760507649,0.0034988523922888,0.005872760507649,0.837974326421216,0.0510449583042865,anchor_densenet121_unweighted_bce_seed42,T2_2016,densenet121,Cardiomegaly
0.65,2592,1395,0.9028436018957346,0.2844319775596073,41,0.0158179012345679,41,0,0.0,1.0,,0.984182098765432,0.0152697697868244,0.0070551906567597,0.0043914561378367,0.0070551906567597,0.8279345259152318,0.0642975478567534,anchor_densenet121_unweighted_bce_seed42,T2_2016,densenet121,Cardiomegaly
0.7,2791,1196,0.8696682464454977,0.2325385694249649,55,0.019706198495163,55,0,0.0,1.0,,0.980293801504837,0.0188610653096247,0.0075350056507246,0.0052596745233073,0.0075350056507246,0.8217470760233918,0.0691606698567868,anchor_densenet121_unweighted_bce_seed42,T2_2016,densenet121,Cardiomegaly
0.75,2991,996,0.8341232227488151,0.1806451612903225,70,0.023403543965229,70,0,0.0,1.0,,0.976596456034771,0.0222169608647069,0.0069719803041897,0.0049801580470886,0.0069719803041897,0.8138039810241111,0.0812828629242893,anchor_densenet121_unweighted_bce_seed42,T2_2016,densenet121,Cardiomegaly
0.8,3190,797,0.7654028436018957,0.1329593267882187,99,0.0310344827586206,98,0,0.0101010101010101,1.0,1.0,0.969269363436814,0.0284307508215674,0.009114078521257,0.0070339556182019,0.009114078521257,0.8299020617040676,0.1282616750730473,anchor_densenet121_unweighted_bce_seed42,T2_2016,densenet121,Cardiomegaly
0.8500000000000001,3389,598,0.6587677725118484,0.0897615708274894,144,0.0424904101504868,139,0,0.0347222222222222,1.0,1.0,0.9589243498817966,0.0365163590519932,0.0123814260105496,0.0100946876125046,0.0123814260105496,0.8500128402670775,0.2236413000140298,anchor_densenet121_unweighted_bce_seed42,T2_2016,densenet121,Cardiomegaly
0.9,3589,398,0.481042654028436,0.0546984572230014,219,0.0610197826692672,195,8,0.1095890410958904,0.997626112759644,0.75,0.945178521225752,0.0469996957472458,0.0148506749407377,0.0147163625578215,0.0148506749407377,0.8762299635516171,0.3713371835609889,anchor_densenet121_unweighted_bce_seed42,T2_2016,densenet121,Cardiomegaly
0.95,3788,199,0.2677725118483412,0.0241234221598878,309,0.0815733896515311,248,17,0.1974110032362459,0.9951135383730956,0.782051282051282,0.933153638814016,0.0557226473339308,0.0165174933564348,0.0161386360453664,0.0165174933564348,0.8919629659603483,0.4836428692098257,anchor_densenet121_unweighted_bce_seed42,T2_2016,densenet121,Cardiomegaly
1.0,3987,0,0.0,0.0,422,0.1058439929771758,304,58,0.2796208530805687,0.9837307152875177,0.6704545454545454,0.9202309105221728,0.0656602326687318,0.0195129511066082,0.0189950319326122,0.0195129511066082,0.9040816123049926,0.5526300696856027,anchor_densenet121_unweighted_bce_seed42,T2_2016,densenet121,Cardiomegaly
0.5,1218,1218,0.9529411764705882,0.483623989791578,4,0.0032840722495894,4,0,0.0,1.0,,0.9967159277504104,0.0032706138146977,0.0032592054520701,0.0005688380705397,0.0032592054520701,0.6361202635914334,0.0876124961624554,anchor_densenet121_unweighted_bce_seed42,T3_2017,densenet121,Pleural Effusion
0.55,1340,1096,0.9411764705882352,0.4321565291365376,5,0.003731343283582,5,0,0.0,1.0,,0.996268656716418,0.0037126111152738,0.0037523951498294,0.000650343339223,0.0037523951498294,0.659250936329588,0.0145509798436948,anchor_densenet121_unweighted_bce_seed42,T3_2017,densenet121,Pleural Effusion
0.6,1462,974,0.8823529411764706,0.3823904721395151,10,0.0068399452804377,10,0,0.0,1.0,,0.9931600547195624,0.0067720210041702,0.0058785016652771,0.0033347185901155,0.0058785016652771,0.7849517906336089,0.0453873110359346,anchor_densenet121_unweighted_bce_seed42,T3_2017,densenet121,Pleural Effusion
0.65,1584,852,0.8588235294117647,0.3313483623989791,12,0.0075757575757575,12,0,0.0,1.0,,0.9924242424242424,0.007495832297374,0.0051885455861264,0.0035548575758708,0.0051885455861264,0.7632527565733673,0.0237468514319254,anchor_densenet121_unweighted_bce_seed42,T3_2017,densenet121,Pleural Effusion
0.7,1706,730,0.8352941176470589,0.2803062526584432,14,0.0082063305978898,14,0,0.0,1.0,,0.9917936694021102,0.0081142705765829,0.0057057852570621,0.0035315275979463,0.0057057852570621,0.7448497129348193,0.0199384290493539,anchor_densenet121_unweighted_bce_seed42,T3_2017,densenet121,Pleural Effusion
0.75,1827,609,0.8352941176470589,0.2288387920034028,14,0.0076628352490421,14,0,0.0,1.0,,0.992337164750958,0.007596696723247,0.0055743237914284,0.002155288306361,0.0055743237914284,0.6951382869750218,0.0136416993466464,anchor_densenet121_unweighted_bce_seed42,T3_2017,densenet121,Pleural Effusion
0.8,1949,487,0.8,0.1782220331773713,17,0.008722421754746,17,0,0.0,1.0,,0.991277578245254,0.0086248602711476,0.004777787903042,0.0021088035261614,0.004777787903042,0.7074655949336257,0.0185634413692774,anchor_densenet121_unweighted_bce_seed42,T3_2017,densenet121,Pleural Effusion
0.8500000000000001,2071,365,0.7647058823529411,0.1276052743513398,20,0.0096571704490584,20,0,0.0,1.0,,0.9903428295509416,0.0095405293122581,0.0057372986814868,0.0014417057974738,0.0057372986814868,0.7113725012189176,0.0203074584524228,anchor_densenet121_unweighted_bce_seed42,T3_2017,densenet121,Pleural Effusion
0.9,2193,243,0.6823529411764706,0.0786899191833262,27,0.0123119015047879,27,0,0.0,1.0,,0.987688098495212,0.012011757043368,0.0038235717076371,0.0015297611976595,0.0038235717076371,0.7517697753154817,0.0597406850672927,anchor_densenet121_unweighted_bce_seed42,T3_2017,densenet121,Pleural Effusion
0.95,2315,121,0.4588235294117647,0.0348787749893662,46,0.0198704103671706,42,1,0.0869565217391304,0.999559277214632,0.8,0.9818181818181818,0.0173711242806409,0.004323075490538,0.0030726813978754,0.004323075490538,0.826910916511775,0.2019686938823465,anchor_densenet121_unweighted_bce_seed42,T3_2017,densenet121,Pleural Effusion
1.0,2436,0,0.0,0.0,85,0.0348932676518883,68,19,0.2,0.9919183326244152,0.4722222222222222,0.9716666666666668,0.0270093467969502,0.0070217248988412,0.0079489909594172,0.0070217248988412,0.8868091175219557,0.358987109224694,anchor_densenet121_unweighted_bce_seed42,T3_2017,densenet121,Pleural Effusion
0.5,1218,1218,0.9844961240310076,0.4426078971533517,4,0.0032840722495894,4,0,0.0,1.0,,0.9967159277504104,0.0032707737438999,0.0043923375120291,0.0023529280653018,0.0043923375120291,0.7162273476112027,0.0926611999292077,anchor_densenet121_unweighted_bce_seed42,T3_2017,densenet121,Cardiomegaly
0.55,1340,1096,0.9806201550387597,0.3870523415977961,5,0.003731343283582,5,0,0.0,1.0,,0.996268656716418,0.0037250282924631,0.0046420132408158,0.0031568940325793,0.0046420132408158,0.7113857677902622,0.0115426804435975,anchor_densenet121_unweighted_bce_seed42,T3_2017,densenet121,Cardiomegaly
0.6,1462,974,0.9573643410852714,0.3337924701561065,11,0.0075239398084815,11,0,0.0,1.0,,0.9924760601915183,0.0073604092504059,0.0051703011724083,0.0009328621871535,0.0051703011724083,0.8226614873754778,0.042735740507276,anchor_densenet121_unweighted_bce_seed42,T3_2017,densenet121,Cardiomegaly
0.65,1584,852,0.9302325581395348,0.2809917355371901,18,0.0113636363636363,18,0,0.0,1.0,,0.9886363636363636,0.0109983945519236,0.0062752060701754,0.0008844897489656,0.0062752060701754,0.8411380729388391,0.0542343468720051,anchor_densenet121_unweighted_bce_seed42,T3_2017,densenet121,Cardiomegaly
0.7,1706,730,0.9031007751937984,0.2281910009182736,25,0.014654161781946,25,0,0.0,1.0,,0.985345838218054,0.0140808990805728,0.008002812396582,0.0014798924335631,0.008002812396582,0.8352171326591314,0.0565737442397259,anchor_densenet121_unweighted_bce_seed42,T3_2017,densenet121,Cardiomegaly
0.75,1827,609,0.8604651162790697,0.1776859504132231,36,0.0197044334975369,36,0,0.0,1.0,,0.9802955665024632,0.0186600589953612,0.0070054965017204,0.0030244461861737,0.0070054965017204,0.8407779638935418,0.0835506907855856,anchor_densenet121_unweighted_bce_seed42,T3_2017,densenet121,Cardiomegaly
0.8,1949,487,0.810077519379845,0.1276400367309458,49,0.0251410979989738,49,0,0.0,1.0,,0.9748589020010262,0.0234780735510391,0.0084010797259844,0.0037233254668222,0.0084010797259844,0.8395435016111708,0.0951863811089675,anchor_densenet121_unweighted_bce_seed42,T3_2017,densenet121,Cardiomegaly
0.8500000000000001,2071,365,0.6744186046511628,0.0876951331496786,84,0.0405601158860453,80,1,0.0476190476190476,0.9994967287367892,0.8,0.9612778315585672,0.0340579266856853,0.0124008263887829,0.0090885695046644,0.0124008263887829,0.8780196275792652,0.2733470976553553,anchor_densenet121_unweighted_bce_seed42,T3_2017,densenet121,Cardiomegaly
0.9,2193,243,0.4844961240310077,0.0541781450872359,133,0.0606475148198814,115,7,0.1353383458646616,0.9966019417475728,0.72,0.9469557195571956,0.0453581280020897,0.0170651534865272,0.0134397752572834,0.0170651534865272,0.8981768742243958,0.3801691387344882,anchor_densenet121_unweighted_bce_seed42,T3_2017,densenet121,Cardiomegaly
0.95,2315,121,0.2480620155038759,0.0261707988980716,194,0.0838012958963282,147,22,0.2422680412371134,0.9896275341819896,0.6811594202898551,0.9345503116651824,0.0554587134220808,0.0179940538214354,0.0154991405603695,0.0179940538214354,0.9108874436780938,0.4886557465322508,anchor_densenet121_unweighted_bce_seed42,T3_2017,densenet121,Cardiomegaly
1.0,2436,0,0.0,0.0,258,0.105911330049261,177,44,0.313953488372093,0.9797979797979798,0.648,0.9234097793163132,0.0648622675404563,0.0179254927077513,0.0159686414069191,0.0179254927077513,0.914696649368954,0.5349413862651651,anchor_densenet121_unweighted_bce_seed42,T3_2017,densenet121,Cardiomegaly
0.5,940,939,0.4747474747474747,0.501123595505618,52,0.0553191489361702,1,42,0.9807692307692308,0.9527027027027029,0.5483870967741935,0.998819362455726,0.0449369018006495,0.0948665689657184,0.0948665694115643,0.0948665689657184,0.9808125433125432,0.6667556371587713,anchor_densenet121_weighted_bce_seed123,T1_2015,densenet121,Pleural Effusion
0.55,1034,845,0.4141414141414141,0.451685393258427,58,0.0560928433268858,1,46,0.9827586206896552,0.9528688524590164,0.5533980582524272,0.9989258861439312,0.0453892998050944,0.0999793335002787,0.0999793290544294,0.0999793335002787,0.9779713114754098,0.6524902142193509,anchor_densenet121_weighted_bce_seed123,T1_2015,densenet121,Pleural Effusion
0.6,1128,751,0.3636363636363636,0.4016853932584269,63,0.0558510638297872,1,54,0.984126984126984,0.9492957746478872,0.5344827586206896,0.99901185770751,0.0485675417977322,0.1083116683933936,0.1083116744453391,0.1083116683933936,0.9763320664729116,0.6430608558122507,anchor_densenet121_weighted_bce_seed123,T1_2015,densenet121,Pleural Effusion
0.65,1222,657,0.3232323232323232,0.351123595505618,67,0.0548281505728314,1,64,0.9850746268656716,0.9445887445887444,0.5076923076923077,0.9990842490842492,0.0525179669554966,0.1180124454697176,0.1180124447091121,0.1180124454697176,0.9753828261290948,0.635978940854508,anchor_densenet121_weighted_bce_seed123,T1_2015,densenet121,Pleural Effusion
0.7,1316,563,0.3131313131313131,0.298876404494382,68,0.0516717325227963,1,82,0.9852941176470588,0.9342948717948718,0.4496644295302013,0.9991431019708654,0.0598806534213921,0.1323025216911792,0.1323025216402253,0.1323025216911792,0.975507871417798,0.6329023987247594,anchor_densenet121_weighted_bce_seed123,T1_2015,densenet121,Pleural Effusion
0.75,1410,469,0.2828282828282828,0.247752808988764,71,0.050354609929078,3,95,0.9577464788732394,0.9290515309932784,0.4171779141104294,0.9975942261427426,0.0653342567788387,0.1427689559599186,0.142768952060253,0.1427689559599186,0.9729880402654912,0.6207122321544524,anchor_densenet121_weighted_bce_seed123,T1_2015,densenet121,Pleural Effusion
0.8,1504,375,0.2424242424242424,0.197191011235955,75,0.0498670212765957,5,114,0.9333333333333332,0.920223932820154,0.3804347826086957,0.9962121212121212,0.072317761786599,0.1550873999119776,0.1550873985632936,0.1550873999119776,0.9690832750174948,0.6052973078623684,anchor_densenet121_weighted_bce_seed123,T1_2015,densenet121,Pleural Effusion
0.8500000000000001,1598,281,0.1919191919191919,0.147191011235955,80,0.0500625782227784,6,134,0.925,0.911725955204216,0.3557692307692308,0.99568345323741,0.0788828289823858,0.1672029851519681,0.1672029889122267,0.1672029851519681,0.9634181488801056,0.5860796187622257,anchor_densenet121_weighted_bce_seed123,T1_2015,densenet121,Pleural Effusion
0.9,1692,187,0.1414141414141414,0.097191011235955,85,0.0502364066193853,8,160,0.9058823529411764,0.9004355942750467,0.3248945147679324,0.9945017182130584,0.086477510830078,0.179974934799557,0.1799749309113403,0.179974934799557,0.9574728211135106,0.5678431430249925,anchor_densenet121_weighted_bce_seed123,T1_2015,densenet121,Pleural Effusion
0.95,1786,93,0.0505050505050505,0.049438202247191,94,0.0526315789473684,11,193,0.8829787234042553,0.8859338061465721,0.3007246376811594,0.9927152317880796,0.0944021705466258,0.1910250548018853,0.1910250536505078,0.1910250548018853,0.9484715306071124,0.540524598087887,anchor_densenet121_weighted_bce_seed123,T1_2015,densenet121,Pleural Effusion
1.0,1879,0,0.0,0.0,99,0.0526875997871208,14,230,0.8585858585858586,0.8707865168539326,0.2698412698412698,0.9910485933503836,0.1018976763214588,0.2034054924260593,0.2034054871027999,0.2034054924260593,0.9413602315287708,0.5235683328695443,anchor_densenet121_weighted_bce_seed123,T1_2015,densenet121,Pleural Effusion
0.5,940,939,0.7551020408163265,0.4780600461893764,36,0.0382978723404255,4,29,0.8888888888888888,0.9679203539823008,0.5245901639344263,0.9954493742889648,0.0324953069174055,0.0672974056544456,0.06729741320014,0.0672974056544456,0.9681815388397246,0.6510101158146566,anchor_densenet121_weighted_bce_seed123,T1_2015,densenet121,Cardiomegaly
0.55,1034,845,0.6938775510204082,0.4289838337182448,45,0.0435203094777562,4,40,0.9111111111111112,0.9595551061678464,0.5061728395061729,0.9958027282266528,0.0389988766641731,0.0788180008116295,0.078818002870627,0.0788180008116295,0.9615324120885294,0.6147980839570283,anchor_densenet121_weighted_bce_seed123,T1_2015,densenet121,Cardiomegaly
0.6,1128,751,0.564625850340136,0.3856812933025404,64,0.0567375886524822,5,58,0.921875,0.9454887218045112,0.5042735042735043,0.9950544015825916,0.0494199157946361,0.0905062745619195,0.0905062673441695,0.0905062745619195,0.955797697368421,0.5808124487993916,anchor_densenet121_weighted_bce_seed123,T1_2015,densenet121,Cardiomegaly
0.65,1222,657,0.4829931972789115,0.3383371824480369,76,0.0621931260229132,6,81,0.9210526315789472,0.9293193717277488,0.4635761589403973,0.9943977591036416,0.0606309043765259,0.1054233536390975,0.1054233697695739,0.1054233536390975,0.950451226233122,0.5620699291589835,anchor_densenet121_weighted_bce_seed123,T1_2015,densenet121,Cardiomegaly
0.7,1316,563,0.3877551020408163,0.2921478060046189,90,0.0683890577507598,9,100,0.9,0.9184339314845024,0.4475138121546961,0.9920704845814978,0.069120140526278,0.1155725785030057,0.1155725885918618,0.1155725785030057,0.9439187964473444,0.5420032801432575,anchor_densenet121_weighted_bce_seed123,T1_2015,densenet121,Cardiomegaly
0.75,1410,469,0.3469387755102041,0.2413394919168591,96,0.0680851063829787,10,126,0.8958333333333334,0.9041095890410958,0.4056603773584906,0.991652754590985,0.0781224379345298,0.1312191036166557,0.1312191060143159,0.1312191036166557,0.9391964738711314,0.5299434972556922,anchor_densenet121_weighted_bce_seed123,T1_2015,densenet121,Cardiomegaly
0.8,1504,375,0.2585034013605442,0.1945727482678984,109,0.0724734042553191,14,149,0.8715596330275229,0.8931899641577061,0.3893442622950819,0.9888888888888888,0.0859439189552367,0.1413491011660377,0.1413490858543268,0.1413491011660377,0.9314590115418764,0.5108905767088662,anchor_densenet121_weighted_bce_seed123,T1_2015,densenet121,Cardiomegaly
0.8500000000000001,1598,281,0.1836734693877551,0.1466512702078521,120,0.0750938673341677,15,181,0.875,0.8775372124492558,0.3671328671328671,0.9885670731707316,0.0943241773451804,0.1544992367157686,0.1544992485187379,0.1544992367157686,0.9241796346414072,0.4950111281143817,anchor_densenet121_weighted_bce_seed123,T1_2015,densenet121,Cardiomegaly
0.9,1692,187,0.1020408163265306,0.0993071593533487,132,0.0780141843971631,17,218,0.8712121212121212,0.8602564102564103,0.3453453453453453,0.9874908020603383,0.102748099374031,0.1666533433871859,0.1666533316685939,0.1666533433871859,0.9165306915306914,0.4794844351011923,anchor_densenet121_weighted_bce_seed123,T1_2015,densenet121,Cardiomegaly
0.95,1786,93,0.0408163265306122,0.050230946882217,141,0.0789473684210526,21,258,0.851063829787234,0.843161094224924,0.3174603174603174,0.9850852272727272,0.1106146740347063,0.1790168326017462,0.1790168457993067,0.1790168326017462,0.9096035698118088,0.4665870970776815,anchor_densenet121_weighted_bce_seed123,T1_2015,densenet121,Cardiomegaly
1.0,1879,0,0.0,0.0,147,0.0782331027142096,23,300,0.8435374149659864,0.8267898383371824,0.2924528301886792,0.9841924398625428,0.1175967116715967,0.1917582993068994,0.1917583166109621,0.1917582993068994,0.9033518719265996,0.4560469493266187,anchor_densenet121_weighted_bce_seed123,T1_2015,densenet121,Cardiomegaly
0.5,1994,1993,0.5423728813559322,0.4979002624671916,81,0.0406218655967903,4,138,0.9506172839506172,0.9278619968635652,0.3581395348837209,0.997751545812254,0.0673376665123201,0.1186448214398164,0.1186448150915033,0.1186448214398164,0.959113408581957,0.4444346315903367,anchor_densenet121_weighted_bce_seed123,T2_2016,densenet121,Pleural Effusion
0.55,2193,1794,0.4915254237288136,0.4480314960629921,90,0.0410396716826265,6,162,0.9333333333333332,0.9229671897289586,0.3414634146341463,0.9969183359013868,0.0715166909911722,0.1268142855132055,0.126814282574422,0.1268142855132055,0.9543060178580864,0.4311914928454966,anchor_densenet121_weighted_bce_seed123,T2_2016,densenet121,Pleural Effusion
0.6,2393,1594,0.4350282485875706,0.3981627296587926,100,0.0417885499373171,7,190,0.93,0.9171391190580026,0.3286219081272085,0.9966824644549764,0.0759677688713729,0.1363804514025214,0.1363804529195692,0.1363804514025214,0.949245529873528,0.418676105338704,anchor_densenet121_weighted_bce_seed123,T2_2016,densenet121,Pleural Effusion
0.65,2592,1395,0.3672316384180791,0.3490813648293963,112,0.0432098765432098,11,223,0.9017857142857144,0.9100806451612904,0.3117283950617284,0.9951499118165784,0.0817645577440729,0.1459237967544511,0.145923796331188,0.1459237967544511,0.9435537874423964,0.4052571866613237,anchor_densenet121_weighted_bce_seed123,T2_2016,densenet121,Pleural Effusion
0.7,2791,1196,0.327683615819209,0.2986876640419947,119,0.0426370476531709,13,258,0.8907563025210085,0.9034431137724552,0.2912087912087912,0.9946435929130614,0.0868913704224479,0.1570992613139865,0.1570992607613995,0.1570992613139865,0.9380016228048104,0.3941703760119271,anchor_densenet121_weighted_bce_seed123,T2_2016,densenet121,Pleural Effusion
0.75,2991,996,0.2655367231638418,0.2490813648293963,130,0.0434637245068538,17,293,0.8692307692307693,0.8975882558545963,0.2783251231527093,0.9934235976789167,0.0918016255600629,0.1670083366409168,0.1670083211655801,0.1670083366409168,0.9313661172801334,0.3814728544438364,anchor_densenet121_weighted_bce_seed123,T2_2016,densenet121,Pleural Effusion
0.8,3190,797,0.1694915254237288,0.2013123359580052,147,0.0460815047021943,24,342,0.8367346938775511,0.8876109102859021,0.2645161290322581,0.9911926605504588,0.0986358378017658,0.1772896811897431,0.1772896806531378,0.1772896811897431,0.9230563733873436,0.3660139781045723,anchor_densenet121_weighted_bce_seed123,T2_2016,densenet121,Pleural Effusion
0.8500000000000001,3389,598,0.135593220338983,0.1506561679790026,153,0.0451460607848923,25,402,0.8366013071895425,0.8757725587144622,0.2415094339622641,0.9912556838055264,0.1053804059912819,0.1911618129665449,0.1911618081134446,0.1911618129665449,0.9163778407943316,0.3563185982190086,anchor_densenet121_weighted_bce_seed123,T2_2016,densenet121,Pleural Effusion
0.9,3589,398,0.096045197740113,0.1,160,0.0445806631373641,28,463,0.825,0.8649752114319044,0.2218487394957983,0.9906479625918504,0.1117534448588707,0.204017353786208,0.2040173599097382,0.204017353786208,0.9098889982502189,0.3474971905496005,anchor_densenet121_weighted_bce_seed123,T2_2016,densenet121,Pleural Effusion
0.95,3788,199,0.0451977401129943,0.0501312335958005,169,0.0446145723336853,32,546,0.8106508875739645,0.8491295938104448,0.2005856515373353,0.989694041867955,0.1188237658009862,0.2167580727317666,0.2167580748053607,0.2167580727317666,0.9024535202931274,0.3373140339550775,anchor_densenet121_weighted_bce_seed123,T2_2016,densenet121,Pleural Effusion
1.0,3987,0,0.0,0.0,177,0.0443942814145974,35,639,0.8022598870056498,0.8322834645669291,0.1818181818181818,0.9890829694323144,0.1253163806263728,0.2288153010016624,0.2288152921187091,0.2288153010016624,0.8950405563711317,0.3279829223554419,anchor_densenet121_weighted_bce_seed123,T2_2016,densenet121,Pleural Effusion
0.5,1994,1993,0.6635071090047393,0.4805049088359046,142,0.0712136409227683,15,68,0.8943661971830986,0.9632829373650108,0.6512820512820513,0.9916620344635908,0.0386778341480377,0.0677228410333141,0.0677228384878236,0.0677228410333141,0.9529876342286984,0.7038669641664257,anchor_densenet121_weighted_bce_seed123,T2_2016,densenet121,Cardiomegaly
0.55,2193,1794,0.6090047393364929,0.4311360448807854,165,0.0752393980848153,18,94,0.8909090909090909,0.9536489151873768,0.6099585062240664,0.9907786885245902,0.0464532547578327,0.0793350151745535,0.079335010390112,0.0793350151745535,0.948864383479768,0.686565636899532,anchor_densenet121_weighted_bce_seed123,T2_2016,densenet121,Cardiomegaly
0.6,2393,1594,0.5379146919431279,0.3834502103786816,195,0.0814876723777685,21,130,0.8923076923076924,0.940855323020928,0.5723684210526315,0.989947343226424,0.0556841997253439,0.0919014331049877,0.0919014371392919,0.0919014331049877,0.9448064674179324,0.6680624534623427,anchor_densenet121_weighted_bce_seed123,T2_2016,densenet121,Cardiomegaly
0.65,2592,1395,0.481042654028436,0.3343618513323983,219,0.0844907407407407,23,167,0.8949771689497716,0.9296249473240624,0.5399449035812672,0.9896814715118888,0.0634380236981086,0.1046704750171759,0.1046704711036089,0.1046704750171759,0.940487254828387,0.6521204850332867,anchor_densenet121_weighted_bce_seed123,T2_2016,densenet121,Cardiomegaly
0.7,2791,1196,0.4004739336492891,0.288078541374474,253,0.0906485130777499,30,221,0.8814229249011858,0.912923561859732,0.5022522522522522,0.9872177247550064,0.0744538975698479,0.1171418698307691,0.1171418707437388,0.1171418698307691,0.934591053925004,0.6303133089756019,anchor_densenet121_weighted_bce_seed123,T2_2016,densenet121,Cardiomegaly
0.75,2991,996,0.3341232227488152,0.2398316970546984,281,0.0939485122032764,35,278,0.8754448398576512,0.8974169741697416,0.4694656488549618,0.9858127280097284,0.0838527151504418,0.1302969228589626,0.1302969216931747,0.1302969228589626,0.9285242478759308,0.6120156013436635,anchor_densenet121_weighted_bce_seed123,T2_2016,densenet121,Cardiomegaly
0.8,3190,797,0.2440758293838862,0.1946704067321178,319,0.1,47,333,0.8526645768025078,0.8840125391849529,0.4495867768595041,0.9818181818181818,0.0926242938910004,0.1391738136523756,0.1391738247815344,0.1391738136523756,0.9205540432975304,0.5900632127702455,anchor_densenet121_weighted_bce_seed123,T2_2016,densenet121,Cardiomegaly
0.8500000000000001,3389,598,0.1777251184834123,0.1467040673211781,347,0.1023900855709648,58,405,0.8328530259365994,0.8668639053254438,0.4164265129682997,0.97847866419295,0.1017555413813609,0.1511079678067365,0.1511079648333195,0.1511079678067365,0.9126707364902886,0.5718535151857709,anchor_densenet121_weighted_bce_seed123,T2_2016,densenet121,Cardiomegaly
0.9,3589,398,0.1090047393364928,0.0987377279102384,376,0.1047645583728058,70,477,0.8138297872340425,0.8515406162464986,0.3908045977011494,0.9750534568781184,0.1097153708967427,0.1617721802212233,0.1617721821412165,0.1617721802212233,0.903997887571104,0.5538788215422484,anchor_densenet121_weighted_bce_seed123,T2_2016,densenet121,Cardiomegaly
0.95,3788,199,0.0497630331753554,0.049929873772791,401,0.1058606124604012,84,556,0.7905236907730673,0.8358429288455861,0.3631156930126002,0.9711835334476844,0.1171341431749738,0.1726479034242933,0.1726479112488289,0.1726479034242933,0.895229817396279,0.5376086157316539,anchor_densenet121_weighted_bce_seed123,T2_2016,densenet121,Cardiomegaly
1.0,3987,0,0.0,0.0,422,0.1058439929771758,91,652,0.7843601895734598,0.8171107994389902,0.3367243133265514,0.9697070572569908,0.1238700899514476,0.1839071762140028,0.1839071870642495,0.1839071762140028,0.886713572582307,0.5232167454830796,anchor_densenet121_weighted_bce_seed123,T2_2016,densenet121,Cardiomegaly
0.5,1218,1218,0.4823529411764706,0.5006380263717567,44,0.0361247947454844,5,76,0.8863636363636364,0.9352640545144804,0.3391304347826087,0.9954669084315504,0.0623595869237477,0.1111228806004906,0.1111228816847398,0.1111228806004906,0.9157309896236644,0.4139518533139618,anchor_densenet121_weighted_bce_seed123,T3_2017,densenet121,Pleural Effusion
0.55,1340,1096,0.4588235294117647,0.4495959166312208,46,0.0343283582089552,6,87,0.8695652173913043,0.9327666151468316,0.3149606299212598,0.9950535861500412,0.0650248621875573,0.1193520494389222,0.1193520509429387,0.1193520494389222,0.9135054767824744,0.407698814930426,anchor_densenet121_weighted_bce_seed123,T3_2017,densenet121,Pleural Effusion
0.6,1462,974,0.4352941176470588,0.3985538068906848,48,0.0328317373461012,6,102,0.875,0.9278642149929278,0.2916666666666667,0.9954476479514416,0.0687733838162129,0.1298040937550783,0.1298040927485875,0.1298040937550783,0.9105595827439886,0.3999172821148744,anchor_densenet121_weighted_bce_seed123,T3_2017,densenet121,Pleural Effusion
0.65,1584,852,0.3764705882352941,0.3487877498936623,53,0.0334595959595959,7,117,0.8679245283018868,0.9235793598954932,0.2822085889570552,0.9950738916256158,0.0724869413893268,0.1387810994308874,0.1387810972895511,0.1387810994308874,0.9092651245332314,0.3876763964858739,anchor_densenet121_weighted_bce_seed123,T3_2017,densenet121,Pleural Effusion
0.7,1706,730,0.3176470588235294,0.2990216928966397,58,0.0339976553341148,8,136,0.8620689655172413,0.9174757281553398,0.2688172043010752,0.9947368421052633,0.0773199310628045,0.1492603471238441,0.1492603486938814,0.1492603471238441,0.9073955892199532,0.3757926562192237,anchor_densenet121_weighted_bce_seed123,T3_2017,densenet121,Pleural Effusion
0.75,1827,609,0.2470588235294117,0.2501063377286261,64,0.0350301039956212,10,155,0.84375,0.9120816789563244,0.2583732057416268,0.9938195302843016,0.0821354255595656,0.1591751398972363,0.1591751343551788,0.1591751398972363,0.9048275311968236,0.3623551346425094,anchor_densenet121_weighted_bce_seed123,T3_2017,densenet121,Pleural Effusion
0.8,1949,487,0.1764705882352941,0.200765631646108,70,0.0359158542842483,14,186,0.8,0.9010111761575306,0.2314049586776859,0.9917984768599882,0.0898748912397091,0.171487173877882,0.1714871703026355,0.171487173877882,0.8997491066676804,0.3471158239173268,anchor_densenet121_weighted_bce_seed123,T3_2017,densenet121,Pleural Effusion
0.8500000000000001,2071,365,0.1176470588235294,0.1509995746490855,75,0.036214389183969,15,214,0.8,0.8927855711422845,0.218978102189781,0.991652754590985,0.0958885312618198,0.1838168402830654,0.183816839122847,0.1838168402830654,0.8938877755511022,0.3345336520574639,anchor_densenet121_weighted_bce_seed123,T3_2017,densenet121,Pleural Effusion
0.9,2193,243,0.0823529411764705,0.100382815823054,78,0.0355677154582763,16,262,0.7948717948717948,0.8761229314420804,0.191358024691358,0.9914392723381488,0.1039428325733689,0.1988070583267402,0.1988070498501336,0.1988070583267402,0.8882160392798691,0.3259890452426015,anchor_densenet121_weighted_bce_seed123,T3_2017,densenet121,Pleural Effusion
0.95,2315,121,0.0470588235294117,0.0497660569970225,81,0.0349892008639308,17,319,0.7901234567901234,0.8572068039391226,0.1671018276762402,0.99120082815735,0.1117202977236948,0.2132054022229709,0.2132053994495204,0.2132054022229709,0.8821053969517115,0.3175204447419321,anchor_densenet121_weighted_bce_seed123,T3_2017,densenet121,Pleural Effusion
1.0,2436,0,0.0,0.0,85,0.0348932676518883,18,380,0.788235294117647,0.8383666524883029,0.1498881431767337,0.990950226244344,0.1187560897781751,0.2259917979867294,0.2259918003081541,0.2259917979867294,0.8760602497060075,0.3082074426473414,anchor_densenet121_weighted_bce_seed123,T3_2017,densenet121,Pleural Effusion
0.5,1218,1218,0.689922480620155,0.4775022956841138,80,0.0656814449917898,5,39,0.9375,0.9657293497363796,0.6578947368421053,0.9954710144927535,0.0341537379890431,0.0695642248409294,0.0695642296512334,0.0695642248409294,0.9689202548330405,0.7220042715722176,anchor_densenet121_weighted_bce_seed123,T3_2017,densenet121,Cardiomegaly
0.55,1340,1096,0.6124031007751938,0.4306703397612488,100,0.0746268656716417,7,60,0.93,0.9516129032258064,0.6078431372549019,0.9941027801179444,0.045145864110799,0.0822433358927104,0.0822433181885463,0.0822433358927104,0.9646532258064516,0.6993613107611579,anchor_densenet121_weighted_bce_seed123,T3_2017,densenet121,Cardiomegaly
0.6,1462,974,0.5426356589147286,0.3829201101928374,118,0.0807113543091655,10,87,0.9152542372881356,0.9352678571428572,0.5538461538461539,0.9921073401736386,0.0574202822465567,0.0962354703889153,0.0962354477326782,0.0962354703889153,0.9584342211460856,0.6749656844670557,anchor_densenet121_weighted_bce_seed123,T3_2017,densenet121,Cardiomegaly
0.65,1584,852,0.4689922480620155,0.3356290174471992,137,0.0864898989898989,12,105,0.9124087591240876,0.9274360746371804,0.5434782608695652,0.9911373707533236,0.0635677196291321,0.1051350486102617,0.1051350336785268,0.1051350486102617,0.9518737483542592,0.6529920457094286,anchor_densenet121_weighted_bce_seed123,T3_2017,densenet121,Cardiomegaly
0.7,1706,730,0.3837209302325581,0.2897153351698806,159,0.093200468933177,16,138,0.89937106918239,0.9107950872656756,0.5088967971530249,0.9887719298245614,0.074605097197141,0.117268950357413,0.1172689491094626,0.117268950357413,0.9447601972574226,0.6321280652139065,anchor_densenet121_weighted_bce_seed123,T3_2017,densenet121,Cardiomegaly
0.75,1827,609,0.313953488372093,0.2424242424242424,177,0.0968801313628899,21,179,0.8813559322033898,0.8915151515151515,0.4656716417910447,0.9859249329758714,0.0862232235474646,0.131047662780847,0.1310476691966247,0.131047662780847,0.9371563088512244,0.612662760203017,anchor_densenet121_weighted_bce_seed123,T3_2017,densenet121,Cardiomegaly
0.8,1949,487,0.2441860465116279,0.194674012855831,195,0.1000513083632632,23,218,0.882051282051282,0.8757126567844926,0.441025641025641,0.9852469531751122,0.0950272450451287,0.1437165119626458,0.1437165183156132,0.1437165119626458,0.9288147238546328,0.5932060138935773,anchor_densenet121_weighted_bce_seed123,T3_2017,densenet121,Cardiomegaly
0.8500000000000001,2071,365,0.1937984496124031,0.1446280991735537,208,0.1004345726702076,28,266,0.8653846153846154,0.8572195383789587,0.4035874439461883,0.9827692307692308,0.1044220542180202,0.1576389486427931,0.1576389537117782,0.1576389486427931,0.9218717742268469,0.5781875013249383,anchor_densenet121_weighted_bce_seed123,T3_2017,densenet121,Cardiomegaly
0.9,2193,243,0.127906976744186,0.0964187327823691,225,0.1025991792065663,38,308,0.8311111111111111,0.8434959349593496,0.3777777777777777,0.9776207302709068,0.1123949600770989,0.1676687361410068,0.1676687357418079,0.1676687361410068,0.9126004968383016,0.5597249261481384,anchor_densenet121_weighted_bce_seed123,T3_2017,densenet121,Cardiomegaly
0.95,2315,121,0.0620155038759689,0.0482093663911845,242,0.104535637149028,44,353,0.8181818181818182,0.8297153883260975,0.3593466424682395,0.9750566893424036,0.1193476013000941,0.1775029941234681,0.177503000479795,0.1775029941234681,0.9029443892948696,0.5420661779749203,anchor_densenet121_weighted_bce_seed123,T3_2017,densenet121,Cardiomegaly
1.0,2436,0,0.0,0.0,258,0.105911330049261,55,403,0.7868217054263565,0.8149678604224059,0.334983498349835,0.9699453551912568,0.1258211195771033,0.1867833221851189,0.1867833232081974,0.1867833221851189,0.8933832689118103,0.5258607903678363,anchor_densenet121_weighted_bce_seed123,T3_2017,densenet121,Cardiomegaly
0.5,940,939,0.6666666666666666,0.4904494382022472,33,0.0351063829787234,3,127,0.9090909090909092,0.8599779492833517,0.1910828025477707,0.9961685823754788,0.1278006921945801,0.2399208220712682,0.2399208448113913,0.2399208220712682,0.9002205071664829,0.1699786540026379,anchor_densenet121_weighted_bce_seed2026,T1_2015,densenet121,Pleural Effusion
0.55,1034,845,0.6464646464646465,0.4387640449438202,35,0.0338491295938104,3,134,0.9142857142857144,0.8658658658658659,0.1927710843373494,0.9965437788018432,0.1243427816959874,0.2410531530023428,0.2410531441971111,0.2410531530023428,0.8992706992706994,0.1694524007830092,anchor_densenet121_weighted_bce_seed2026,T1_2015,densenet121,Pleural Effusion
0.6,1128,751,0.6060606060606061,0.3882022471910112,39,0.0345744680851063,4,148,0.8974358974358975,0.8640955004591369,0.1912568306010929,0.9957671957671956,0.1257133737598714,0.2452246205326408,0.2452246361867861,0.2452246205326408,0.8970944880035789,0.1711249694988065,anchor_densenet121_weighted_bce_seed2026,T1_2015,densenet121,Pleural Effusion
0.65,1222,657,0.5353535353535354,0.3393258426966292,46,0.0376432078559738,7,159,0.8478260869565217,0.8647959183673469,0.1969696969696969,0.9931640625,0.126739800145811,0.2464779000698837,0.2464779045755949,0.2464779000698837,0.8911472197574682,0.1730647608561719,anchor_densenet121_weighted_bce_seed2026,T1_2015,densenet121,Pleural Effusion
0.7,1316,563,0.4646464646464646,0.2904494382022471,53,0.040273556231003,10,175,0.8113207547169812,0.8614410134600158,0.1972477064220183,0.9908925318761383,0.1296218482109682,0.2502250508164653,0.2502250667367028,0.2502250508164653,0.8840959679708391,0.1736672223753626,anchor_densenet121_weighted_bce_seed2026,T1_2015,densenet121,Pleural Effusion
0.75,1410,469,0.404040404040404,0.2410112359550562,59,0.0418439716312056,11,187,0.8135593220338984,0.8615840118430792,0.2042553191489361,0.9906382978723404,0.1307504879320652,0.2542635106448586,0.2542635248749391,0.2542635106448586,0.8773225106324255,0.1729850181283852,anchor_densenet121_weighted_bce_seed2026,T1_2015,densenet121,Pleural Effusion
0.8,1504,375,0.3434343434343434,0.1915730337078651,65,0.0432180851063829,12,210,0.8153846153846154,0.8540653231410702,0.2015209125475285,0.9903303787268332,0.1347587524837082,0.2612616508763204,0.261261655478441,0.2612616508763204,0.8720051317688566,0.1735454530620708,anchor_densenet121_weighted_bce_seed2026,T1_2015,densenet121,Pleural Effusion
0.8500000000000001,1598,281,0.2929292929292929,0.1415730337078651,70,0.0438047559449311,14,227,0.8,0.8514397905759162,0.1978798586572438,0.9893536121673004,0.1378291240140644,0.2675860339684763,0.2675860496809022,0.2675860339684763,0.8669035153328348,0.1728590793757047,anchor_densenet121_weighted_bce_seed2026,T1_2015,densenet121,Pleural Effusion
0.9,1692,187,0.202020202020202,0.0938202247191011,79,0.0466903073286052,19,254,0.759493670886076,0.842529448233106,0.1910828025477707,0.9862119013062408,0.1428660259326025,0.2733787816969004,0.2733787935861247,0.2733787816969004,0.8605554552802781,0.1740848249924838,anchor_densenet121_weighted_bce_seed2026,T1_2015,densenet121,Pleural Effusion
0.95,1786,93,0.0909090909090909,0.047191011235955,90,0.0503919372900335,23,287,0.7444444444444445,0.8307783018867925,0.1892655367231638,0.9839385474860336,0.1480442740865872,0.2786852605766037,0.2786852645688802,0.2786852605766037,0.8525353773584905,0.1748286185038562,anchor_densenet121_weighted_bce_seed2026,T1_2015,densenet121,Pleural Effusion
1.0,1879,0,0.0,0.0,99,0.0526875997871208,28,331,0.7171717171717171,0.8140449438202247,0.1766169154228855,0.981042654028436,0.1531344987912924,0.2848268963194325,0.2848268913431266,0.2848268963194325,0.8442515038020656,0.1735050371422848,anchor_densenet121_weighted_bce_seed2026,T1_2015,densenet121,Pleural Effusion
0.5,940,939,0.6054421768707483,0.4907621247113164,58,0.0617021276595744,11,119,0.8103448275862069,0.8650793650793651,0.2831325301204819,0.9857881136950905,0.1247794976336978,0.2163042239686275,0.2163042159156596,0.2163042239686275,0.8687153022128392,0.2735103899087902,anchor_densenet121_weighted_bce_seed2026,T1_2015,densenet121,Cardiomegaly
0.55,1034,845,0.5714285714285714,0.4393764434180138,63,0.0609284332688588,14,129,0.7777777777777778,0.8671472708547889,0.2752808988764045,0.983644859813084,0.1250068605712163,0.2186438555917495,0.2186438428306487,0.2186438555917495,0.8607882562568453,0.2649417009493205,anchor_densenet121_weighted_bce_seed2026,T1_2015,densenet121,Cardiomegaly
0.6,1128,751,0.5578231292517006,0.3862586605080831,65,0.0576241134751773,15,144,0.7692307692307693,0.8645343367826905,0.2577319587628865,0.9839400428265525,0.1268428193024434,0.2263258250417016,0.2263258280932691,0.2263258250417016,0.8538968087415877,0.2582559832419137,anchor_densenet121_weighted_bce_seed2026,T1_2015,densenet121,Cardiomegaly
0.65,1222,657,0.5170068027210885,0.3354503464203233,71,0.05810147299509,16,155,0.7746478873239436,0.8653344917463076,0.2619047619047619,0.984189723320158,0.1271723130609933,0.2306540949901172,0.2306540982520326,0.2306540949901172,0.8483621101063374,0.2545061937821937,anchor_densenet121_weighted_bce_seed2026,T1_2015,densenet121,Cardiomegaly
0.7,1316,563,0.4081632653061224,0.2904157043879907,87,0.0661094224924012,21,168,0.7586206896551724,0.8633034987794955,0.282051282051282,0.9805914972273568,0.1297532378337185,0.2303358101509625,0.2303357943779248,0.2303358101509625,0.8470675158759107,0.2591613786796394,anchor_densenet121_weighted_bce_seed2026,T1_2015,densenet121,Cardiomegaly
0.75,1410,469,0.3673469387755102,0.2396073903002309,93,0.0659574468085106,25,180,0.7311827956989247,0.8633257403189066,0.2741935483870967,0.9784853700516352,0.1319101837130333,0.2353675537392602,0.2353675464894754,0.2353675537392602,0.8412651758231889,0.2543111933553721,anchor_densenet121_weighted_bce_seed2026,T1_2015,densenet121,Cardiomegaly
0.8,1504,375,0.3129251700680272,0.1899538106235565,101,0.0671542553191489,29,201,0.7128712871287128,0.8567355666429081,0.2637362637362637,0.9764419171405362,0.1361379594210915,0.2418065639609035,0.2418065527553095,0.2418065639609035,0.8355433547631314,0.2508779132043558,anchor_densenet121_weighted_bce_seed2026,T1_2015,densenet121,Cardiomegaly
0.8500000000000001,1598,281,0.2448979591836734,0.1414549653579676,111,0.0694618272841051,35,220,0.6846846846846847,0.8520511096166778,0.2567567567567567,0.9731182795698924,0.1402577524194292,0.2467932532330478,0.2467932606836284,0.2467932532330478,0.8294982945285567,0.2478289680868924,anchor_densenet121_weighted_bce_seed2026,T1_2015,densenet121,Cardiomegaly
0.9,1692,187,0.1972789115646258,0.0912240184757505,118,0.0697399527186761,37,244,0.6864406779661016,0.8449809402795425,0.2492307692307692,0.9729334308705194,0.1444648680015442,0.254617634953724,0.2546176210873657,0.254617634953724,0.8227634441022549,0.2433324827530185,anchor_densenet121_weighted_bce_seed2026,T1_2015,densenet121,Cardiomegaly
0.95,1786,93,0.1020408163265306,0.0450346420323325,132,0.0739081746920492,45,277,0.6590909090909091,0.8325272067714631,0.239010989010989,0.9683544303797468,0.149783290443277,0.259128641157775,0.2591286426345418,0.259128641157775,0.8176756989483712,0.2424377261076762,anchor_densenet121_weighted_bce_seed2026,T1_2015,densenet121,Cardiomegaly
1.0,1879,0,0.0,0.0,147,0.0782331027142096,51,309,0.6530612244897959,0.8215935334872979,0.237037037037037,0.9654002713704206,0.1544744658090155,0.2627725442549281,0.2627725396989316,0.2627725442549281,0.8116015459301503,0.2409282744387561,anchor_densenet121_weighted_bce_seed2026,T1_2015,densenet121,Cardiomegaly
0.5,1994,1993,0.5819209039548022,0.4960629921259842,74,0.037111334002006,8,325,0.8918918918918919,0.8307291666666666,0.1687979539641943,0.9950093574547724,0.1492330429360823,0.2619589783751976,0.261958998974521,0.2619589783751976,0.8702139639639639,0.1627224767516301,anchor_densenet121_weighted_bce_seed2026,T2_2016,densenet121,Pleural Effusion
0.55,2193,1794,0.5536723163841808,0.4451443569553805,79,0.0360237118103055,11,360,0.8607594936708861,0.8297067171239356,0.1588785046728972,0.9937677053824364,0.1497959338609338,0.2657680813642707,0.265768093183956,0.2657680813642707,0.8683340718297545,0.160923122325068,anchor_densenet121_weighted_bce_seed2026,T2_2016,densenet121,Pleural Effusion
0.6,2393,1594,0.5254237288135594,0.3939632545931758,84,0.0351023819473464,11,392,0.8690476190476191,0.830229536595929,0.1569892473118279,0.9942946058091288,0.1491743351670932,0.2699843807806791,0.2699843947322259,0.2699843807806791,0.8659541339272825,0.1590722715676192,anchor_densenet121_weighted_bce_seed2026,T2_2016,densenet121,Pleural Effusion
0.65,2592,1395,0.4576271186440678,0.3448818897637795,96,0.037037037037037,13,426,0.8645833333333334,0.8293269230769231,0.1630648330058939,0.9937590014402304,0.1497145087796832,0.2731164443582572,0.2731164503802349,0.2731164443582572,0.8614512386485043,0.1584683869499911,anchor_densenet121_weighted_bce_seed2026,T2_2016,densenet121,Pleural Effusion
0.7,2791,1196,0.3898305084745763,0.2958005249343832,108,0.0386958079541383,22,459,0.7962962962962963,0.8289228475587029,0.1577981651376147,0.9902048085485308,0.1513483520930003,0.2755647425351925,0.2755647494492032,0.2755647425351925,0.8564366173851825,0.1573160004939839,anchor_densenet121_weighted_bce_seed2026,T2_2016,densenet121,Pleural Effusion
0.75,2991,996,0.3502824858757062,0.2451443569553806,115,0.0384486793714476,26,507,0.7739130434782608,0.8237134909596662,0.1493288590604027,0.989144050104384,0.154304037199032,0.2823359414720886,0.2823359491867152,0.2823359414720886,0.8506243575013605,0.1539552031271922,anchor_densenet121_weighted_bce_seed2026,T2_2016,densenet121,Pleural Effusion
0.8,3190,797,0.2655367231638418,0.1968503937007874,130,0.0407523510971786,29,566,0.7769230769230769,0.8150326797385621,0.1514242878560719,0.9885057471264368,0.1580822949498189,0.2884961341989451,0.288496121332096,0.2884961341989451,0.8433195072900955,0.1525330303717203,anchor_densenet121_weighted_bce_seed2026,T2_2016,densenet121,Pleural Effusion
0.8500000000000001,3389,598,0.2259887005649717,0.1464566929133858,137,0.0404249041015048,31,627,0.7737226277372263,0.8071955719557196,0.1446111869031378,0.988328313253012,0.1617314542721591,0.2964932444560629,0.2964932494311777,0.2964932444560629,0.8377584597013853,0.1497871695806259,anchor_densenet121_weighted_bce_seed2026,T2_2016,densenet121,Pleural Effusion
0.9,3589,398,0.1694915254237288,0.0965879265091863,147,0.0409584842574533,37,699,0.7482993197278912,0.7969203951191168,0.1359703337453646,0.9866906474820144,0.1660316710261337,0.3038973270680087,0.3038973282139325,0.3038973270680087,0.831072347590983,0.1472750877272479,anchor_densenet121_weighted_bce_seed2026,T2_2016,densenet121,Pleural Effusion
0.95,3788,199,0.1186440677966101,0.0467191601049868,156,0.041182682154171,39,783,0.75,0.7844162995594713,0.13,0.9864958448753464,0.1702033947645619,0.311561560317276,0.3115615684208642,0.311561560317276,0.8246313043601039,0.1447327573049845,anchor_densenet121_weighted_bce_seed2026,T2_2016,densenet121,Pleural Effusion
1.0,3987,0,0.0,0.0,177,0.0443942814145974,54,872,0.6949152542372882,0.7711286089238845,0.1236180904522613,0.981951871657754,0.1742168407485155,0.3156632425448994,0.3156632364510084,0.3156632425448994,0.8148635022317126,0.1428926969014362,anchor_densenet121_weighted_bce_seed2026,T2_2016,densenet121,Pleural Effusion
0.5,1994,1993,0.6090047393364929,0.4869565217391304,165,0.0827482447342026,26,296,0.8424242424242424,0.8381629305631493,0.3195402298850575,0.9833226427196922,0.1413021622942069,0.2283794374701192,0.2283794476147161,0.2283794374701192,0.8580015574001358,0.3049525549764601,anchor_densenet121_weighted_bce_seed2026,T2_2016,densenet121,Cardiomegaly
0.55,2193,1794,0.5758293838862559,0.435063113604488,179,0.0816233470132239,33,316,0.8156424581005587,0.843098311817279,0.316017316017316,0.9809358752166378,0.1400137543668947,0.2290518675126879,0.2290518698942916,0.2290518675126879,0.853996882160075,0.3012531212315854,anchor_densenet121_weighted_bce_seed2026,T2_2016,densenet121,Cardiomegaly
0.6,2393,1594,0.5355450236966824,0.3837307152875175,196,0.0819055578771416,40,350,0.7959183673469388,0.8406918525261721,0.308300395256917,0.9788023317435082,0.1420804467757443,0.2329320479238875,0.2329320568782836,0.2329320479238875,0.8492157673265027,0.297821985674052,anchor_densenet121_weighted_bce_seed2026,T2_2016,densenet121,Cardiomegaly
0.65,2592,1395,0.4881516587677725,0.3335203366058906,216,0.0833333333333333,46,384,0.7870370370370371,0.8383838383838383,0.3068592057761732,0.9774288518155054,0.1439035231310991,0.2367479586571363,0.2367479713162246,0.2367479586571363,0.8443744933906971,0.2951385184172316,anchor_densenet121_weighted_bce_seed2026,T2_2016,densenet121,Cardiomegaly
0.7,2791,1196,0.4218009478672986,0.2855539971949509,244,0.087423862414905,61,422,0.75,0.834314880251276,0.3024793388429752,0.9720951509606588,0.1476214095364977,0.2384803580745537,0.2384803657867455,0.2384803580745537,0.8388219506072718,0.2934290410173755,anchor_densenet121_weighted_bce_seed2026,T2_2016,densenet121,Cardiomegaly
0.75,2991,996,0.3412322274881517,0.2389901823281907,278,0.0929455031761952,81,453,0.7086330935251799,0.8330261702911905,0.3030769230769231,0.9653994019649722,0.1507815477298011,0.2381821805689096,0.2381821683679923,0.2381821805689096,0.8318368526704623,0.2917057874411651,anchor_densenet121_weighted_bce_seed2026,T2_2016,densenet121,Cardiomegaly
0.8,3190,797,0.2890995260663507,0.1893408134642356,300,0.0940438871473354,90,502,0.7,0.8262975778546713,0.2949438202247191,0.9636803874092008,0.1545022740163318,0.2441526761389451,0.2441526841874406,0.2441526761389451,0.8240322952710495,0.2863718515969329,anchor_densenet121_weighted_bce_seed2026,T2_2016,densenet121,Cardiomegaly
0.8500000000000001,3389,598,0.2227488151658767,0.1413744740532959,328,0.0967837120094423,111,554,0.6615853658536586,0.8190133943155832,0.2814526588845655,0.9576012223071046,0.1591108359903791,0.2481700563965451,0.2481700486843478,0.2481700563965451,0.8160432984597733,0.2823812863453801,anchor_densenet121_weighted_bce_seed2026,T2_2016,densenet121,Cardiomegaly
0.9,3589,398,0.1611374407582938,0.0925666199158485,354,0.0986347171914182,128,618,0.6384180790960452,0.8089644513137558,0.2677725118483412,0.9533697632058288,0.1636709882210042,0.2537243606885451,0.2537243713257073,0.2537243606885451,0.8073634069455724,0.2773707372436588,anchor_densenet121_weighted_bce_seed2026,T2_2016,densenet121,Cardiomegaly
0.95,3788,199,0.0805687203791469,0.0462833099579242,388,0.102428722280887,144,682,0.6288659793814433,0.7994117647058824,0.2634989200863931,0.949685534591195,0.1677994129230241,0.2572095490197446,0.257209546124482,0.2572095490197446,0.7991267434808975,0.2742553670315565,anchor_densenet121_weighted_bce_seed2026,T2_2016,densenet121,Cardiomegaly
1.0,3987,0,0.0,0.0,422,0.1058439929771758,159,755,0.6232227488151659,0.788218793828892,0.2583497053045187,0.9464466150218928,0.1717900664131426,0.2607831653494389,0.2607831635479942,0.2607831653494389,0.791209295214799,0.2713263341121069,anchor_densenet121_weighted_bce_seed2026,T2_2016,densenet121,Cardiomegaly
0.5,1218,1218,0.6705882352941176,0.4938324117396852,28,0.0229885057471264,7,200,0.75,0.8319327731092437,0.0950226244343891,0.9929789368104311,0.1487350492438147,0.2626656306347824,0.2626656306837188,0.2626656306347824,0.8042016806722689,0.0992908414543964,anchor_densenet121_weighted_bce_seed2026,T3_2017,densenet121,Pleural Effusion
0.55,1340,1096,0.6588235294117647,0.4423649510846448,29,0.0216417910447761,8,220,0.7241379310344828,0.8321891685736079,0.0871369294605809,0.9927206551410374,0.1484332503061022,0.2668114275852246,0.2668114176437036,0.2668114275852246,0.7977327125910729,0.0956957435528481,anchor_densenet121_weighted_bce_seed2026,T3_2017,densenet121,Pleural Effusion
0.6,1462,974,0.5764705882352941,0.3934495959166312,36,0.0246238030095759,11,241,0.6944444444444444,0.8309957924263675,0.093984962406015,0.9908026755852842,0.1494396929419959,0.268903375354821,0.2689033657842393,0.268903375354821,0.7973644226273959,0.0947922175697826,anchor_densenet121_weighted_bce_seed2026,T3_2017,densenet121,Pleural Effusion
0.65,1584,852,0.4588235294117647,0.345810293492131,46,0.029040404040404,14,263,0.6956521739130435,0.8289986996098829,0.1084745762711864,0.9891388673390225,0.1507698349614267,0.2708859355894454,0.2708859364455095,0.2708859355894454,0.7973158251823373,0.0969930325549042,anchor_densenet121_weighted_bce_seed2026,T3_2017,densenet121,Pleural Effusion
0.7,1706,730,0.4,0.2960442364951084,51,0.0298944900351699,16,289,0.6862745098039216,0.8253776435045317,0.1080246913580246,0.9884225759768452,0.1527866875726991,0.2761996111025704,0.2761995994856042,0.2761996111025704,0.7930513595166163,0.0961617800118135,anchor_densenet121_weighted_bce_seed2026,T3_2017,densenet121,Pleural Effusion
0.75,1827,609,0.3411764705882353,0.2467035304125903,56,0.0306513409961685,18,314,0.6785714285714286,0.8226990400903444,0.1079545454545454,0.9877966101694916,0.1546018250550757,0.2814516917515401,0.2814516893454961,0.2814516917515401,0.7891778252803098,0.0957051856852282,anchor_densenet121_weighted_bce_seed2026,T3_2017,densenet121,Pleural Effusion
0.8,1949,487,0.3176470588235294,0.1956614206720544,58,0.0297588506926629,19,348,0.6724137931034483,0.8159703860391327,0.1007751937984496,0.9878361075544174,0.1579440389865987,0.2898094205251714,0.2898094131586917,0.2898094205251714,0.7827686500483233,0.093115122372781,anchor_densenet121_weighted_bce_seed2026,T3_2017,densenet121,Pleural Effusion
0.8500000000000001,2071,365,0.2235294117647059,0.1471714164185453,66,0.0318686624818928,23,381,0.6515151515151515,0.8099750623441396,0.1014150943396226,0.9860352155434122,0.161377965991657,0.2953471054580694,0.2953470906360548,0.2953471054580694,0.7796342477140482,0.0938911950485501,anchor_densenet121_weighted_bce_seed2026,T3_2017,densenet121,Pleural Effusion
0.9,2193,243,0.1411764705882353,0.0982560612505316,73,0.0332877336981304,26,430,0.6438356164383562,0.7971698113207547,0.0985324947589098,0.9848484848484848,0.1660458145373871,0.3029190039137319,0.3029190088264267,0.3029190039137319,0.775022615662962,0.0937137581701058,anchor_densenet121_weighted_bce_seed2026,T3_2017,densenet121,Pleural Effusion
0.95,2315,121,0.0470588235294117,0.0497660569970225,81,0.0349892008639308,30,479,0.6296296296296297,0.7855863921217547,0.0962264150943396,0.9831932773109244,0.1702474120784474,0.3094658518552008,0.3094658385342707,0.3094658518552008,0.7698033754434829,0.0936299996127691,anchor_densenet121_weighted_bce_seed2026,T3_2017,densenet121,Pleural Effusion
1.0,2436,0,0.0,0.0,85,0.0348932676518883,31,538,0.6352941176470588,0.7711612079965972,0.0912162162162162,0.9831887201735358,0.1742946945397202,0.3173588798526668,0.3173588814553369,0.3173588798526668,0.7632897140140616,0.0917334941980016,anchor_densenet121_weighted_bce_seed2026,T3_2017,densenet121,Pleural Effusion
0.5,1218,1218,0.6317829457364341,0.4843893480257116,95,0.0779967159277504,21,182,0.7789473684210526,0.8379341050756901,0.2890625,0.9781704781704782,0.1435843900947394,0.2242136135734067,0.2242136129739347,0.2242136135734067,0.834639358860196,0.2645495221990253,anchor_densenet121_weighted_bce_seed2026,T3_2017,densenet121,Cardiomegaly
0.55,1340,1096,0.5891472868217055,0.4334251606978879,106,0.0791044776119403,26,196,0.7547169811320755,0.8411669367909238,0.2898550724637681,0.975563909774436,0.1430154214141024,0.2246407846239075,0.2246407675820945,0.2246407846239075,0.8289769426011437,0.2606957942596452,anchor_densenet121_weighted_bce_seed2026,T3_2017,densenet121,Cardiomegaly
0.6,1462,974,0.5465116279069767,0.3824609733700643,117,0.0800273597811217,32,213,0.7264957264957265,0.841635687732342,0.285234899328859,0.972508591065292,0.144096887198147,0.226656341423292,0.2266563157284716,0.226656341423292,0.8233597051440917,0.2576863809273049,anchor_densenet121_weighted_bce_seed2026,T3_2017,densenet121,Cardiomegaly
0.65,1584,852,0.4961240310077519,0.3324150596877869,130,0.082070707070707,38,233,0.7076923076923077,0.8397524071526823,0.283076923076923,0.9698173153296268,0.1461618980324689,0.2295647608351451,0.2295647409481156,0.2295647608351451,0.817019363030367,0.2550171833595528,anchor_densenet121_weighted_bce_seed2026,T3_2017,densenet121,Cardiomegaly
0.7,1706,730,0.4341085271317829,0.2837465564738292,146,0.085580304806565,46,254,0.684931506849315,0.8371794871794872,0.2824858757062147,0.9659763313609468,0.1488376852049961,0.2316412726179167,0.2316412815621072,0.2316412726179167,0.8114879697927644,0.2545033528050528,anchor_densenet121_weighted_bce_seed2026,T3_2017,densenet121,Cardiomegaly
0.75,1827,609,0.3643410852713178,0.236455463728191,164,0.0897646414887794,55,272,0.6646341463414634,0.8364401683704149,0.2860892388451443,0.9619640387275242,0.1510863223431636,0.2327535291333373,0.2327535154025739,0.2327535291333373,0.8055435372453544,0.2541301028630316,anchor_densenet121_weighted_bce_seed2026,T3_2017,densenet121,Cardiomegaly
0.8,1949,487,0.2906976744186046,0.1891643709825528,183,0.0938943047716777,64,302,0.6502732240437158,0.8289920724801813,0.2826603325415677,0.9581151832460733,0.1552312736748361,0.2362635668697817,0.2362635518501146,0.2362635668697817,0.800286529404848,0.2547147284280786,anchor_densenet121_weighted_bce_seed2026,T3_2017,densenet121,Cardiomegaly
0.8500000000000001,2071,365,0.2093023255813953,0.1427915518824609,204,0.0985031385803959,74,327,0.6372549019607843,0.8248527048741296,0.2844638949671772,0.9541511771995044,0.1585654066647596,0.2385510351708521,0.2385510253674566,0.2385510351708521,0.7948764401314892,0.2554985702610708,anchor_densenet121_weighted_bce_seed2026,T3_2017,densenet121,Cardiomegaly
0.9,2193,243,0.1317829457364341,0.0959595959595959,224,0.1021431828545371,82,352,0.6339285714285714,0.8212290502793296,0.2874493927125506,0.951736315479694,0.1617641298789472,0.2420130744950172,0.2420130807157254,0.2420130744950172,0.7896877040557209,0.2559056707678444,anchor_densenet121_weighted_bce_seed2026,T3_2017,densenet121,Cardiomegaly
0.95,2315,121,0.065891472868217,0.0477502295684113,241,0.1041036717062635,91,400,0.6224066390041494,0.8071359691417551,0.2727272727272727,0.9484419263456092,0.1662549268664932,0.2479784253864,0.2479784238383528,0.2479784253864,0.7838112253268086,0.2543081514113498,anchor_densenet121_weighted_bce_seed2026,T3_2017,densenet121,Cardiomegaly
1.0,2436,0,0.0,0.0,258,0.105911330049261,100,455,0.6124031007751938,0.7910927456382002,0.2577487765089722,0.9451453647833242,0.1704905900638571,0.2535219781180272,0.2535219677679595,0.2535219781180272,0.7770116599397784,0.251692681841651,anchor_densenet121_weighted_bce_seed2026,T3_2017,densenet121,Cardiomegaly
0.5,940,939,0.6565656565656566,0.4910112359550562,34,0.0361702127659574,1,23,0.9705882352941176,0.9746136865342164,0.5892857142857143,0.998868778280543,0.0251407670960041,0.0481727666994358,0.0481727673652324,0.0481727666994358,0.9864627970393456,0.6648666529108013,anchor_densenet121_weighted_bce_seed42,T1_2015,densenet121,Pleural Effusion
0.55,1034,845,0.6464646464646465,0.4387640449438202,35,0.0338491295938104,1,25,0.9714285714285714,0.974974974974975,0.576271186440678,0.9989743589743588,0.0249558798557927,0.0516076423488989,0.0516076402547742,0.0516076423488989,0.9847275847275848,0.6592420587901772,anchor_densenet121_weighted_bce_seed42,T1_2015,densenet121,Pleural Effusion
0.6,1128,751,0.6363636363636364,0.3865168539325843,36,0.0319148936170212,2,31,0.9444444444444444,0.9716117216117216,0.5230769230769231,0.9981185324553152,0.0286086002029097,0.0575848885131537,0.0575848867958213,0.0575848885131537,0.981774013024013,0.6474218392875197,anchor_densenet121_weighted_bce_seed42,T1_2015,densenet121,Pleural Effusion
0.65,1222,657,0.5656565656565656,0.3376404494382022,43,0.0351882160392798,2,33,0.9534883720930232,0.9720101781170484,0.5540540540540541,0.9982578397212544,0.0284360877541292,0.0607581832072714,0.0607581871627249,0.0607581832072714,0.9780361757105942,0.628413563037323,anchor_densenet121_weighted_bce_seed42,T1_2015,densenet121,Pleural Effusion
0.7,1316,563,0.5252525252525253,0.2870786516853932,47,0.0357142857142857,3,40,0.9361702127659576,0.9684791174152876,0.5238095238095238,0.997564935064935,0.0320905642875847,0.0676835103365267,0.0676835092282811,0.0676835103365267,0.9746407793035226,0.6147417369045542,anchor_densenet121_weighted_bce_seed42,T1_2015,densenet121,Pleural Effusion
0.75,1410,469,0.4343434343434343,0.2393258426966292,56,0.0397163120567375,6,46,0.8928571428571429,0.96602658788774,0.5208333333333334,0.9954337899543378,0.0358848536330303,0.0724839637366434,0.0724839665391977,0.0724839637366434,0.9700424667651404,0.5927911428494874,anchor_densenet121_weighted_bce_seed42,T1_2015,densenet121,Pleural Effusion
0.8,1504,375,0.3737373737373737,0.1898876404494382,62,0.0412234042553191,7,56,0.8870967741935484,0.9611650485436892,0.4954954954954955,0.9949748743718592,0.0402220043604293,0.0812525488318568,0.0812525517787744,0.0812525488318568,0.964705158605879,0.5754287689263523,anchor_densenet121_weighted_bce_seed42,T1_2015,densenet121,Pleural Effusion
0.8500000000000001,1598,281,0.2626262626262626,0.1432584269662921,73,0.0456821026282853,12,67,0.8356164383561644,0.9560655737704918,0.4765625,0.9918367346938776,0.046217608228564,0.0881635002192758,0.0881634909258654,0.0881635002192758,0.9586346283404448,0.5533599718321063,anchor_densenet121_weighted_bce_seed42,T1_2015,densenet121,Pleural Effusion
0.9,1692,187,0.1818181818181818,0.0949438202247191,81,0.0478723404255319,14,88,0.8271604938271605,0.9453755431409062,0.432258064516129,0.9908913467794404,0.05385675701387,0.100720009895319,0.1007200069835598,0.100720009895319,0.9511690461411132,0.5320220060401452,anchor_densenet121_weighted_bce_seed42,T1_2015,densenet121,Pleural Effusion
0.95,1786,93,0.0808080808080808,0.047752808988764,91,0.0509518477043673,20,121,0.7802197802197802,0.928613569321534,0.3697916666666667,0.9874529485570892,0.064091888737649,0.1146155364669584,0.1146155285762679,0.1146155364669584,0.94253622483711,0.5084973281864327,anchor_densenet121_weighted_bce_seed42,T1_2015,densenet121,Pleural Effusion
1.0,1879,0,0.0,0.0,99,0.0526875997871208,25,152,0.7474747474747475,0.9146067415730336,0.3274336283185841,0.984875983061101,0.0730005371352486,0.1288561343318005,0.1288561320280286,0.1288561343318005,0.9325473839518784,0.4857595590283572,anchor_densenet121_weighted_bce_seed42,T1_2015,densenet121,Pleural Effusion
0.5,940,939,0.7482993197278912,0.4786374133949191,37,0.0393617021276595,1,27,0.972972972972973,0.9700996677740864,0.5714285714285714,0.998859749144812,0.0282633878105807,0.0609031490733886,0.0609031538498845,0.0609031490733886,0.9779713268085362,0.7290509090112626,anchor_densenet121_weighted_bce_seed42,T1_2015,densenet121,Cardiomegaly
0.55,1034,845,0.6666666666666666,0.4312933025404157,49,0.0473887814313346,4,35,0.9183673469387756,0.964467005076142,0.5625,0.9958071278825996,0.0351360844232549,0.0661423815417912,0.0661423815201744,0.0661423815417912,0.9724645188024448,0.6785918995541381,anchor_densenet121_weighted_bce_seed42,T1_2015,densenet121,Cardiomegaly
0.6,1128,751,0.5850340136054422,0.3839491916859122,61,0.0540780141843971,9,51,0.8524590163934426,0.9522024367385192,0.5048543689320388,0.991219512195122,0.0475410828283715,0.0755634684237843,0.0755634737260481,0.0755634684237843,0.963241507520703,0.6327300786930699,anchor_densenet121_weighted_bce_seed42,T1_2015,densenet121,Cardiomegaly
0.65,1222,657,0.5238095238095238,0.3348729792147806,70,0.0572831423895253,9,67,0.8714285714285714,0.9418402777777778,0.4765625,0.9917733089579523,0.0547644639063046,0.0881565280095559,0.0881565281612198,0.0881565280095559,0.9543464781746032,0.6039724817019531,anchor_densenet121_weighted_bce_seed42,T1_2015,densenet121,Cardiomegaly
0.7,1316,563,0.4625850340136054,0.2857967667436489,79,0.0600303951367781,11,85,0.8607594936708861,0.931285367825384,0.4444444444444444,0.9905417024935512,0.0628726264063565,0.0999813939488597,0.0999814061997147,0.0999813939488597,0.946645109135004,0.5812425832830106,anchor_densenet121_weighted_bce_seed42,T1_2015,densenet121,Cardiomegaly
0.75,1410,469,0.3741496598639456,0.2390300230946882,92,0.0652482269503546,13,100,0.8586956521739131,0.9241274658573596,0.441340782122905,0.9894394800974816,0.0686838036471372,0.108977905285036,0.108977912937073,0.108977905285036,0.9390628092630467,0.5575009274509117,anchor_densenet121_weighted_bce_seed42,T1_2015,densenet121,Cardiomegaly
0.8,1504,375,0.3129251700680272,0.1899538106235565,101,0.0671542553191489,13,123,0.8712871287128713,0.9123307198859588,0.4170616113744075,0.9899458623356536,0.0760172786793837,0.1227047669446155,0.1227047789762628,0.1227047669446155,0.9330289408128268,0.5421046892387993,anchor_densenet121_weighted_bce_seed42,T1_2015,densenet121,Cardiomegaly
0.8500000000000001,1598,281,0.2108843537414966,0.1443418013856812,116,0.0725907384230287,17,143,0.853448275862069,0.9035087719298246,0.4090909090909091,0.9874631268436578,0.082870839078088,0.1314711422019537,0.1314711410911271,0.1314711422019537,0.926296593606031,0.5229614878716776,anchor_densenet121_weighted_bce_seed42,T1_2015,densenet121,Cardiomegaly
0.9,1692,187,0.1224489795918367,0.0975750577367205,129,0.076241134751773,19,171,0.8527131782945736,0.8905950095969289,0.3914590747330961,0.9865343727852588,0.090434266743649,0.142992839714772,0.1429928424052594,0.142992839714772,0.919993354064684,0.5076918041313953,anchor_densenet121_weighted_bce_seed42,T1_2015,densenet121,Cardiomegaly
0.95,1786,93,0.0612244897959183,0.0484988452655889,138,0.0772676371780515,23,215,0.8333333333333334,0.8695388349514563,0.3484848484848485,0.9842032967032966,0.0992808609496771,0.1569267950872791,0.1569267985268109,0.1569267950872791,0.9137623997467286,0.4946752558309211,anchor_densenet121_weighted_bce_seed42,T1_2015,densenet121,Cardiomegaly
1.0,1879,0,0.0,0.0,147,0.0782331027142096,25,250,0.8299319727891157,0.8556581986143187,0.3279569892473118,0.9834107498341076,0.1064710705778911,0.1689259400011346,0.1689259406573725,0.1689259400011346,0.9067866176493692,0.4811890023047102,anchor_densenet121_weighted_bce_seed42,T1_2015,densenet121,Cardiomegaly
0.5,1994,1993,0.655367231638418,0.4926509186351706,61,0.0305917753259779,8,72,0.8688524590163934,0.9627521986549404,0.424,0.9957196361690744,0.0386299996919217,0.0588037826516922,0.0588037821463306,0.0588037826516922,0.9582403975812674,0.4669422116828529,anchor_densenet121_weighted_bce_seed42,T2_2016,densenet121,Pleural Effusion
0.55,2193,1794,0.615819209039548,0.442257217847769,68,0.0310077519379844,10,79,0.8529411764705882,0.9628235294117647,0.4233576642335766,0.995136186770428,0.039094804110473,0.0614172784247207,0.0614172790591922,0.0614172784247207,0.9509307958477508,0.4537052635252542,anchor_densenet121_weighted_bce_seed42,T2_2016,densenet121,Pleural Effusion
0.6,2393,1594,0.5932203389830508,0.3908136482939632,72,0.0300877559548683,10,87,0.8611111111111112,0.9625161568289532,0.4161073825503356,0.9955436720142602,0.0391953327525975,0.0658306569091406,0.0658306485867829,0.0658306569091406,0.94389989946862,0.4453086212429232,anchor_densenet121_weighted_bce_seed42,T2_2016,densenet121,Pleural Effusion
0.65,2592,1395,0.5310734463276836,0.3414698162729658,83,0.0320216049382716,15,102,0.8192771084337349,0.9593463531287364,0.4,0.9938067712634188,0.0431357674802715,0.0706953804323415,0.0706953841727227,0.0706953804323415,0.9391299754618314,0.4334319686957231,anchor_densenet121_weighted_bce_seed42,T2_2016,densenet121,Pleural Effusion
0.7,2791,1196,0.4632768361581921,0.2923884514435695,95,0.0340379792189179,17,124,0.8210526315789474,0.9540059347181008,0.3861386138613861,0.9934337582078022,0.0476170104243488,0.0786989891747448,0.0786989933858845,0.0786989891747448,0.9335506793690456,0.4199043054021454,anchor_densenet121_weighted_bce_seed42,T2_2016,densenet121,Pleural Effusion
0.75,2991,996,0.4011299435028249,0.2427821522309711,106,0.0354396522902039,22,154,0.7924528301886793,0.9466204506065858,0.3529411764705882,0.9920087177624408,0.0541266245182818,0.0882781028831007,0.088278110685535,0.0882781028831007,0.9275726758444788,0.406600597150691,anchor_densenet121_weighted_bce_seed42,T2_2016,densenet121,Pleural Effusion
0.8,3190,797,0.3389830508474576,0.1934383202099737,117,0.0366771159874608,29,173,0.7521367521367521,0.9437032216075496,0.3371647509578544,0.99009900990099,0.0580629580162463,0.0955524315561247,0.0955524204900272,0.0955524315561247,0.9197741008674948,0.389485277573538,anchor_densenet121_weighted_bce_seed42,T2_2016,densenet121,Pleural Effusion
0.8500000000000001,3389,598,0.2655367231638418,0.1446194225721784,130,0.0383593980525228,33,211,0.7461538461538462,0.9352562135624424,0.3149350649350649,0.9892891918208374,0.0644296303286101,0.1071788223301477,0.1071788189588095,0.1071788223301477,0.912709184034744,0.3757373390218253,anchor_densenet121_weighted_bce_seed42,T2_2016,densenet121,Pleural Effusion
0.9,3589,398,0.2146892655367231,0.0944881889763779,139,0.0387294511005851,34,255,0.7553956834532374,0.9260869565217392,0.2916666666666667,0.9894704242799628,0.0709122057862804,0.1211059786328476,0.1211059708662038,0.1211059786328476,0.9052132207277656,0.3645163133779164,anchor_densenet121_weighted_bce_seed42,T2_2016,densenet121,Pleural Effusion
0.95,3788,199,0.1016949152542373,0.04750656167979,159,0.041974656810982,40,320,0.7484276729559748,0.9118214384127858,0.2710706150341685,0.9880561361600476,0.0790939280987301,0.1342389399801413,0.1342389358457378,0.1342389399801413,0.9001171554788384,0.3519493806929369,anchor_densenet121_weighted_bce_seed42,T2_2016,densenet121,Pleural Effusion
1.0,3987,0,0.0,0.0,177,0.0443942814145974,49,405,0.7231638418079096,0.8937007874015748,0.2401500938086304,0.9858135495078172,0.087510437312563,0.1477181199851163,0.1477181146303035,0.1477181199851163,0.892902264335602,0.3379939561643522,anchor_densenet121_weighted_bce_seed42,T2_2016,densenet121,Pleural Effusion
0.5,1994,1993,0.6706161137440758,0.4796633941093969,139,0.0697091273821464,11,54,0.920863309352518,0.97088948787062,0.7032967032967034,0.9939293598233996,0.0309864408499326,0.0553663836865907,0.0553663764840203,0.0553663836865907,0.956743392348116,0.7345813498149867,anchor_densenet121_weighted_bce_seed42,T2_2016,densenet121,Cardiomegaly
0.55,2193,1794,0.6090047393364929,0.4311360448807854,165,0.0752393980848153,14,75,0.9151515151515152,0.96301775147929,0.668141592920354,0.99288256227758,0.0377801588796287,0.0648568299829592,0.0645480138685841,0.0648568299829592,0.9557677365369672,0.7232513796382066,anchor_densenet121_weighted_bce_seed42,T2_2016,densenet121,Cardiomegaly
0.6,2393,1594,0.566350710900474,0.3800841514726508,183,0.0764730463852904,17,107,0.907103825136612,0.9515837104072398,0.608058608058608,0.9919811320754716,0.0467920991629147,0.0776071632642889,0.0775312238964036,0.0776071632642889,0.9526580619637514,0.7074157503898916,anchor_densenet121_weighted_bce_seed42,T2_2016,densenet121,Cardiomegaly
0.65,2592,1395,0.490521327014218,0.3332398316970547,215,0.0829475308641975,25,135,0.8837209302325582,0.943205721497686,0.5846153846153846,0.9889722099691222,0.0546155060701439,0.0854816356638624,0.0854816393018412,0.0854816356638624,0.948163113559206,0.6838911623623549,anchor_densenet121_weighted_bce_seed42,T2_2016,densenet121,Cardiomegaly
0.7,2791,1196,0.4170616113744075,0.2861150070126227,246,0.0881404514510928,29,169,0.8821138211382114,0.9335952848722986,0.5621761658031088,0.987941787941788,0.0616237716476445,0.0954927503245117,0.0954927448910737,0.0954927503245117,0.9434671841806826,0.665204903749594,anchor_densenet121_weighted_bce_seed42,T2_2016,densenet121,Cardiomegaly
0.75,2991,996,0.3483412322274881,0.238148667601683,275,0.091942494149114,36,211,0.8690909090909091,0.9223122238586156,0.5311111111111111,0.9858323494687132,0.0699031258078241,0.1064284866621555,0.1064284831703964,0.1064284866621555,0.9376877761413844,0.6460301197397083,anchor_densenet121_weighted_bce_seed42,T2_2016,densenet121,Cardiomegaly
0.8,3190,797,0.2559241706161137,0.1932678821879382,314,0.0984326018808777,42,261,0.8662420382165605,0.909248956884562,0.5103189493433395,0.9841926985321792,0.0782390694463996,0.1164470682638846,0.1164470610246762,0.1164470682638846,0.9311837256274196,0.6257677078300165,anchor_densenet121_weighted_bce_seed42,T2_2016,densenet121,Cardiomegaly
0.8500000000000001,3389,598,0.1800947867298578,0.1464235624123422,346,0.1020950132782531,52,323,0.8497109826589595,0.8938547486033519,0.4764991896272285,0.9812409812409812,0.0872668915491744,0.1277869629483218,0.1277869692829092,0.1277869629483218,0.9248189248896832,0.6089295876914327,anchor_densenet121_weighted_bce_seed42,T2_2016,densenet121,Cardiomegaly
0.9,3589,398,0.1113744075829383,0.0984572230014025,375,0.1044859292281972,62,396,0.8346666666666667,0.8767890479153703,0.4414668547249647,0.9784722222222222,0.0961536997359959,0.1398179493745901,0.1398179544341966,0.1398179493745901,0.9174673304293716,0.5916939786370349,anchor_densenet121_weighted_bce_seed42,T2_2016,densenet121,Cardiomegaly
0.95,3788,199,0.0402843601895734,0.0510518934081346,405,0.1069165786694825,77,470,0.8098765432098766,0.8610700561631688,0.4110275689223057,0.974247491638796,0.1042089425117717,0.150357449260553,0.1503574491735181,0.150357449260553,0.9092733091747772,0.5742286734698445,anchor_densenet121_weighted_bce_seed42,T2_2016,densenet121,Cardiomegaly
1.0,3987,0,0.0,0.0,422,0.1058439929771758,85,558,0.7985781990521327,0.8434782608695652,0.376536312849162,0.972509702457956,0.1114801562646971,0.1635107327661875,0.163510738954916,0.1635107327661875,0.9018033408001702,0.5605254220477547,anchor_densenet121_weighted_bce_seed42,T2_2016,densenet121,Cardiomegaly
0.5,1218,1218,0.6235294117647059,0.4955338153977031,32,0.0262725779967159,5,35,0.84375,0.9704890387858348,0.4354838709677419,0.995674740484429,0.0320796767060741,0.0524462567319656,0.0522061251899095,0.0524462567319656,0.9035887436762228,0.46123661058321,anchor_densenet121_weighted_bce_seed42,T3_2017,densenet121,Pleural Effusion
0.55,1340,1096,0.5882352941176471,0.4449170565716716,35,0.0261194029850746,5,39,0.8571428571428571,0.9701149425287356,0.4347826086956521,0.996066089693155,0.0321693969244312,0.0563357812533182,0.0562880744156775,0.0563357812533182,0.9045210727969348,0.4593439238236184,anchor_densenet121_weighted_bce_seed42,T3_2017,densenet121,Pleural Effusion
0.6,1462,974,0.5294117647058824,0.3951509995746491,40,0.027359781121751,8,47,0.8,0.9669479606188468,0.4050632911392405,0.9942154736080984,0.0363269071090529,0.0612141060988162,0.0612141054108351,0.0612141060988162,0.9066367791842476,0.4433470530727917,anchor_densenet121_weighted_bce_seed42,T3_2017,densenet121,Pleural Effusion
0.65,1584,852,0.5058823529411764,0.3441088898341131,42,0.0265151515151515,8,57,0.8095238095238095,0.9630350194552528,0.3736263736263736,0.9946416610850636,0.0393788059258094,0.0694473549727152,0.0694473539620186,0.0694473549727152,0.9016042863319128,0.4316166890314868,anchor_densenet121_weighted_bce_seed42,T3_2017,densenet121,Pleural Effusion
0.7,1706,730,0.4352941176470588,0.2947681837515951,48,0.0281359906213364,12,66,0.75,0.960193003618818,0.3529411764705882,0.9925187032418952,0.0434214214064014,0.0748445037435762,0.0748444999997249,0.0748445037435762,0.9004636610373945,0.4107773088286374,anchor_densenet121_weighted_bce_seed42,T3_2017,densenet121,Pleural Effusion
0.75,1827,609,0.3529411764705882,0.2462781794980859,55,0.030103995621237,12,79,0.7818181818181819,0.9554176072234764,0.3524590163934426,0.9929618768328444,0.0470036327825031,0.083797426682249,0.0837974284164358,0.083797426682249,0.8995639236609891,0.3980262555529222,anchor_densenet121_weighted_bce_seed42,T3_2017,densenet121,Pleural Effusion
0.8,1949,487,0.2588235294117647,0.1977881752445767,63,0.0323242688558235,15,99,0.7619047619047619,0.9475079533404028,0.3265306122448979,0.9916759156492786,0.0535480363475169,0.0940876056197906,0.0940876070385165,0.0940876056197906,0.8986559275530642,0.3853031170862542,anchor_densenet121_weighted_bce_seed42,T3_2017,densenet121,Pleural Effusion
0.8500000000000001,2071,365,0.2352941176470588,0.1467460655040408,65,0.0313858039594398,15,118,0.7692307692307693,0.9411764705882352,0.2976190476190476,0.9921177088807148,0.0585548265844553,0.1067266056924799,0.1067266131169781,0.1067266056924799,0.8921159598128692,0.376094686308398,anchor_densenet121_weighted_bce_seed42,T3_2017,densenet121,Pleural Effusion
0.9,2193,243,0.1176470588235294,0.0991067630795406,75,0.0341997264021887,19,146,0.7466666666666667,0.931067044381492,0.2772277227722772,0.9904570567553992,0.0659894363469079,0.1186709279229298,0.1186709276112149,0.1186709279229298,0.891026125275417,0.36058139197161,anchor_densenet121_weighted_bce_seed42,T3_2017,densenet121,Pleural Effusion
0.95,2315,121,0.0705882352941176,0.0489153551680136,79,0.0341252699784017,22,189,0.7215189873417721,0.915474060822898,0.2317073170731707,0.9893668438859352,0.0750360982224771,0.135162522516678,0.1351625227516207,0.135162522516678,0.8843521432938566,0.3479848895888645,anchor_densenet121_weighted_bce_seed42,T3_2017,densenet121,Pleural Effusion
1.0,2436,0,0.0,0.0,85,0.0348932676518883,23,242,0.7294117647058823,0.8970650786899191,0.2039473684210526,0.9892120075046904,0.0838682709059652,0.1508544075282899,0.1508544074074779,0.1508544075282899,0.8779418019866391,0.3340012628976903,anchor_densenet121_weighted_bce_seed42,T3_2017,densenet121,Pleural Effusion
0.5,1218,1218,0.689922480620155,0.4775022956841138,80,0.0656814449917898,6,48,0.925,0.9578207381370826,0.6065573770491803,0.9945255474452556,0.0415838208785526,0.0673794591744325,0.0673794598824823,0.0673794591744325,0.954042179261863,0.6093021666953351,anchor_densenet121_weighted_bce_seed42,T3_2017,densenet121,Cardiomegaly
0.55,1340,1096,0.6201550387596899,0.4297520661157025,98,0.0731343283582089,7,61,0.9285714285714286,0.9508856682769726,0.5986842105263158,0.9941077441077442,0.0470001376453453,0.0754858229490024,0.0754858319856115,0.0754858229490024,0.9523275493772388,0.60642060710212,anchor_densenet121_weighted_bce_seed42,T3_2017,densenet121,Cardiomegaly
0.6,1462,974,0.5542635658914729,0.3815426997245179,115,0.0786593707250342,11,71,0.9043478260869564,0.947290274684484,0.5942857142857143,0.9914529914529916,0.0516014625922079,0.0804882260770747,0.0804882241711122,0.0804882260770747,0.9493302346599528,0.599455964625902,anchor_densenet121_weighted_bce_seed42,T3_2017,densenet121,Cardiomegaly
0.65,1584,852,0.4961240310077519,0.3324150596877869,130,0.082070707070707,13,91,0.9,0.937414030261348,0.5625,0.9905523255813954,0.0590560205445126,0.0915618964113445,0.0915619105105335,0.0915618964113445,0.9455798328219236,0.5912009819167645,anchor_densenet121_weighted_bce_seed42,T3_2017,densenet121,Cardiomegaly
0.7,1706,730,0.4147286821705426,0.2860422405876951,151,0.0885111371629542,18,110,0.8807947019867549,0.9292604501607716,0.5473251028806584,0.9876965140123036,0.0660942242475566,0.0992528987690317,0.0992529138350577,0.0992528987690317,0.940691211856647,0.5809500018386238,anchor_densenet121_weighted_bce_seed42,T3_2017,densenet121,Cardiomegaly
0.75,1827,609,0.3410852713178294,0.2392102846648301,170,0.0930487137383689,21,135,0.8764705882352941,0.9185274592637296,0.5246478873239436,0.9863901490602722,0.0735019809743034,0.1096643115361702,0.1096643150509317,0.1096643115361702,0.9352834676417338,0.5703988787925627,anchor_densenet121_weighted_bce_seed42,T3_2017,densenet121,Cardiomegaly
0.8,1949,487,0.2596899224806202,0.1928374655647383,191,0.0979989738327347,25,164,0.8691099476439791,0.906712172923777,0.503030303030303,0.9845583693638048,0.0812941780265979,0.1197701631550638,0.1197701722341448,0.1197701631550638,0.9294042492361024,0.5595533184544849,anchor_densenet121_weighted_bce_seed42,T3_2017,densenet121,Cardiomegaly
0.8500000000000001,2071,365,0.189922480620155,0.1450872359963269,209,0.1009174311926605,28,192,0.8660287081339713,0.8968850698174007,0.485254691689008,0.983510011778563,0.0880226801273762,0.1303804202597968,0.1303804361035229,0.1303804202597968,0.9236171426515708,0.5490081589043786,anchor_densenet121_weighted_bce_seed42,T3_2017,densenet121,Cardiomegaly
0.9,2193,243,0.1201550387596899,0.0973370064279155,227,0.1035111719106247,37,228,0.8370044052863436,0.884028484231943,0.4545454545454545,0.9791549295774647,0.0961607446960448,0.1408332039046195,0.1408332060993641,0.1408332039046195,0.9172485110311416,0.5376894831607563,anchor_densenet121_weighted_bce_seed42,T3_2017,densenet121,Cardiomegaly
0.95,2315,121,0.0736434108527131,0.046831955922865,239,0.1032397408207343,42,278,0.8242677824267782,0.8660886319845857,0.4147368421052632,0.9771739130434782,0.1040811754010916,0.1541555168054853,0.1541555175207732,0.1541555168054853,0.9107401988052338,0.5263857915441398,anchor_densenet121_weighted_bce_seed42,T3_2017,densenet121,Cardiomegaly
1.0,2436,0,0.0,0.0,258,0.105911330049261,54,323,0.7906976744186046,0.8516988062442608,0.3870967741935484,0.9717129387113672,0.1113752304879429,0.1634347643282674,0.1634347655065663,0.1634347643282674,0.9022207629501496,0.5125857116567695,anchor_densenet121_weighted_bce_seed42,T3_2017,densenet121,Cardiomegaly
0.5,940,939,0.98989898989899,0.4724719101123595,1,0.001063829787234,1,0,0.0,1.0,,0.998936170212766,0.0010692907757628,0.0035684813667296,0.0024413442833626,0.0035684813667296,0.7465388711395101,0.00418410041841,anchor_resnet50_unweighted_bce_seed123,T1_2015,resnet50,Pleural Effusion
0.55,1034,845,0.98989898989899,0.4196629213483146,1,0.0009671179883945,1,0,0.0,1.0,,0.9990328820116054,0.0009788365305824,0.0039933567653442,0.0030015771902333,0.0039933567653442,0.6786060019361084,0.003003003003003,anchor_resnet50_unweighted_bce_seed123,T1_2015,resnet50,Pleural Effusion
0.6,1128,751,0.98989898989899,0.3668539325842697,1,0.000886524822695,1,0,0.0,1.0,,0.999113475177305,0.0009071927845591,0.0043904787666991,0.0036582762560417,0.0043904787666991,0.6220053238686779,0.0023419203747072,anchor_resnet50_unweighted_bce_seed123,T1_2015,resnet50,Pleural Effusion
0.65,1222,657,0.9696969696969696,0.3151685393258427,3,0.0024549918166939,3,0,0.0,1.0,,0.997545008183306,0.0024421145562522,0.0041135855000229,0.0027884637087937,0.0041135855000229,0.8424938474159147,0.096552154158127,anchor_resnet50_unweighted_bce_seed123,T1_2015,resnet50,Pleural Effusion
0.7,1316,563,0.9292929292929292,0.2646067415730337,7,0.0053191489361702,7,0,0.0,1.0,,0.9946808510638298,0.005228972272012,0.005597736448374,0.000758305023563,0.005597736448374,0.8813707301102258,0.0358302290424103,anchor_resnet50_unweighted_bce_seed123,T1_2015,resnet50,Pleural Effusion
0.75,1410,469,0.9292929292929292,0.2117977528089887,7,0.0049645390070921,7,0,0.0,1.0,,0.9950354609929078,0.0049135100621963,0.0083106099868586,0.0021893981203489,0.0083106099868586,0.82231951939721,0.0173905866392604,anchor_resnet50_unweighted_bce_seed123,T1_2015,resnet50,Pleural Effusion
0.8,1504,375,0.898989898989899,0.1606741573033707,10,0.0066489361702127,10,0,0.0,1.0,,0.9933510638297872,0.006532538881721,0.0055306563225074,0.0019929242776112,0.0055306563225074,0.83380187416332,0.0379032239059068,anchor_resnet50_unweighted_bce_seed123,T1_2015,resnet50,Pleural Effusion
0.8500000000000001,1598,281,0.797979797979798,0.1134831460674157,20,0.0125156445556946,20,0,0.0,1.0,,0.9874843554443054,0.0119274338212385,0.0112644776898478,0.0016303500288792,0.0112644776898478,0.8843155893536121,0.1057667504329918,anchor_resnet50_unweighted_bce_seed123,T1_2015,resnet50,Pleural Effusion
0.9,1692,187,0.7070707070707071,0.0657303370786516,29,0.0171394799054373,29,0,0.0,1.0,,0.9828605200945626,0.0160561544728057,0.007399755995583,0.0027538402155746,0.007399755995583,0.883664752109814,0.1071234676758469,anchor_resnet50_unweighted_bce_seed123,T1_2015,resnet50,Pleural Effusion
0.95,1786,93,0.5454545454545454,0.0219101123595505,45,0.0251959686450167,45,0,0.0,1.0,,0.9748040313549832,0.0225941197081801,0.0105002930875808,0.0043954761580992,0.0105002930875808,0.893049971280873,0.1734578394950113,anchor_resnet50_unweighted_bce_seed123,T1_2015,resnet50,Pleural Effusion
1.0,1879,0,0.0,0.0,99,0.0526875997871208,97,3,0.0202020202020202,0.998314606741573,0.4,0.948239060832444,0.0373166740202958,0.0235498402228786,0.0176487991798464,0.0235498402228786,0.9366388605152648,0.4654876197177692,anchor_resnet50_unweighted_bce_seed123,T1_2015,resnet50,Pleural Effusion
0.5,940,939,0.9659863945578232,0.4601616628175519,5,0.0053191489361702,5,0,0.0,1.0,,0.9946808510638298,0.0052463285419943,0.0085839820085737,0.0055538484073699,0.0085839820085737,0.9110160427807488,0.0636944120171928,anchor_resnet50_unweighted_bce_seed123,T1_2015,resnet50,Cardiomegaly
0.55,1034,845,0.9523809523809524,0.4070438799076212,7,0.006769825918762,7,0,0.0,1.0,,0.993230174081238,0.0066750555576702,0.0085544501440518,0.0061831081005054,0.0085544501440518,0.8671581582973987,0.0320476138858491,anchor_resnet50_unweighted_bce_seed123,T1_2015,resnet50,Cardiomegaly
0.6,1128,751,0.9251700680272108,0.355080831408776,11,0.0097517730496453,11,0,0.0,1.0,,0.9902482269503546,0.0095265666134709,0.0062645216471827,0.0055972295053673,0.0062645216471827,0.8513469520631561,0.0369221314532428,anchor_resnet50_unweighted_bce_seed123,T1_2015,resnet50,Cardiomegaly
0.65,1222,657,0.9047619047619048,0.302540415704388,14,0.011456628477905,14,0,0.0,1.0,,0.9885433715220948,0.0112023962563566,0.0098400168875274,0.006737192013528,0.0098400168875274,0.8255380794701986,0.0367762332378984,anchor_resnet50_unweighted_bce_seed123,T1_2015,resnet50,Cardiomegaly
0.7,1316,563,0.8775510204081632,0.2505773672055427,18,0.0136778115501519,18,0,0.0,1.0,,0.986322188449848,0.0133587162999901,0.0087423214039943,0.0079503950456264,0.0087423214039943,0.8115048793014894,0.0410603290526132,anchor_resnet50_unweighted_bce_seed123,T1_2015,resnet50,Cardiomegaly
0.75,1410,469,0.8299319727891157,0.2003464203233256,25,0.0177304964539007,25,0,0.0,1.0,,0.9822695035460992,0.0171005814866683,0.0093061753076002,0.0079938624027772,0.0093061753076002,0.8161010830324911,0.055239966023988,anchor_resnet50_unweighted_bce_seed123,T1_2015,resnet50,Cardiomegaly
0.8,1504,375,0.7755102040816326,0.1506928406466512,33,0.0219414893617021,33,0,0.0,1.0,,0.978058510638298,0.0209094799217494,0.0087808414937171,0.0087808420673567,0.0087808414937171,0.8185011227159427,0.0778826151133258,anchor_resnet50_unweighted_bce_seed123,T1_2015,resnet50,Cardiomegaly
0.8500000000000001,1598,281,0.673469387755102,0.1050808314087759,48,0.030037546933667,48,0,0.0,1.0,,0.9699624530663328,0.027608516642036,0.0090348087892272,0.0090348093871852,0.0090348087892272,0.8384946236559139,0.1257066744728613,anchor_resnet50_unweighted_bce_seed123,T1_2015,resnet50,Cardiomegaly
0.9,1692,187,0.5306122448979592,0.062933025404157,69,0.0407801418439716,69,0,0.0,1.0,,0.9592198581560284,0.0358177560787965,0.011574046694204,0.0110043257642229,0.011574046694204,0.8539517979765509,0.1667434517701891,anchor_resnet50_unweighted_bce_seed123,T1_2015,resnet50,Cardiomegaly
0.95,1786,93,0.3265306122448979,0.0259815242494226,99,0.0554311310190369,99,1,0.0,0.999407231772377,0.0,0.9445378151260504,0.045612987071961,0.0128542076845375,0.0123818465628455,0.0128542076845375,0.870498104937939,0.2795601472831165,anchor_resnet50_unweighted_bce_seed123,T1_2015,resnet50,Cardiomegaly
1.0,1879,0,0.0,0.0,147,0.0782331027142096,137,6,0.0680272108843537,0.9965357967667436,0.625,0.9264626945786366,0.0562088506119764,0.0160531945298106,0.017755784792206,0.0160531945298106,0.8934659314072049,0.4087110659455611,anchor_resnet50_unweighted_bce_seed123,T1_2015,resnet50,Cardiomegaly
0.5,1994,1993,0.9661016949152542,0.4782152230971128,6,0.0030090270812437,6,0,0.0,1.0,,0.9969909729187564,0.0029928591849175,0.0032367099426456,0.0005718914543464,0.0032367099426456,0.7242622401073106,0.0237682787623835,anchor_resnet50_unweighted_bce_seed123,T2_2016,resnet50,Pleural Effusion
0.55,2193,1794,0.9548022598870056,0.426509186351706,8,0.0036479708162334,8,0,0.0,1.0,,0.9963520291837664,0.0036250752919074,0.0035573654053554,0.000455857405326,0.0035573654053554,0.7281178489702517,0.0110735348965471,anchor_resnet50_unweighted_bce_seed123,T2_2016,resnet50,Pleural Effusion
0.6,2393,1594,0.9209039548022598,0.3755905511811023,14,0.0058503969912244,14,0,0.0,1.0,,0.9941496030087756,0.0057832140017626,0.0043506932930769,0.0011033890177322,0.0043506932930769,0.790383114153606,0.0223400033710363,anchor_resnet50_unweighted_bce_seed123,T2_2016,resnet50,Pleural Effusion
0.65,2592,1395,0.903954802259887,0.3241469816272966,17,0.0065586419753086,17,0,0.0,1.0,,0.9934413580246914,0.0064775306494364,0.0043964263869709,0.0010151254921507,0.0043964263869709,0.7737064534551685,0.0214304161067706,anchor_resnet50_unweighted_bce_seed123,T2_2016,resnet50,Pleural Effusion
0.7,2791,1196,0.8813559322033898,0.2729658792650918,21,0.0075241848799713,21,0,0.0,1.0,,0.9924758151200288,0.0074192713757521,0.003670299144902,0.0009578764411934,0.003670299144902,0.7669761045212309,0.0213629860774736,anchor_resnet50_unweighted_bce_seed123,T2_2016,resnet50,Pleural Effusion
0.75,2991,996,0.8361581920903954,0.2225721784776902,29,0.009695753928452,29,0,0.0,1.0,,0.990304246071548,0.0094970343896113,0.004097793746946,0.0018261862063698,0.004097793746946,0.7894304873221728,0.0546612613542161,anchor_resnet50_unweighted_bce_seed123,T2_2016,resnet50,Pleural Effusion
0.8,3190,797,0.7853107344632768,0.1727034120734908,38,0.0119122257053291,38,0,0.0,1.0,,0.9880877742946708,0.0116008306437291,0.0043112156008184,0.0023216902806794,0.0043112156008184,0.7970378039006145,0.0408330995323039,anchor_resnet50_unweighted_bce_seed123,T2_2016,resnet50,Pleural Effusion
0.8500000000000001,3389,598,0.7288135593220338,0.1230971128608924,48,0.0141634700501622,48,0,0.0,1.0,,0.9858365299498376,0.0137354507609293,0.0043380664097896,0.0021515136266412,0.0043380664097896,0.796720667464831,0.0428846227309275,anchor_resnet50_unweighted_bce_seed123,T2_2016,resnet50,Pleural Effusion
0.9,3589,398,0.5706214689265536,0.0779527559055118,76,0.0211758149902479,76,0,0.0,1.0,,0.978824185009752,0.0198846308769487,0.0072016588702339,0.0053561611215727,0.0072016588702339,0.8379402819602378,0.102909631834624,anchor_resnet50_unweighted_bce_seed123,T2_2016,resnet50,Pleural Effusion
0.95,3788,199,0.3898305084745763,0.0341207349081364,108,0.0285110876451953,108,0,0.0,1.0,,0.9714889123548046,0.0259280948957713,0.008010381818674,0.006428346891495,0.008010381818674,0.8530457427536232,0.1401927434116415,anchor_resnet50_unweighted_bce_seed123,T2_2016,resnet50,Pleural Effusion
1.0,3987,0,0.0,0.0,177,0.0443942814145974,166,3,0.0621468926553672,0.9992125984251968,0.7857142857142857,0.9582179713063176,0.0356570609157261,0.0080106080134109,0.008952659396172,0.0080106080134109,0.8869226092501148,0.3147052797373511,anchor_resnet50_unweighted_bce_seed123,T2_2016,resnet50,Pleural Effusion
0.5,1994,1993,0.943127962085308,0.4474053295932679,24,0.0120361083249749,24,0,0.0,1.0,,0.9879638916750252,0.0118717846831896,0.0069624769375193,0.0005630449454487,0.0069624769375193,0.6393718274111675,0.0476273685340823,anchor_resnet50_unweighted_bce_seed123,T2_2016,resnet50,Cardiomegaly
0.55,2193,1794,0.9265402843601896,0.3935483870967742,31,0.0141358869129046,31,0,0.0,1.0,,0.9858641130870952,0.0138653041186421,0.0057937998167076,0.0002201320582255,0.0057937998167076,0.6704141923547492,0.0388024717939973,anchor_resnet50_unweighted_bce_seed123,T2_2016,resnet50,Cardiomegaly
0.6,2393,1594,0.9075829383886256,0.3396914446002805,39,0.0162975344755537,39,0,0.0,1.0,,0.9837024655244464,0.0159215044173291,0.0054817071796122,0.0004452761314027,0.0054817071796122,0.6861043940483192,0.0486195153066919,anchor_resnet50_unweighted_bce_seed123,T2_2016,resnet50,Cardiomegaly
0.65,2592,1395,0.8957345971563981,0.285273492286115,44,0.0169753086419753,44,0,0.0,1.0,,0.9830246913580248,0.016689234993533,0.0079811574991545,0.0030752207485981,0.0079811574991545,0.6685056015413158,0.0281407150865368,anchor_resnet50_unweighted_bce_seed123,T2_2016,resnet50,Cardiomegaly
0.7,2791,1196,0.8578199052132701,0.2339410939691444,60,0.0214976710856323,60,0,0.0,1.0,,0.9785023289143676,0.0207714389584794,0.0078940194336893,0.0025609558790559,0.0078940194336893,0.7154400097644331,0.0578099450536903,anchor_resnet50_unweighted_bce_seed123,T2_2016,resnet50,Cardiomegaly
0.75,2991,996,0.7938388625592417,0.1854137447405329,87,0.029087261785356,87,0,0.0,1.0,,0.970912738214644,0.0272443919609596,0.0094902229464053,0.0039586581636017,0.0094902229464053,0.7668178651720972,0.123382187881015,anchor_resnet50_unweighted_bce_seed123,T2_2016,resnet50,Cardiomegaly
0.8,3190,797,0.7156398104265402,0.1388499298737728,120,0.0376175548589341,120,0,0.0,1.0,,0.962382445141066,0.0342798923671965,0.0113949974086485,0.006237790394913,0.0113949974086485,0.7934079804560261,0.1347480486327342,anchor_resnet50_unweighted_bce_seed123,T2_2016,resnet50,Cardiomegaly
0.8500000000000001,3389,598,0.6208530805687204,0.0942496493688639,160,0.0472115668338743,160,0,0.0,1.0,,0.9527884331661256,0.0417474496493499,0.0132495421254235,0.0082004824045943,0.0132495421254235,0.81031666150511,0.179081578778955,anchor_resnet50_unweighted_bce_seed123,T2_2016,resnet50,Cardiomegaly
0.9,3589,398,0.485781990521327,0.0541374474053295,217,0.0604625243800501,217,0,0.0,1.0,,0.9395374756199498,0.0510341023099141,0.0152594680554808,0.0115534240288068,0.0152594680554808,0.8294315889597718,0.228849834428823,anchor_resnet50_unweighted_bce_seed123,T2_2016,resnet50,Cardiomegaly
0.95,3788,199,0.2938388625592417,0.0210378681626928,298,0.0786694825765575,295,0,0.0100671140939597,1.0,1.0,0.9220607661822986,0.0612137488222249,0.0206229617691065,0.0164008195872921,0.0206229617691065,0.851643718390031,0.3415538091329081,anchor_resnet50_unweighted_bce_seed123,T2_2016,resnet50,Cardiomegaly
1.0,3987,0,0.0,0.0,422,0.1058439929771758,394,11,0.0663507109004739,0.9969144460028052,0.717948717948718,0.9002026342451874,0.0715839078449748,0.0278181015927992,0.0246840480846781,0.0278181015927992,0.8798102935995693,0.4959342977658179,anchor_resnet50_unweighted_bce_seed123,T2_2016,resnet50,Cardiomegaly
0.5,1218,1218,0.9294117647058824,0.484474691620587,6,0.0049261083743842,6,0,0.0,1.0,,0.9950738916256158,0.0049065707030566,0.0040245300636944,0.0013647369026513,0.0040245300636944,0.516570407040704,0.0072078332530387,anchor_resnet50_unweighted_bce_seed123,T3_2017,resnet50,Pleural Effusion
0.55,1340,1096,0.8823529411764706,0.43428328370906,10,0.0074626865671641,10,0,0.0,1.0,,0.9925373134328358,0.0073986128924392,0.0066495451420274,0.0033955049575931,0.0066495451420274,0.6626691729323309,0.0215350539412608,anchor_resnet50_unweighted_bce_seed123,T3_2017,resnet50,Pleural Effusion
0.6,1462,974,0.8588235294117647,0.383241173968524,12,0.0082079343365253,12,0,0.0,1.0,,0.9917920656634748,0.0081294797487707,0.0051000697339028,0.0035424436310053,0.0051000697339028,0.6654022988505748,0.0177726334104044,anchor_resnet50_unweighted_bce_seed123,T3_2017,resnet50,Pleural Effusion
0.65,1584,852,0.8588235294117647,0.3313483623989791,12,0.0075757575757575,12,0,0.0,1.0,,0.9924242424242424,0.0075187470871286,0.0077728999956779,0.0021830650582683,0.0077728999956779,0.6137616624257846,0.0114452844975382,anchor_resnet50_unweighted_bce_seed123,T3_2017,resnet50,Pleural Effusion
0.7,1706,730,0.8588235294117647,0.2794555508294343,12,0.0070339976553341,12,0,0.0,1.0,,0.992966002344666,0.0070046444276016,0.005439447741688,0.0007322574709078,0.005439447741688,0.5695592286501376,0.008876300311657,anchor_resnet50_unweighted_bce_seed123,T3_2017,resnet50,Pleural Effusion
0.75,1827,609,0.8117647058823529,0.2296894938324117,16,0.0087575259989053,16,0,0.0,1.0,,0.9912424740010948,0.0086596889439101,0.0062344683847554,0.0012762965073734,0.0062344683847554,0.6435498343456654,0.0324700001211563,anchor_resnet50_unweighted_bce_seed123,T3_2017,resnet50,Pleural Effusion
0.8,1949,487,0.788235294117647,0.1786473840918758,18,0.0092355053873781,18,0,0.0,1.0,,0.9907644946126218,0.0091474831783265,0.0051172321180637,0.0002741500737194,0.0051172321180637,0.6417946947465332,0.0165081722576134,anchor_resnet50_unweighted_bce_seed123,T3_2017,resnet50,Pleural Effusion
0.8500000000000001,2071,365,0.7294117647058823,0.1288813270948532,23,0.0111057460164171,23,0,0.0,1.0,,0.9888942539835828,0.0109108727179925,0.0078997926482771,0.0001487377887112,0.0078997926482771,0.6875424592391305,0.0367776205671097,anchor_resnet50_unweighted_bce_seed123,T3_2017,resnet50,Pleural Effusion
0.9,2193,243,0.6823529411764706,0.0786899191833262,27,0.0123119015047879,27,0,0.0,1.0,,0.987688098495212,0.0121181335143331,0.0068765344227525,0.0017112525378732,0.0068765344227525,0.6988475086351356,0.0328926822619122,anchor_resnet50_unweighted_bce_seed123,T3_2017,resnet50,Pleural Effusion
0.95,2315,121,0.5176470588235295,0.0327520204168439,41,0.0177105831533477,41,0,0.0,1.0,,0.9822894168466524,0.0167452884714035,0.0084043286316354,0.0023686615118583,0.0084043286316354,0.7739183130617586,0.1041500622136088,anchor_resnet50_unweighted_bce_seed123,T3_2017,resnet50,Pleural Effusion
1.0,2436,0,0.0,0.0,85,0.0348932676518883,79,4,0.0705882352941176,0.998298596341982,0.6,0.9674361088211046,0.0271525153272818,0.0079979905029487,0.0051114370599878,0.0079979905029487,0.8717842219831361,0.3356755085150433,anchor_resnet50_unweighted_bce_seed123,T3_2017,resnet50,Pleural Effusion
0.5,1218,1218,0.9689922480620154,0.4444444444444444,8,0.0065681444991789,8,0,0.0,1.0,,0.993431855500821,0.0065909605818595,0.0087135570651005,0.0052200300108231,0.0087135570651005,0.665547520661157,0.0124198288546608,anchor_resnet50_unweighted_bce_seed123,T3_2017,resnet50,Cardiomegaly
0.55,1340,1096,0.9457364341085271,0.3911845730027548,14,0.0104477611940298,14,0,0.0,1.0,,0.98955223880597,0.01025817497333,0.0070192661066018,0.0038498619932736,0.0070192661066018,0.7566257272139625,0.0361149585068148,anchor_resnet50_unweighted_bce_seed123,T3_2017,resnet50,Cardiomegaly
0.6,1462,974,0.9341085271317828,0.3365472910927456,17,0.0116279069767441,17,0,0.0,1.0,,0.9883720930232558,0.0114474101282329,0.0070839915278269,0.0055912136598381,0.0070839915278269,0.7437410950539385,0.0330969787972975,anchor_resnet50_unweighted_bce_seed123,T3_2017,resnet50,Cardiomegaly
0.65,1584,852,0.9031007751937984,0.2842056932966024,25,0.0157828282828282,25,0,0.0,1.0,,0.9842171717171716,0.0152916672092242,0.0080925812641972,0.004832280028348,0.0080925812641972,0.776023091725465,0.0538814106996305,anchor_resnet50_unweighted_bce_seed123,T3_2017,resnet50,Cardiomegaly
0.7,1706,730,0.8565891472868217,0.2337006427915519,37,0.0216881594372801,37,0,0.0,1.0,,0.9783118405627198,0.0205662824957314,0.0072818236455339,0.0029094201760477,0.0072818236455339,0.804859682930384,0.085992185769668,anchor_resnet50_unweighted_bce_seed123,T3_2017,resnet50,Cardiomegaly
0.75,1827,609,0.8062015503875969,0.1841138659320477,50,0.027367268746579,50,0,0.0,1.0,,0.9726327312534208,0.025548113927885,0.0080348468767252,0.0035778051583768,0.0080348468767252,0.8123860438942038,0.1026173514688459,anchor_resnet50_unweighted_bce_seed123,T3_2017,resnet50,Cardiomegaly
0.8,1949,487,0.7325581395348837,0.1368227731864095,69,0.0354027706516162,69,0,0.0,1.0,,0.9645972293483838,0.0321900086497427,0.0091647321791132,0.0053361887126595,0.0091647321791132,0.8259828862164661,0.1378354592655308,anchor_resnet50_unweighted_bce_seed123,T3_2017,resnet50,Cardiomegaly
0.8500000000000001,2071,365,0.6201550387596899,0.0941230486685032,98,0.0473201352003862,98,0,0.0,1.0,,0.9526798647996138,0.0412604541268306,0.0132678782852714,0.0093488031103379,0.0132678782852714,0.8435563784560961,0.1975736569138653,anchor_resnet50_unweighted_bce_seed123,T3_2017,resnet50,Cardiomegaly
0.9,2193,243,0.4844961240310077,0.0541781450872359,133,0.0606475148198814,132,0,0.0075187969924812,1.0,1.0,0.9397810218978102,0.0502381192484411,0.0158726246613188,0.0121351509056458,0.0158726246613188,0.8538196218702095,0.2683347732935583,anchor_resnet50_unweighted_bce_seed123,T3_2017,resnet50,Cardiomegaly
0.95,2315,121,0.2751937984496124,0.0229568411386593,187,0.0807775377969762,184,1,0.0160427807486631,0.99953007518797,0.75,0.9203807875378625,0.0613754251584581,0.0211808979003358,0.0186313618111301,0.0211808979003358,0.8726591713240319,0.3715716935802135,anchor_resnet50_unweighted_bce_seed123,T3_2017,resnet50,Cardiomegaly
1.0,2436,0,0.0,0.0,258,0.105911330049261,240,12,0.0697674418604651,0.9944903581267218,0.6,0.9002493765586035,0.0717434907674459,0.027985374953243,0.0258219434569279,0.027985374953243,0.8902315971554873,0.476159076968629,anchor_resnet50_unweighted_bce_seed123,T3_2017,resnet50,Cardiomegaly
0.5,940,939,1.0,0.4719101123595505,0,0.0,0,0,,1.0,,1.0,5.570903793846958e-06,0.0019342398735077,0.0019342399900779,0.0019342398735077,,,anchor_resnet50_unweighted_bce_seed2026,T1_2015,resnet50,Pleural Effusion
0.55,1034,845,1.0,0.4191011235955056,0,0.0,0,0,,1.0,,1.0,8.053997231789478e-06,0.0022785592235613,0.0022785593755543,0.0022785592235613,,,anchor_resnet50_unweighted_bce_seed2026,T1_2015,resnet50,Pleural Effusion
0.6,1128,751,0.9797979797979798,0.3674157303370786,2,0.00177304964539,2,0,0.0,1.0,,0.99822695035461,0.0017583608625199,0.0029980688818634,0.0009671397877077,0.0029980688818634,0.9542628774422736,0.0364942528735632,anchor_resnet50_unweighted_bce_seed2026,T1_2015,resnet50,Pleural Effusion
0.65,1222,657,0.9595959595959596,0.3157303370786516,4,0.0032733224222585,4,0,0.0,1.0,,0.9967266775777414,0.0032335365944051,0.0032362816548792,6.329762915518186e-05,0.0032362816548792,0.9254926108374384,0.0303577775008423,anchor_resnet50_unweighted_bce_seed2026,T1_2015,resnet50,Pleural Effusion
0.7,1316,563,0.9393939393939394,0.2640449438202247,6,0.0045592705167173,6,0,0.0,1.0,,0.9954407294832828,0.004491800872148,0.0030965977739387,0.0004754946015118,0.0030965977739387,0.8993638676844784,0.0499406369487183,anchor_resnet50_unweighted_bce_seed2026,T1_2015,resnet50,Pleural Effusion
0.75,1410,469,0.9393939393939394,0.2112359550561797,6,0.0042553191489361,6,0,0.0,1.0,,0.9957446808510638,0.0042175076304395,0.0042403528824116,0.0008416388699031,0.0042403528824116,0.8391500474833808,0.0144469639795654,anchor_resnet50_unweighted_bce_seed2026,T1_2015,resnet50,Pleural Effusion
0.8,1504,375,0.8686868686868687,0.1623595505617977,13,0.0086436170212765,13,0,0.0,1.0,,0.9913563829787234,0.0083883671414848,0.0044457961883458,0.0020949049912234,0.0044457961883458,0.8897745447041222,0.0817832554243584,anchor_resnet50_unweighted_bce_seed2026,T1_2015,resnet50,Pleural Effusion
0.8500000000000001,1598,281,0.797979797979798,0.1134831460674157,20,0.0125156445556946,20,0,0.0,1.0,,0.9874843554443054,0.0119676968324545,0.0061316304677763,0.0036283889913626,0.0061316304677763,0.8896704689480355,0.0866561838279733,anchor_resnet50_unweighted_bce_seed2026,T1_2015,resnet50,Pleural Effusion
0.9,1692,187,0.7373737373737373,0.0640449438202247,26,0.0153664302600472,26,0,0.0,1.0,,0.9846335697399528,0.0146755404225664,0.0053658055278624,0.0027223358450382,0.0053658055278624,0.8709368362729708,0.0643916779341601,anchor_resnet50_unweighted_bce_seed2026,T1_2015,resnet50,Pleural Effusion
0.95,1786,93,0.5252525252525253,0.0230337078651685,47,0.0263157894736842,47,0,0.0,1.0,,0.9736842105263158,0.0233290007130813,0.007873624766895,0.0057755727852795,0.007873624766895,0.8987557045501817,0.2024778658067096,anchor_resnet50_unweighted_bce_seed2026,T1_2015,resnet50,Pleural Effusion
1.0,1879,0,0.0,0.0,99,0.0526875997871208,85,11,0.1414141414141414,0.9938202247191013,0.56,0.954153182308522,0.0355671747791018,0.0144155329635947,0.0137276914319645,0.0144155329635947,0.9367041198501872,0.4826426246041791,anchor_resnet50_unweighted_bce_seed2026,T1_2015,resnet50,Pleural Effusion
0.5,940,939,0.979591836734694,0.4590069284064665,3,0.0031914893617021,3,0,0.0,1.0,,0.996808510638298,0.0031867515992495,0.0063926125962523,0.0016542942183924,0.0063926125962523,0.7440412664532194,0.0080157261566556,anchor_resnet50_unweighted_bce_seed2026,T1_2015,resnet50,Cardiomegaly
0.55,1034,845,0.9727891156462584,0.4053117782909931,4,0.0038684719535783,4,0,0.0,1.0,,0.9961315280464216,0.0038664853227321,0.0048466577472496,0.0024216220420524,0.0048466577472496,0.7423543689320389,0.0105089268689082,anchor_resnet50_unweighted_bce_seed2026,T1_2015,resnet50,Cardiomegaly
0.6,1128,751,0.9455782312925172,0.3533487297921478,8,0.0070921985815602,8,0,0.0,1.0,,0.9929078014184396,0.0069571128680193,0.0061422089114759,0.0010516408447783,0.0061422089114759,0.8205915178571428,0.0372182674326978,anchor_resnet50_unweighted_bce_seed2026,T1_2015,resnet50,Cardiomegaly
0.65,1222,657,0.9455782312925172,0.2990762124711316,8,0.0065466448445171,8,0,0.0,1.0,,0.9934533551554828,0.0065475489070463,0.0059022643848004,0.0040601171772628,0.0059022643848004,0.7570531301482701,0.0157547657805248,anchor_resnet50_unweighted_bce_seed2026,T1_2015,resnet50,Cardiomegaly
0.7,1316,563,0.91156462585034,0.2476905311778291,13,0.0098784194528875,13,0,0.0,1.0,,0.9901215805471124,0.0096853528235589,0.0067736903110594,0.0039562349006714,0.0067736903110594,0.8036483853828443,0.0477199653033503,anchor_resnet50_unweighted_bce_seed2026,T1_2015,resnet50,Cardiomegaly
0.75,1410,469,0.8707482993197279,0.1968822170900692,19,0.0134751773049645,18,0,0.0526315789473684,1.0,1.0,0.9872249822569198,0.0124080164033258,0.0071442353844759,0.0053187230615117,0.0071442353844759,0.8253055355859094,0.1221227875597079,anchor_resnet50_unweighted_bce_seed2026,T1_2015,resnet50,Cardiomegaly
0.8,1504,375,0.7891156462585034,0.1495381062355658,31,0.0206117021276595,30,1,0.032258064516129,0.9993211133740664,0.5,0.9800266311584552,0.0190371065328454,0.0070119847442254,0.0067513831395735,0.0070119847442254,0.8583426406499792,0.1717172449190685,anchor_resnet50_unweighted_bce_seed2026,T1_2015,resnet50,Cardiomegaly
0.8500000000000001,1598,281,0.6666666666666666,0.1056581986143187,49,0.0306633291614518,48,1,0.0204081632653061,0.999354422207876,0.5,0.9699248120300752,0.027056624766705,0.0124245842123443,0.0080111339893448,0.0124245842123443,0.8757394500731215,0.1891816759680009,anchor_resnet50_unweighted_bce_seed2026,T1_2015,resnet50,Cardiomegaly
0.9,1692,187,0.5102040816326531,0.0646651270207852,72,0.0425531914893617,67,2,0.0694444444444444,0.9987654320987654,0.7142857142857143,0.9602373887240356,0.0347397892752455,0.0089451694189808,0.0080298071476161,0.0089451694189808,0.8848679698216735,0.2788004999006915,anchor_resnet50_unweighted_bce_seed2026,T1_2015,resnet50,Cardiomegaly
0.95,1786,93,0.2857142857142857,0.0294457274826789,105,0.0587905935050391,90,17,0.1428571428571428,0.989886972040452,0.46875,0.9486887115165336,0.0457725760352525,0.0138266887136423,0.0116037651479311,0.0138266887136423,0.8951049545338658,0.3499452172431584,anchor_resnet50_unweighted_bce_seed2026,T1_2015,resnet50,Cardiomegaly
1.0,1879,0,0.0,0.0,147,0.0782331027142096,111,34,0.2448979591836734,0.9803695150115472,0.5142857142857142,0.9386401326699834,0.0557127730415388,0.0110854512050067,0.0124371378043663,0.0110854512050067,0.9027332642063752,0.4101584091544215,anchor_resnet50_unweighted_bce_seed2026,T1_2015,resnet50,Cardiomegaly
0.5,1994,1993,0.9774011299435028,0.4776902887139108,4,0.0020060180541624,4,0,0.0,1.0,,0.9979939819458375,0.002002301282255,0.0019788610366364,7.439918401338152e-05,0.0019788610366364,0.6285175879396985,0.003502248531023,anchor_resnet50_unweighted_bce_seed2026,T2_2016,resnet50,Pleural Effusion
0.55,2193,1794,0.9717514124293786,0.4257217847769028,5,0.0022799817601459,5,0,0.0,1.0,,0.997720018239854,0.0022740684039941,0.0018921862636387,0.0002195944322032,0.0018921862636387,0.6539762340036563,0.0082301054577907,anchor_resnet50_unweighted_bce_seed2026,T2_2016,resnet50,Pleural Effusion
0.6,2393,1594,0.9548022598870056,0.374015748031496,8,0.0033430839949853,8,0,0.0,1.0,,0.9966569160050146,0.0033239269902438,0.0032383468128761,0.0003083125749237,0.0032383468128761,0.7262316561844864,0.0097623346967069,anchor_resnet50_unweighted_bce_seed2026,T2_2016,resnet50,Pleural Effusion
0.65,2592,1395,0.9265536723163842,0.3230971128608924,13,0.0050154320987654,13,0,0.0,1.0,,0.9949845679012346,0.0049590775049232,0.0028621784461471,0.0012698475829107,0.0028621784461471,0.7890058758612462,0.0305381235397484,anchor_resnet50_unweighted_bce_seed2026,T2_2016,resnet50,Pleural Effusion
0.7,2791,1196,0.8926553672316384,0.2724409448818897,19,0.0068075958437835,19,0,0.0,1.0,,0.9931924041562163,0.006702907384641,0.0035811651231796,0.0021565299279606,0.0035811651231796,0.8079668869142553,0.0395138560978213,anchor_resnet50_unweighted_bce_seed2026,T2_2016,resnet50,Pleural Effusion
0.75,2991,996,0.8813559322033898,0.2204724409448819,21,0.0070210631895687,21,0,0.0,1.0,,0.9929789368104311,0.0069322211058005,0.0039094755057965,0.0011301694396759,0.0039094755057965,0.7722302388969056,0.0177679711247889,anchor_resnet50_unweighted_bce_seed2026,T2_2016,resnet50,Pleural Effusion
0.8,3190,797,0.8248587570621468,0.1708661417322834,31,0.0097178683385579,31,0,0.0,1.0,,0.990282131661442,0.0094989411337382,0.003158721698486,0.0021515336588352,0.003158721698486,0.8045880178496667,0.0351047550051049,anchor_resnet50_unweighted_bce_seed2026,T2_2016,resnet50,Pleural Effusion
0.8500000000000001,3389,598,0.751412429378531,0.1220472440944882,44,0.0129831808793154,44,0,0.0,1.0,,0.9870168191206846,0.0125751305842899,0.0052753857043375,0.0029398960235324,0.0052753857043375,0.8196154368800109,0.0450934473861213,anchor_resnet50_unweighted_bce_seed2026,T2_2016,resnet50,Pleural Effusion
0.9,3589,398,0.5819209039548022,0.0774278215223097,74,0.0206185567010309,74,0,0.0,1.0,,0.979381443298969,0.0192237946494647,0.0077254181666315,0.0062391645552455,0.0077254181666315,0.8589308369535965,0.1227918618839463,anchor_resnet50_unweighted_bce_seed2026,T2_2016,resnet50,Pleural Effusion
0.95,3788,199,0.3954802259887006,0.0338582677165354,107,0.028247096092925,105,1,0.0186915887850467,0.99972833469166,0.6666666666666666,0.9722589167767504,0.0251469113137117,0.0061874438337271,0.0061994863432117,0.0061874438337271,0.870678426981697,0.1753675691562309,anchor_resnet50_unweighted_bce_seed2026,T2_2016,resnet50,Pleural Effusion
1.0,3987,0,0.0,0.0,177,0.0443942814145974,150,32,0.1525423728813559,0.9916010498687664,0.4576271186440678,0.9618126272912424,0.0354601459609458,0.0109351368470384,0.0098734240383769,0.0109351368470384,0.8988203805032845,0.315934480990712,anchor_resnet50_unweighted_bce_seed2026,T2_2016,resnet50,Pleural Effusion
0.5,1994,1993,0.976303317535545,0.4434782608695652,10,0.0050150451354062,10,0,0.0,1.0,,0.9949849548645938,0.0049708807103659,0.0045793357312723,0.0009190182097876,0.0045793357312723,0.769203629032258,0.0128447899218889,anchor_resnet50_unweighted_bce_seed2026,T2_2016,resnet50,Cardiomegaly
0.55,2193,1794,0.9644549763033176,0.3890603085553997,15,0.0068399452804377,15,0,0.0,1.0,,0.9931600547195624,0.0067434584697955,0.0031830351463433,0.0009486402184912,0.0031830351463433,0.7853688399142945,0.0207639426470004,anchor_resnet50_unweighted_bce_seed2026,T2_2016,resnet50,Cardiomegaly
0.6,2393,1594,0.943127962085308,0.3354838709677419,24,0.0100292519849561,24,0,0.0,1.0,,0.989970748015044,0.0097692417889355,0.0018246414409341,0.0002394362169481,0.0018246414409341,0.8140917405374981,0.0443505633495495,anchor_resnet50_unweighted_bce_seed2026,T2_2016,resnet50,Cardiomegaly
0.65,2592,1395,0.9265402843601896,0.2816269284712482,31,0.0119598765432098,31,0,0.0,1.0,,0.9880401234567902,0.0116496898880325,0.0041524565419231,0.0015829702333351,0.0041524565419231,0.8005378443400384,0.0399028738675278,anchor_resnet50_unweighted_bce_seed2026,T2_2016,resnet50,Cardiomegaly
0.7,2791,1196,0.8720379146919431,0.232258064516129,54,0.0193479039770691,54,0,0.0,1.0,,0.9806520960229308,0.0182407975883921,0.0043194898786587,0.0015841812891094,0.0043194898786587,0.8422745909958186,0.0883558335168873,anchor_resnet50_unweighted_bce_seed2026,T2_2016,resnet50,Cardiomegaly
0.75,2991,996,0.8246445497630331,0.1817671809256662,74,0.0247408893346706,73,0,0.0135135135135135,1.0,1.0,0.9755852842809364,0.0228140978223423,0.0038571943870411,0.0032088360299248,0.0038571943870411,0.837664112518415,0.099980661559495,anchor_resnet50_unweighted_bce_seed2026,T2_2016,resnet50,Cardiomegaly
0.8,3190,797,0.7511848341232228,0.1346423562412342,105,0.0329153605015673,103,0,0.019047619047619,1.0,1.0,0.9676913425345044,0.0293572955249343,0.0070356599473404,0.0022147108003683,0.0070356599473404,0.8471235625530601,0.1619156567902094,anchor_resnet50_unweighted_bce_seed2026,T2_2016,resnet50,Cardiomegaly
0.8500000000000001,3389,598,0.6374407582938388,0.0922861150070126,153,0.0451460607848923,141,2,0.0784313725490196,0.99938195302843,0.8571428571428571,0.9582222222222222,0.037015500665955,0.004823299908021,0.0034074937772499,0.004823299908021,0.8634681726007255,0.2771904906556999,anchor_resnet50_unweighted_bce_seed2026,T2_2016,resnet50,Cardiomegaly
0.9,3589,398,0.476303317535545,0.0552594670406732,221,0.0615770409584842,194,9,0.1221719457013574,0.9973277909738716,0.75,0.9453982549957782,0.0467043059459195,0.0071392767754721,0.0055215045873062,0.0071392767754721,0.8793549349211639,0.3764475998631989,anchor_resnet50_unweighted_bce_seed2026,T2_2016,resnet50,Cardiomegaly
0.95,3788,199,0.2298578199052132,0.0286115007012622,325,0.0857972544878563,262,18,0.1938461538461538,0.9948021946289344,0.7777777777777778,0.9293229026166712,0.0566975989199491,0.0124407325672187,0.0107563063172857,0.0124407325672187,0.9000293209533752,0.5080499561730987,anchor_resnet50_unweighted_bce_seed2026,T2_2016,resnet50,Cardiomegaly
1.0,3987,0,0.0,0.0,422,0.1058439929771758,311,54,0.2630331753554502,0.9848527349228612,0.6727272727272727,0.9186289900575616,0.0661115466062287,0.0106363198504797,0.0114558026281467,0.0106363198504797,0.90351196134084,0.538326859319592,anchor_resnet50_unweighted_bce_seed2026,T2_2016,resnet50,Cardiomegaly
0.5,1218,1218,0.9058823529411764,0.4853253934495959,8,0.0065681444991789,8,0,0.0,1.0,,0.993431855500821,0.0065294126582012,0.005982236175616,0.0045862600252442,0.005982236175616,0.7388429752066116,0.0282294464725967,anchor_resnet50_unweighted_bce_seed2026,T3_2017,resnet50,Pleural Effusion
0.55,1340,1096,0.8941176470588236,0.4338579327945555,9,0.0067164179104477,9,0,0.0,1.0,,0.9932835820895524,0.0066749171434544,0.0053699787071282,0.0043448983392775,0.0053699787071282,0.7056932966023874,0.0169279128223172,anchor_resnet50_unweighted_bce_seed2026,T3_2017,resnet50,Pleural Effusion
0.6,1462,974,0.8823529411764706,0.3823904721395151,10,0.0068399452804377,10,0,0.0,1.0,,0.9931600547195624,0.0067965605643199,0.0047366593639478,0.0039896828322461,0.0047366593639478,0.6776859504132231,0.0129343273669667,anchor_resnet50_unweighted_bce_seed2026,T3_2017,resnet50,Pleural Effusion
0.65,1584,852,0.8705882352941177,0.3309230114844746,11,0.0069444444444444,11,0,0.0,1.0,,0.9930555555555556,0.0068983644951055,0.0053199591812616,0.0034683101758774,0.0053199591812616,0.6580361786973357,0.0135190144270205,anchor_resnet50_unweighted_bce_seed2026,T3_2017,resnet50,Pleural Effusion
0.7,1706,730,0.8588235294117647,0.2794555508294343,12,0.0070339976553341,12,0,0.0,1.0,,0.992966002344666,0.0069922208583696,0.0042594354573612,0.0027278116647621,0.0042594354573612,0.6380608028335301,0.0107926072505207,anchor_resnet50_unweighted_bce_seed2026,T3_2017,resnet50,Pleural Effusion
0.75,1827,609,0.8470588235294118,0.2284134410888983,13,0.0071154898741105,13,0,0.0,1.0,,0.9928845101258894,0.0070828493995776,0.0050975934316188,0.0017018039488056,0.0050975934316188,0.6246713595114919,0.0108380294732943,anchor_resnet50_unweighted_bce_seed2026,T3_2017,resnet50,Pleural Effusion
0.8,1949,487,0.8,0.1782220331773713,17,0.008722421754746,17,0,0.0,1.0,,0.991277578245254,0.0086317281504946,0.0047330917291063,0.0018229019312544,0.0047330917291063,0.6743393009377664,0.0186794307976628,anchor_resnet50_unweighted_bce_seed2026,T3_2017,resnet50,Pleural Effusion
0.8500000000000001,2071,365,0.7411764705882353,0.1284559761803488,22,0.0106228874939642,22,0,0.0,1.0,,0.9893771125060358,0.0104290896781758,0.0042354341560164,0.0015585223156176,0.0042354341560164,0.7136408003904344,0.0356250351032158,anchor_resnet50_unweighted_bce_seed2026,T3_2017,resnet50,Pleural Effusion
0.9,2193,243,0.6823529411764706,0.0786899191833262,27,0.0123119015047879,27,0,0.0,1.0,,0.987688098495212,0.0120784314903231,0.0057469126352224,0.0002205347841052,0.0057469126352224,0.7308744570979104,0.0472359405302012,anchor_resnet50_unweighted_bce_seed2026,T3_2017,resnet50,Pleural Effusion
0.95,2315,121,0.4941176470588235,0.0336027222458528,43,0.0185745140388768,43,1,0.0,0.9995598591549296,0.0,0.9814174589455488,0.0176965144564061,0.006806807229587,0.0011772383877416,0.006806807229587,0.8022795201441206,0.1007637245706839,anchor_resnet50_unweighted_bce_seed2026,T3_2017,resnet50,Pleural Effusion
1.0,2436,0,0.0,0.0,85,0.0348932676518883,69,14,0.188235294117647,0.9940450871969376,0.5333333333333333,0.9713216957605983,0.0272594872248994,0.0092038280442043,0.0058459955919839,0.0092038280442043,0.8804038331623589,0.3601078255854848,anchor_resnet50_unweighted_bce_seed2026,T3_2017,resnet50,Pleural Effusion
0.5,1218,1218,0.9534883720930232,0.4462809917355372,12,0.0098522167487684,12,0,0.0,1.0,,0.9901477832512317,0.0096624264972532,0.0082845301773792,0.0037710081620756,0.0082845301773792,0.767758430071863,0.0523962839019037,anchor_resnet50_unweighted_bce_seed2026,T3_2017,resnet50,Cardiomegaly
0.55,1340,1096,0.9534883720930232,0.3902662993572084,12,0.008955223880597,12,0,0.0,1.0,,0.991044776119403,0.0088485596424983,0.0078515799182255,0.0009885322524985,0.0078515799182255,0.6972264056224899,0.0184370247631919,anchor_resnet50_unweighted_bce_seed2026,T3_2017,resnet50,Cardiomegaly
0.6,1462,974,0.9224806201550388,0.3379247015610652,20,0.0136798905608755,20,0,0.0,1.0,,0.9863201094391244,0.0132896679441443,0.0093947022072223,0.0033131992844444,0.0093947022072223,0.7705790568654647,0.0517679095238634,anchor_resnet50_unweighted_bce_seed2026,T3_2017,resnet50,Cardiomegaly
0.65,1584,852,0.9108527131782944,0.283287419651056,23,0.014520202020202,23,0,0.0,1.0,,0.985479797979798,0.0141731603568071,0.0053655126174073,0.0010239046085814,0.0053655126174073,0.7437679302565245,0.0363535950931986,anchor_resnet50_unweighted_bce_seed2026,T3_2017,resnet50,Cardiomegaly
0.7,1706,730,0.8837209302325582,0.2304866850321395,30,0.0175849941383352,30,0,0.0,1.0,,0.9824150058616647,0.017028935491598,0.0093897784538797,8.701935305684833e-05,0.0093897784538797,0.7575974542561654,0.0551296135642674,anchor_resnet50_unweighted_bce_seed2026,T3_2017,resnet50,Cardiomegaly
0.75,1827,609,0.8178294573643411,0.1827364554637282,47,0.0257252326217843,47,0,0.0,1.0,,0.9742747673782156,0.024019390815364,0.0093224887519272,0.0026944444658052,0.0093224887519272,0.8065323930193642,0.1033033708501571,anchor_resnet50_unweighted_bce_seed2026,T3_2017,resnet50,Cardiomegaly
0.8,1949,487,0.7441860465116279,0.13544536271809,66,0.0338635197537198,64,0,0.0303030303030303,1.0,1.0,0.9671289162814588,0.030051319469046,0.0073294746042539,0.0031993614892934,0.0073294746042539,0.8234361673023383,0.1636542425336078,anchor_resnet50_unweighted_bce_seed2026,T3_2017,resnet50,Cardiomegaly
0.8500000000000001,2071,365,0.6124031007751938,0.0950413223140495,100,0.0482858522452921,91,3,0.09,0.9984779299847792,0.75,0.9558037882467216,0.0395660988778523,0.0112634116126421,0.0070928955402986,0.0112634116126421,0.8526534753932015,0.2786917237906632,anchor_resnet50_unweighted_bce_seed2026,T3_2017,resnet50,Cardiomegaly
0.9,2193,243,0.4418604651162791,0.059228650137741,144,0.0656634746922024,118,11,0.1805555555555555,0.9946315275744264,0.7027027027027027,0.945269016697588,0.0487526869015735,0.0082771987509877,0.0088924505878231,0.0082771987509877,0.8729885174339787,0.3923358787681379,anchor_resnet50_unweighted_bce_seed2026,T3_2017,resnet50,Cardiomegaly
0.95,2315,121,0.2364341085271318,0.0275482093663911,197,0.085097192224622,153,26,0.2233502538071066,0.987724268177526,0.6285714285714286,0.93184855233853,0.0589897416807354,0.0083699653631168,0.0097365830415461,0.0083699653631168,0.8855195735848876,0.4577038581242132,anchor_resnet50_unweighted_bce_seed2026,T3_2017,resnet50,Cardiomegaly
1.0,2436,0,0.0,0.0,258,0.105911330049261,180,45,0.3023255813953488,0.9793388429752066,0.6341463414634146,0.9221789883268484,0.0679709682936233,0.0125211155492612,0.0128889531378859,0.0125211155492612,0.8935594493205486,0.5074919402713209,anchor_resnet50_unweighted_bce_seed2026,T3_2017,resnet50,Cardiomegaly
0.5,940,939,1.0,0.4719101123595505,0,0.0,0,0,,1.0,,1.0,4.308142571888766e-06,0.0016578716567582,0.0016578715294599,0.0016578716567582,,,anchor_resnet50_unweighted_bce_seed42,T1_2015,resnet50,Pleural Effusion
0.55,1034,845,1.0,0.4191011235955056,0,0.0,0,0,,1.0,,1.0,6.381891585891938e-06,0.0019794610431483,0.0019794609397649,0.0019794610431483,,,anchor_resnet50_unweighted_bce_seed42,T1_2015,resnet50,Pleural Effusion
0.6,1128,751,0.98989898989899,0.3668539325842697,1,0.000886524822695,1,0,0.0,1.0,,0.999113475177305,0.000883474222762,0.0019211203672308,0.0015137013698538,0.0019211203672308,0.9720496894409936,0.0294117647058823,anchor_resnet50_unweighted_bce_seed42,T1_2015,resnet50,Pleural Effusion
0.65,1222,657,0.9696969696969696,0.3151685393258427,3,0.0024549918166939,3,0,0.0,1.0,,0.997545008183306,0.0024293302592976,0.0023563214068631,0.0004883721553142,0.0023563214068631,0.9349193327864368,0.0241390306122448,anchor_resnet50_unweighted_bce_seed42,T1_2015,resnet50,Pleural Effusion
0.7,1316,563,0.9595959595959596,0.2629213483146067,4,0.0030395136778115,4,0,0.0,1.0,,0.9969604863221884,0.003008264312421,0.0036274615590199,0.0006566157466859,0.0036274615590199,0.8934832317073171,0.0183881322210874,anchor_resnet50_unweighted_bce_seed42,T1_2015,resnet50,Pleural Effusion
0.75,1410,469,0.9191919191919192,0.2123595505617977,8,0.0056737588652482,8,0,0.0,1.0,,0.9943262411347518,0.0055640167335343,0.0033998237190444,0.0008626423710098,0.0033998237190444,0.8965763195435092,0.0330586016809323,anchor_resnet50_unweighted_bce_seed42,T1_2015,resnet50,Pleural Effusion
0.8,1504,375,0.8787878787878788,0.1617977528089887,12,0.0079787234042553,12,0,0.0,1.0,,0.9920212765957448,0.0077751797583898,0.0044657899431145,0.0015808642108706,0.0044657899431145,0.8839086237712244,0.0442363071370062,anchor_resnet50_unweighted_bce_seed42,T1_2015,resnet50,Pleural Effusion
0.8500000000000001,1598,281,0.8080808080808081,0.1129213483146067,19,0.0118898623279098,19,0,0.0,1.0,,0.98811013767209,0.0114254967759973,0.0051046182255485,0.0030406736424927,0.0051046182255485,0.8850204993166895,0.0623635553478946,anchor_resnet50_unweighted_bce_seed42,T1_2015,resnet50,Pleural Effusion
0.9,1692,187,0.696969696969697,0.0662921348314606,30,0.0177304964539007,30,0,0.0,1.0,,0.9822695035460992,0.0165767703763183,0.0067526483299213,0.004462767036821,0.0067526483299213,0.8905635780184517,0.1049728392318115,anchor_resnet50_unweighted_bce_seed42,T1_2015,resnet50,Pleural Effusion
0.95,1786,93,0.494949494949495,0.0247191011235955,50,0.0279955207166853,50,0,0.0,1.0,,0.9720044792833148,0.0243685049887883,0.0087611366896449,0.0061982034571043,0.0087611366896449,0.9053168202764976,0.2063654699878916,anchor_resnet50_unweighted_bce_seed42,T1_2015,resnet50,Pleural Effusion
1.0,1879,0,0.0,0.0,99,0.0526875997871208,86,13,0.1313131313131313,0.9926966292134832,0.5,0.9535887749595252,0.0362899127875659,0.0121402182323427,0.0133707970509651,0.0121402182323427,0.9353393485415956,0.4426922919999518,anchor_resnet50_unweighted_bce_seed42,T1_2015,resnet50,Pleural Effusion
0.5,940,939,0.9659863945578232,0.4601616628175519,5,0.0053191489361702,5,0,0.0,1.0,,0.9946808510638298,0.0052982235300683,0.0061308094308379,0.000151386316073,0.0061308094308379,0.5882352941176471,0.0090033219788983,anchor_resnet50_unweighted_bce_seed42,T1_2015,resnet50,Cardiomegaly
0.55,1034,845,0.9591836734693876,0.4064665127020785,6,0.0058027079303675,6,0,0.0,1.0,,0.9941972920696324,0.0057786421536388,0.0061987543812317,0.0009934383469707,0.0061987543812317,0.6096789883268483,0.0165058869559362,anchor_resnet50_unweighted_bce_seed42,T1_2015,resnet50,Cardiomegaly
0.6,1128,751,0.9319727891156464,0.3545034642032332,10,0.0088652482269503,10,0,0.0,1.0,,0.9911347517730495,0.0087137955270827,0.0078014588632236,0.0003655448569156,0.0078014588632236,0.7193202146690518,0.0341115587894099,anchor_resnet50_unweighted_bce_seed42,T1_2015,resnet50,Cardiomegaly
0.65,1222,657,0.9251700680272108,0.3008083140877598,11,0.0090016366612111,11,0,0.0,1.0,,0.9909983633387888,0.0089082643802834,0.008757092582337,0.0016759105328525,0.008757092582337,0.6910517228436304,0.0204863389182285,anchor_resnet50_unweighted_bce_seed42,T1_2015,resnet50,Cardiomegaly
0.7,1316,563,0.891156462585034,0.2494226327944572,16,0.0121580547112462,16,0,0.0,1.0,,0.9878419452887538,0.0118917099779359,0.0049278014557121,0.0015256778877738,0.0049278014557121,0.7412259615384615,0.0346806932736696,anchor_resnet50_unweighted_bce_seed42,T1_2015,resnet50,Cardiomegaly
0.75,1410,469,0.8571428571428571,0.1980369515011547,21,0.0148936170212765,21,0,0.0,1.0,,0.9851063829787234,0.0144437686669415,0.0077636643630743,0.0030164183058003,0.0077636643630743,0.7627104117384895,0.0917622865609338,anchor_resnet50_unweighted_bce_seed42,T1_2015,resnet50,Cardiomegaly
0.8,1504,375,0.7891156462585034,0.1495381062355658,31,0.0206117021276595,30,0,0.032258064516129,1.0,1.0,0.9800399201596808,0.0189755844669836,0.0060219516888034,0.0040185408557745,0.0060219516888034,0.8018636532860303,0.1216276808667327,anchor_resnet50_unweighted_bce_seed42,T1_2015,resnet50,Cardiomegaly
0.8500000000000001,1598,281,0.6394557823129252,0.1079676674364896,53,0.0331664580725907,47,1,0.1132075471698113,0.9993527508090616,0.8571428571428571,0.9704588309239472,0.0269529616192211,0.0079139957035957,0.0036238068679769,0.0079139957035957,0.8563656347316358,0.288402249689943,anchor_resnet50_unweighted_bce_seed42,T1_2015,resnet50,Cardiomegaly
0.9,1692,187,0.5170068027210885,0.0640877598152424,71,0.0419621749408983,57,6,0.1971830985915492,0.9962985811227636,0.7,0.9659090909090908,0.0334026686661262,0.013933388738817,0.0104769398953686,0.013933388738817,0.8633559531153608,0.3347634876574379,anchor_resnet50_unweighted_bce_seed42,T1_2015,resnet50,Cardiomegaly
0.95,1786,93,0.2312925170068027,0.0340646651270207,113,0.0632698768197088,79,19,0.3008849557522124,0.9886431560071728,0.6415094339622641,0.9544143104443162,0.0438592051985093,0.0109450909208904,0.0104638699062527,0.0109450909208904,0.8956011404450699,0.4699426128989718,anchor_resnet50_unweighted_bce_seed42,T1_2015,resnet50,Cardiomegaly
1.0,1879,0,0.0,0.0,147,0.0782331027142096,103,48,0.2993197278911564,0.9722863741339492,0.4782608695652174,0.9423614997202014,0.0545051517036075,0.0171394492458329,0.0161503447639047,0.0171394492458329,0.8969595921509481,0.465786605653886,anchor_resnet50_unweighted_bce_seed42,T1_2015,resnet50,Cardiomegaly
0.5,1994,1993,0.9548022598870056,0.4787401574803149,8,0.0040120361083249,8,0,0.0,1.0,,0.995987963891675,0.0039920376934722,0.003909186867057,0.0021738427168752,0.003909186867057,0.7852467270896274,0.010346314656988,anchor_resnet50_unweighted_bce_seed42,T2_2016,resnet50,Pleural Effusion
0.55,2193,1794,0.9378531073446328,0.4272965879265092,11,0.005015959872321,11,0,0.0,1.0,,0.9949840401276788,0.0049841074367576,0.0035332128916327,0.0027828234270371,0.0035332128916327,0.7813307224397967,0.01571350495426,anchor_resnet50_unweighted_bce_seed42,T2_2016,resnet50,Pleural Effusion
0.6,2393,1594,0.9209039548022598,0.3755905511811023,14,0.0058503969912244,14,0,0.0,1.0,,0.9941496030087756,0.0058068569509072,0.0039396563569339,0.0031065970533354,0.0039396563569339,0.766138233351348,0.0307660878561826,anchor_resnet50_unweighted_bce_seed42,T2_2016,resnet50,Pleural Effusion
0.65,2592,1395,0.9096045197740112,0.3238845144356955,16,0.0061728395061728,16,0,0.0,1.0,,0.9938271604938272,0.0061245216309342,0.0033178208949395,0.0027560975408342,0.0033178208949395,0.7405983113354038,0.0136173765911601,anchor_resnet50_unweighted_bce_seed42,T2_2016,resnet50,Pleural Effusion
0.7,2791,1196,0.8870056497175142,0.2727034120734908,20,0.0071658903618774,20,0,0.0,1.0,,0.9928341096381226,0.0070950734332861,0.0039289888923566,0.0028253306520602,0.0039289888923566,0.7427463009743775,0.0162632529940681,anchor_resnet50_unweighted_bce_seed42,T2_2016,resnet50,Pleural Effusion
0.75,2991,996,0.8361581920903954,0.2225721784776902,29,0.009695753928452,29,0,0.0,1.0,,0.990304246071548,0.0095274365481904,0.0047512235126526,0.0040847202839248,0.0047512235126526,0.7794244336305851,0.0315866455199443,anchor_resnet50_unweighted_bce_seed42,T2_2016,resnet50,Pleural Effusion
0.8,3190,797,0.768361581920904,0.1734908136482939,41,0.0128526645768025,41,0,0.0,1.0,,0.9871473354231975,0.012506988530126,0.0059669180872872,0.0054933703559973,0.0059669180872872,0.8037433486433945,0.0625769468559374,anchor_resnet50_unweighted_bce_seed42,T2_2016,resnet50,Pleural Effusion
0.8500000000000001,3389,598,0.6836158192090396,0.1251968503937008,56,0.016524048391856,56,0,0.0,1.0,,0.983475951608144,0.0158778617068683,0.0069464635476717,0.0065342028254044,0.0069464635476717,0.8180398396982556,0.0824971847236126,anchor_resnet50_unweighted_bce_seed42,T2_2016,resnet50,Pleural Effusion
0.9,3589,398,0.5988700564971752,0.0766404199475065,71,0.0197826692672053,71,0,0.0,1.0,,0.9802173307327946,0.018832629273329,0.0058900109569295,0.0054467040811883,0.0058900109569295,0.8184087469673069,0.0845423211768274,anchor_resnet50_unweighted_bce_seed42,T2_2016,resnet50,Pleural Effusion
0.95,3788,199,0.3728813559322034,0.0349081364829396,111,0.0293030623020063,110,1,0.009009009009009,0.9997280391623606,0.5,0.97094558901215,0.0263305933668798,0.006616181548936,0.0064656749985317,0.006616181548936,0.8538945526979251,0.161113311924166,anchor_resnet50_unweighted_bce_seed42,T2_2016,resnet50,Pleural Effusion
1.0,3987,0,0.0,0.0,177,0.0443942814145974,151,25,0.1468926553672316,0.9934383202099738,0.5098039215686274,0.9616361788617886,0.0358498356972958,0.0090752661154365,0.0105777718304302,0.0090752661154365,0.8851505849904355,0.307706439037236,anchor_resnet50_unweighted_bce_seed42,T2_2016,resnet50,Pleural Effusion
0.5,1994,1993,0.95260663507109,0.4462833099579242,20,0.0100300902708124,20,0,0.0,1.0,,0.9899699097291876,0.0099055854923008,0.0048760765022785,0.003382499257351,0.0048760765022785,0.6730116514690982,0.019130065401647,anchor_resnet50_unweighted_bce_seed42,T2_2016,resnet50,Cardiomegaly
0.55,2193,1794,0.9407582938388626,0.3918653576437587,25,0.0113999088007295,25,0,0.0,1.0,,0.9886000911992704,0.01122945712093,0.004685609360273,0.003150532831558,0.004685609360273,0.6816236162361624,0.0229495516950492,anchor_resnet50_unweighted_bce_seed42,T2_2016,resnet50,Cardiomegaly
0.6,2393,1594,0.914691943127962,0.3388499298737727,36,0.0150438779774341,36,0,0.0,1.0,,0.9849561220225658,0.0146746782862391,0.0056653799970953,0.0047401599395308,0.0056653799970953,0.7291283646820346,0.048605193248007,anchor_resnet50_unweighted_bce_seed42,T2_2016,resnet50,Cardiomegaly
0.65,2592,1395,0.8886255924170616,0.2861150070126227,47,0.0181327160493827,47,0,0.0,1.0,,0.9818672839506172,0.0175617916997437,0.0062929202788466,0.0049871416808462,0.0062929202788466,0.7429628391088074,0.0477815615720294,anchor_resnet50_unweighted_bce_seed42,T2_2016,resnet50,Cardiomegaly
0.7,2791,1196,0.8341232227488151,0.2367461430575035,70,0.0250806162665711,70,0,0.0,1.0,,0.9749193837334288,0.0237635916241845,0.0096903401784225,0.0080408255170212,0.0096903401784225,0.7844358691657478,0.0907493340336576,anchor_resnet50_unweighted_bce_seed42,T2_2016,resnet50,Cardiomegaly
0.75,2991,996,0.7867298578199052,0.1862552594670406,90,0.0300902708124373,89,0,0.0111111111111111,1.0,1.0,0.9702341137123746,0.0279184715594076,0.0078409559961607,0.0073293020225754,0.0078409559961607,0.7883450151288828,0.101525258521615,anchor_resnet50_unweighted_bce_seed42,T2_2016,resnet50,Cardiomegaly
0.8,3190,797,0.7132701421800948,0.1391304347826087,121,0.0379310344827586,114,0,0.0578512396694214,1.0,1.0,0.9641847313854854,0.0329973638545155,0.0093035076446334,0.0075012740238239,0.0093035076446334,0.8062119461746228,0.2034483408108494,anchor_resnet50_unweighted_bce_seed42,T2_2016,resnet50,Cardiomegaly
0.8500000000000001,3389,598,0.580568720379147,0.0990182328190743,177,0.0522277958099734,158,3,0.1073446327683615,0.99906600249066,0.8636363636363636,0.953073953073953,0.0417475435143569,0.0083677152311333,0.008276746722362,0.0083677152311333,0.8388405766511176,0.3147133000082557,anchor_resnet50_unweighted_bce_seed42,T2_2016,resnet50,Cardiomegaly
0.9,3589,398,0.4265402843601896,0.0611500701262272,242,0.0674282529952633,198,14,0.1818181818181818,0.9958171496862862,0.7586206896551724,0.9439252336448598,0.0500046440849928,0.0083791972203185,0.0089250173763283,0.0083791972203185,0.8568163916372624,0.400200609242913,anchor_resnet50_unweighted_bce_seed42,T2_2016,resnet50,Cardiomegaly
0.95,3788,199,0.2203791469194312,0.0297335203366058,329,0.0868532206969377,249,34,0.243161094224924,0.9901705695287656,0.7017543859649122,0.932226456178552,0.0594984150009194,0.0083989193265013,0.0094499573565885,0.0083989193265013,0.874211233459079,0.4762637248276359,anchor_resnet50_unweighted_bce_seed42,T2_2016,resnet50,Cardiomegaly
1.0,3987,0,0.0,0.0,422,0.1058439929771758,297,81,0.2962085308056872,0.9772791023842916,0.6067961165048543,0.9214493520232744,0.0689253095348348,0.0088470481184108,0.0095623131857305,0.0088470481184108,0.8821610177941147,0.5115092389691706,anchor_resnet50_unweighted_bce_seed42,T2_2016,resnet50,Cardiomegaly
0.5,1218,1218,0.9058823529411764,0.4853253934495959,8,0.0065681444991789,8,0,0.0,1.0,,0.993431855500821,0.0065486213941485,0.0062009887674358,0.004733692812588,0.0062009887674358,0.5449896694214876,0.0079771792044508,anchor_resnet50_unweighted_bce_seed42,T3_2017,resnet50,Pleural Effusion
0.55,1340,1096,0.8823529411764706,0.43428328370906,10,0.0074626865671641,10,0,0.0,1.0,,0.9925373134328358,0.0074299782896151,0.006578699183136,0.00523925170914,0.006578699183136,0.5884962406015037,0.0130862737874013,anchor_resnet50_unweighted_bce_seed42,T3_2017,resnet50,Pleural Effusion
0.6,1462,974,0.8705882352941177,0.3828158230540195,11,0.0075239398084815,11,0,0.0,1.0,,0.9924760601915183,0.0074883511110402,0.0055179981598699,0.0048022152424093,0.0055179981598699,0.5776580414760979,0.0109803845117903,anchor_resnet50_unweighted_bce_seed42,T3_2017,resnet50,Pleural Effusion
0.65,1584,852,0.8470588235294118,0.3317737133134836,13,0.0082070707070707,13,0,0.0,1.0,,0.9917929292929292,0.0081553691463666,0.005905027883824,0.0048712455394743,0.005905027883824,0.6004749547079273,0.0163099209611117,anchor_resnet50_unweighted_bce_seed42,T3_2017,resnet50,Pleural Effusion
0.7,1706,730,0.8235294117647058,0.2807316035729477,15,0.0087924970691676,15,0,0.0,1.0,,0.9912075029308324,0.008725838997468,0.0051294751167799,0.0046812685584302,0.0051294751167799,0.6115316380839739,0.0166575046953707,anchor_resnet50_unweighted_bce_seed42,T3_2017,resnet50,Pleural Effusion
0.75,1827,609,0.788235294117647,0.2305401956614206,18,0.0098522167487684,18,0,0.0,1.0,,0.9901477832512317,0.0097480197843126,0.0047523004537506,0.00471511034506,0.0047523004537506,0.6395338124193846,0.0233845525818517,anchor_resnet50_unweighted_bce_seed42,T3_2017,resnet50,Pleural Effusion
0.8,1949,487,0.7529411764705882,0.1799234368353892,21,0.0107747562852745,21,0,0.0,1.0,,0.9892252437147256,0.0106388045526331,0.0041688602864971,0.0041294055682663,0.0041688602864971,0.6532799841928472,0.0267520166701371,anchor_resnet50_unweighted_bce_seed42,T3_2017,resnet50,Pleural Effusion
0.8500000000000001,2071,365,0.7411764705882353,0.1284559761803488,22,0.0106228874939642,22,0,0.0,1.0,,0.9893771125060358,0.0105789146182721,0.0068020205623383,0.0016421364563666,0.0068020205623383,0.630706774923466,0.0165840760139124,anchor_resnet50_unweighted_bce_seed42,T3_2017,resnet50,Pleural Effusion
0.9,2193,243,0.6588235294117647,0.0795406210123351,29,0.0132238942088463,29,0,0.0,1.0,,0.9867761057911536,0.0129929744915703,0.0065607998627871,0.0011043463741474,0.0065607998627871,0.6897029766078144,0.0428344668887102,anchor_resnet50_unweighted_bce_seed42,T3_2017,resnet50,Pleural Effusion
0.95,2315,121,0.4823529411764706,0.0340280731603572,44,0.0190064794816414,44,1,0.0,0.9995596653456628,0.0,0.9809853068280034,0.0181636244394178,0.0097513279311115,0.0034820856619022,0.0097513279311115,0.768484047876386,0.1307392781660376,anchor_resnet50_unweighted_bce_seed42,T3_2017,resnet50,Pleural Effusion
1.0,2436,0,0.0,0.0,85,0.0348932676518883,71,16,0.1647058823529411,0.9931943853679286,0.4666666666666667,0.9704904405652536,0.0285218308948135,0.0124793584669377,0.0073054968868802,0.0124793584669377,0.8596792353691796,0.2940887832192466,anchor_resnet50_unweighted_bce_seed42,T3_2017,resnet50,Pleural Effusion
0.5,1218,1218,0.9496124031007752,0.4467401285583103,13,0.0106732348111658,13,0,0.0,1.0,,0.989326765188834,0.0105562082748337,0.006202563613348,0.0044494966176538,0.006202563613348,0.659782955633578,0.0194164599493576,anchor_resnet50_unweighted_bce_seed42,T3_2017,resnet50,Cardiomegaly
0.55,1340,1096,0.9341085271317828,0.3925619834710744,17,0.0126865671641791,17,0,0.0,1.0,,0.9873134328358208,0.0124937279661663,0.0056333735148003,0.0049614303439521,0.0056333735148003,0.683139922635721,0.0289416023104039,anchor_resnet50_unweighted_bce_seed42,T3_2017,resnet50,Cardiomegaly
0.6,1462,974,0.9263565891472868,0.337465564738292,19,0.0129958960328317,19,0,0.0,1.0,,0.9870041039671684,0.0128174261729811,0.0073441647006856,0.0032312600974059,0.0073441647006856,0.661250319145056,0.0463541039914055,anchor_resnet50_unweighted_bce_seed42,T3_2017,resnet50,Cardiomegaly
0.65,1584,852,0.8992248062015504,0.2846648301193756,26,0.0164141414141414,26,0,0.0,1.0,,0.9835858585858586,0.0159986147754705,0.0084976310230411,0.003902110402858,0.0084976310230411,0.7082551594746717,0.043471925022254,anchor_resnet50_unweighted_bce_seed42,T3_2017,resnet50,Cardiomegaly
0.7,1706,730,0.8604651162790697,0.2332415059687786,36,0.0211019929660023,36,0,0.0,1.0,,0.9788980070339977,0.0202393726985225,0.0099642845816475,0.0049529005003632,0.0099642845816475,0.747255489021956,0.0881100554357139,anchor_resnet50_unweighted_bce_seed42,T3_2017,resnet50,Cardiomegaly
0.75,1827,609,0.7984496124031008,0.1850321395775941,52,0.0284619594964422,52,1,0.0,0.99943661971831,0.0,0.9715224534501644,0.0270022652511241,0.0098758263046828,0.007518142342494,0.0098758263046828,0.7857096424702059,0.1091066557913962,anchor_resnet50_unweighted_bce_seed42,T3_2017,resnet50,Cardiomegaly
0.8,1949,487,0.7248062015503876,0.1377410468319559,71,0.0364289379168804,67,2,0.056338028169014,0.9989350372736954,0.6666666666666666,0.9655172413793104,0.0323733204443471,0.0078497353281535,0.006273124356486,0.0078497353281535,0.8066830160944367,0.1749276917737916,anchor_resnet50_unweighted_bce_seed42,T3_2017,resnet50,Cardiomegaly
0.8500000000000001,2071,365,0.5697674418604651,0.1000918273645546,111,0.0535972959922742,96,5,0.1351351351351351,0.9974489795918368,0.75,0.9531935641150658,0.0420553085494713,0.0100064974474729,0.0086615645663497,0.0100064974474729,0.8498919838205552,0.3271474011476233,anchor_resnet50_unweighted_bce_seed42,T3_2017,resnet50,Cardiomegaly
0.9,2193,243,0.4302325581395348,0.0606060606060606,147,0.06703146374829,117,14,0.2040816326530612,0.9931573802541545,0.6818181818181818,0.9455560725919032,0.0501029366560273,0.0101336851332555,0.0104003594818788,0.0101336851332555,0.8602798890817325,0.3803749375802913,anchor_resnet50_unweighted_bce_seed42,T3_2017,resnet50,Cardiomegaly
0.95,2315,121,0.2248062015503876,0.0289256198347107,200,0.0863930885529157,143,27,0.285,0.9872340425531916,0.6785714285714286,0.9359031824294038,0.059178016387191,0.0103262606939827,0.0129582354746614,0.0103262606939827,0.8767565011820331,0.45746323354561,anchor_resnet50_unweighted_bce_seed42,T3_2017,resnet50,Cardiomegaly
1.0,2436,0,0.0,0.0,258,0.105911330049261,172,51,0.3333333333333333,0.9765840220385676,0.6277372262773723,0.925184862983906,0.0684708765896229,0.0113007180820554,0.0134350545757889,0.0113007180820554,0.8856064165260783,0.5027204924428769,anchor_resnet50_unweighted_bce_seed42,T3_2017,resnet50,Cardiomegaly
0.5,940,939,0.5959595959595959,0.4943820224719101,40,0.0425531914893617,0,26,1.0,0.9711111111111111,0.6060606060606061,1.0,0.0275059605949252,0.0645982237096796,0.0645982436915027,0.0645982237096796,0.9871666666666666,0.6923513811658177,anchor_resnet50_weighted_bce_seed123,T1_2015,resnet50,Pleural Effusion
0.55,1034,845,0.5555555555555556,0.4438202247191011,44,0.0425531914893617,0,28,1.0,0.9717171717171718,0.6111111111111112,1.0,0.0275836608928467,0.0691090275675807,0.0691090153649132,0.0691090275675807,0.9868686868686868,0.6847253249431688,anchor_resnet50_weighted_bce_seed123,T1_2015,resnet50,Pleural Effusion
0.6,1128,751,0.494949494949495,0.3943820224719101,50,0.0443262411347517,2,33,0.96,0.9693877551020408,0.5925925925925926,0.9980897803247374,0.0312786098323528,0.0745464125268346,0.0745464098666206,0.0745464125268346,0.983200371057514,0.6633950850309439,anchor_resnet50_weighted_bce_seed123,T1_2015,resnet50,Pleural Effusion
0.65,1222,657,0.4545454545454545,0.3438202247191011,54,0.044189852700491,3,45,0.9444444444444444,0.961472602739726,0.53125,0.9973357015985792,0.038003622799718,0.085847194122117,0.0858471912229753,0.085847194122117,0.9797374429223744,0.6496800613909575,anchor_resnet50_weighted_bce_seed123,T1_2015,resnet50,Pleural Effusion
0.7,1316,563,0.3535353535353535,0.2966292134831461,64,0.0486322188449848,5,57,0.921875,0.9544728434504792,0.5086206896551724,0.9958333333333332,0.0444638638755106,0.0950222938918822,0.095022299123141,0.0950222938918822,0.974128893769968,0.6257600168519856,anchor_resnet50_weighted_bce_seed123,T1_2015,resnet50,Pleural Effusion
0.75,1410,469,0.2626262626262626,0.248876404494382,73,0.05177304964539,7,64,0.9041095890410958,0.9521316379955124,0.5076923076923077,0.99453125,0.0483513668062029,0.1025556316863454,0.1025556331645723,0.1025556316863454,0.9675976680566796,0.6016682066765312,anchor_resnet50_weighted_bce_seed123,T1_2015,resnet50,Pleural Effusion
0.8,1504,375,0.2222222222222222,0.198314606741573,77,0.0511968085106383,8,85,0.8961038961038961,0.9404344779257184,0.448051948051948,0.994074074074074,0.0565385403908134,0.1173251349654821,0.1173251384616571,0.1173251349654821,0.9622721357129206,0.587857454126144,anchor_resnet50_weighted_bce_seed123,T1_2015,resnet50,Pleural Effusion
0.8500000000000001,1598,281,0.1515151515151515,0.149438202247191,84,0.0525657071339173,11,101,0.8690476190476191,0.9332892998678995,0.4195402298850574,0.9922752808988764,0.0632950039241705,0.128970410266264,0.128970417628841,0.128970410266264,0.9558957664968232,0.5693888787373943,anchor_resnet50_weighted_bce_seed123,T1_2015,resnet50,Pleural Effusion
0.9,1692,187,0.101010101010101,0.099438202247191,89,0.0526004728132387,13,128,0.8539325842696629,0.9201497192763568,0.3725490196078431,0.991263440860215,0.0717698587083029,0.1439281058295169,0.1439281115000165,0.1439281058295169,0.9494732488942784,0.5534453716804252,anchor_resnet50_weighted_bce_seed123,T1_2015,resnet50,Pleural Effusion
0.95,1786,93,0.0808080808080808,0.047752808988764,91,0.0509518477043673,13,167,0.8571428571428571,0.9014749262536872,0.3183673469387755,0.9915639195327708,0.0805764773278192,0.1608037814510462,0.1608037874874349,0.1608037814510462,0.9437161658400596,0.5432458250219419,anchor_resnet50_weighted_bce_seed123,T1_2015,resnet50,Pleural Effusion
1.0,1879,0,0.0,0.0,99,0.0526875997871208,17,208,0.8282828282828283,0.8831460674157303,0.2827586206896552,0.9893014474512272,0.0889564996937694,0.1732280229388311,0.1732280241060821,0.1732280229388311,0.9347718760640108,0.5199542935468024,anchor_resnet50_weighted_bce_seed123,T1_2015,resnet50,Pleural Effusion
0.5,940,939,0.6666666666666666,0.4855658198614319,49,0.052127659574468,3,76,0.9387755102040816,0.914702581369248,0.3770491803278688,0.9963325183374084,0.0722054147115811,0.1293779136494119,0.129377931883519,0.1293779136494119,0.956744313887171,0.4869621414817076,anchor_resnet50_weighted_bce_seed123,T1_2015,resnet50,Cardiomegaly
0.55,1034,845,0.5714285714285714,0.4393764434180138,63,0.0609284332688588,3,91,0.9523809523809524,0.9062821833161688,0.3973509933774834,0.9966024915062288,0.0779416084749869,0.1386799198760862,0.138679916341744,0.1386799198760862,0.9454906576430778,0.4630736522294338,anchor_resnet50_weighted_bce_seed123,T1_2015,resnet50,Cardiomegaly
0.6,1128,751,0.5102040816326531,0.3903002309468822,72,0.0638297872340425,6,113,0.9166666666666666,0.8929924242424242,0.3687150837988827,0.9936775553213908,0.0879556305599075,0.1511861951295154,0.1511862045649359,0.1511861951295154,0.9389467592592592,0.44983206634952,anchor_resnet50_weighted_bce_seed123,T1_2015,resnet50,Cardiomegaly
0.65,1222,657,0.4421768707482993,0.3418013856812933,82,0.0671031096563011,8,130,0.902439024390244,0.8859649122807017,0.3627450980392157,0.9921414538310412,0.0937452456912641,0.1605760669107084,0.1605760563323472,0.1605760669107084,0.930808729139923,0.4355582534871852,anchor_resnet50_weighted_bce_seed123,T1_2015,resnet50,Cardiomegaly
0.7,1316,563,0.3673469387755102,0.2938799076212471,93,0.0706686930091185,9,155,0.9032258064516128,0.8732624693376942,0.3514644351464435,0.9916434540389972,0.1013361002073332,0.1723935895494686,0.1723935865120548,0.1723935895494686,0.9237420761568153,0.4248096283849469,anchor_resnet50_weighted_bce_seed123,T1_2015,resnet50,Cardiomegaly
0.75,1410,469,0.3061224489795918,0.2448036951501154,102,0.0723404255319148,10,181,0.9019607843137256,0.8616207951070336,0.336996336996337,0.9912049252418644,0.1081903516985007,0.1841368709935258,0.1841368704532266,0.1841368709935258,0.9178246986868142,0.4155270925481844,anchor_resnet50_weighted_bce_seed123,T1_2015,resnet50,Cardiomegaly
0.8,1504,375,0.238095238095238,0.1963048498845265,112,0.0744680851063829,12,211,0.8928571428571429,0.8484195402298851,0.3215434083601286,0.9899413243922884,0.1154033563724967,0.195209312278708,0.1952093205280958,0.195209312278708,0.911278735632184,0.4058520644219935,anchor_resnet50_weighted_bce_seed123,T1_2015,resnet50,Cardiomegaly
0.8500000000000001,1598,281,0.1768707482993197,0.1472286374133949,121,0.0757196495619524,13,255,0.8925619834710744,0.8273527420446851,0.2975206611570248,0.9894736842105264,0.1239869625298254,0.2083421877278796,0.2083421939720535,0.2083421877278796,0.9050733841772188,0.3968135933823997,anchor_resnet50_weighted_bce_seed123,T1_2015,resnet50,Cardiomegaly
0.9,1692,187,0.1088435374149659,0.098729792147806,131,0.0774231678486997,15,288,0.8854961832061069,0.8155028827674567,0.2871287128712871,0.9883540372670808,0.1300297668939788,0.2179161610464889,0.217916176227267,0.2179161610464889,0.8983769456846511,0.3876473107505339,anchor_resnet50_weighted_bce_seed123,T1_2015,resnet50,Cardiomegaly
0.95,1786,93,0.0544217687074829,0.0490762124711316,139,0.0778275475923852,18,330,0.8705035971223022,0.7996357012750456,0.2682926829268293,0.9865168539325844,0.1363318748480895,0.2282346770738867,0.2282346739785168,0.2282346770738867,0.8923178397172973,0.3793520862466188,anchor_resnet50_weighted_bce_seed123,T1_2015,resnet50,Cardiomegaly
1.0,1879,0,0.0,0.0,147,0.0782331027142096,20,374,0.8639455782312925,0.7840646651270208,0.2534930139720558,0.9854862119013064,0.1419768199021374,0.2375160798444321,0.2375160855810619,0.2375160798444321,0.8858285808549748,0.3710461285809797,anchor_resnet50_weighted_bce_seed123,T1_2015,resnet50,Cardiomegaly
0.5,1994,1993,0.6497175141242938,0.4929133858267716,62,0.0310932798395185,3,89,0.9516129032258064,0.9539337474120084,0.3986486486486486,0.9983748645720476,0.0441258855978989,0.0822697417397676,0.0822697355222319,0.0822697417397676,0.9619773926400854,0.4618421119855183,anchor_resnet50_weighted_bce_seed123,T2_2016,resnet50,Pleural Effusion
0.55,2193,1794,0.6101694915254238,0.44251968503937,69,0.0314637482900136,5,113,0.927536231884058,0.946798493408663,0.3615819209039548,0.9975198412698412,0.0504439861121042,0.0921584230801366,0.0921584183203266,0.0921584230801366,0.9596707060782228,0.4498214124385088,anchor_resnet50_weighted_bce_seed123,T2_2016,resnet50,Pleural Effusion
0.6,2393,1594,0.5480225988700564,0.3929133858267716,80,0.0334308399498537,8,130,0.9,0.9437959360138348,0.3564356435643564,0.9963486992240986,0.0538524869798877,0.0987323274951921,0.0987323225665381,0.0987323274951921,0.9543044747081711,0.4300584109137281,anchor_resnet50_weighted_bce_seed123,T2_2016,resnet50,Pleural Effusion
0.65,2592,1395,0.5084745762711864,0.3425196850393701,87,0.0335648148148148,8,156,0.9080459770114944,0.9377245508982036,0.3361702127659574,0.996605854900297,0.0584726481405808,0.1092520794108291,0.1092520749000947,0.1092520794108291,0.9495767086516622,0.418414290424743,anchor_resnet50_weighted_bce_seed123,T2_2016,resnet50,Pleural Effusion
0.7,2791,1196,0.4745762711864407,0.2918635170603674,93,0.0333213901827302,8,191,0.913978494623656,0.9292068198665678,0.3079710144927536,0.9968190854870776,0.0646754235728772,0.1219090466530721,0.1219090518879659,0.1219090466530721,0.9457523294834086,0.4095308208122897,anchor_resnet50_weighted_bce_seed123,T2_2016,resnet50,Pleural Effusion
0.75,2991,996,0.4067796610169492,0.24251968503937,105,0.0351053159478435,12,228,0.8857142857142857,0.920997920997921,0.2897196261682243,0.995505617977528,0.0712193955011633,0.1328989260411808,0.1328989234368405,0.1328989260411808,0.9405603405603404,0.3942621022763879,anchor_resnet50_weighted_bce_seed123,T2_2016,resnet50,Pleural Effusion
0.8,3190,797,0.3163841807909605,0.1944881889763779,121,0.0379310344827586,18,272,0.8512396694214877,0.9113717823395244,0.2746666666666666,0.9936056838365896,0.078575155432491,0.1440500890812763,0.144050078860084,0.1440500890812763,0.933126250508282,0.3750356963947899,anchor_resnet50_weighted_bce_seed123,T2_2016,resnet50,Pleural Effusion
0.8500000000000001,3389,598,0.2090395480225988,0.1472440944881889,140,0.04131012097964,25,334,0.8214285714285714,0.8971991381963681,0.2561247216035635,0.9914965986394558,0.0873873307446567,0.156564453047612,0.1565644542053759,0.156564453047612,0.924103020709669,0.3558623633604711,anchor_resnet50_weighted_bce_seed123,T2_2016,resnet50,Pleural Effusion
0.9,3589,398,0.1638418079096045,0.0968503937007874,148,0.0412371134020618,26,407,0.8243243243243243,0.8817204301075269,0.2306238185255198,0.9915032679738562,0.095444253325122,0.1718875871403996,0.1718875740141747,0.1718875871403996,0.9168856083633764,0.3446869115022654,anchor_resnet50_weighted_bce_seed123,T2_2016,resnet50,Pleural Effusion
0.95,3788,199,0.1073446327683615,0.0472440944881889,158,0.0417106652587117,29,500,0.8164556962025317,0.8622589531680441,0.205087440381558,0.9908198797087686,0.1037779678437835,0.1864937376243248,0.1864937331051484,0.1864937376243248,0.9091153188966768,0.333171907721496,anchor_resnet50_weighted_bce_seed123,T2_2016,resnet50,Pleural Effusion
1.0,3987,0,0.0,0.0,177,0.0443942814145974,36,590,0.7966101694915254,0.8451443569553806,0.1928864569083447,0.9889434889434888,0.111083085267157,0.1974374977729285,0.1974374982821544,0.1974374977729285,0.8988515206785593,0.3173436984156407,anchor_resnet50_weighted_bce_seed123,T2_2016,resnet50,Pleural Effusion
0.5,1994,1993,0.5639810426540285,0.4922861150070126,184,0.0922768304914744,17,134,0.907608695652174,0.9259668508287292,0.5548172757475083,0.9899586532782044,0.0663391370783339,0.1087938172811849,0.1087938035065784,0.1087938172811849,0.9498874009128032,0.6209863951564144,anchor_resnet50_weighted_bce_seed123,T2_2016,resnet50,Cardiomegaly
0.55,2193,1794,0.5071090047393365,0.4431977559607293,208,0.0948472412220702,19,170,0.908653846153846,0.9143576826196472,0.5264623955431755,0.9896401308615048,0.0743599294732294,0.1221708457240035,0.1221708476023618,0.1221708457240035,0.943311615965898,0.6062776540434444,anchor_resnet50_weighted_bce_seed123,T2_2016,resnet50,Cardiomegaly
0.6,2393,1594,0.438388625592417,0.3952314165497896,237,0.0990388633514417,20,219,0.9156118143459916,0.8984230055658627,0.4977064220183486,0.9897802759325498,0.0838701483693808,0.1364445481363744,0.1364445462776211,0.1364445481363744,0.9366061154035836,0.5914714853403182,anchor_resnet50_weighted_bce_seed123,T2_2016,resnet50,Cardiomegaly
0.65,2592,1395,0.3791469194312796,0.3464235624123422,262,0.1010802469135802,24,288,0.9083969465648856,0.8763948497854077,0.4524714828897338,0.9883833494675702,0.0962321239573186,0.1529274919044433,0.1529274949226183,0.1529274919044433,0.930306653998624,0.5771868203821782,anchor_resnet50_weighted_bce_seed123,T2_2016,resnet50,Cardiomegaly
0.7,2791,1196,0.3080568720379147,0.2990182328190743,292,0.1046219992834109,28,346,0.9041095890410958,0.8615446178471389,0.4327868852459016,0.9871618523613022,0.1047028121027775,0.1645063740020769,0.164506372707702,0.1645063740020769,0.922710179962396,0.5609305782456177,anchor_resnet50_weighted_bce_seed123,T2_2016,resnet50,Cardiomegaly
0.75,2991,996,0.2606635071090047,0.2485273492286115,312,0.1043129388164493,33,418,0.8942307692307693,0.8439716312056738,0.400286944045911,0.9856146469049696,0.1138831905848941,0.1786821968928203,0.1786821812219402,0.1786821968928203,0.9170548951484002,0.5487377628760299,anchor_resnet50_weighted_bce_seed123,T2_2016,resnet50,Cardiomegaly
0.8,3190,797,0.1990521327014218,0.2,338,0.1059561128526645,40,489,0.8816568047337278,0.8285413744740533,0.3786531130876747,0.9833541406575116,0.1217314806940932,0.189602565912524,0.1896025647131907,0.189602565912524,0.9094220188054474,0.5339068759961447,anchor_resnet50_weighted_bce_seed123,T2_2016,resnet50,Cardiomegaly
0.8500000000000001,3389,598,0.1303317535545023,0.1523141654978962,367,0.1082915314251991,47,559,0.8719346049046321,0.815023163467902,0.3640500568828214,0.9812749003984064,0.1286007186717932,0.1988027937810315,0.1988028021115456,0.1988027937810315,0.9008077910040266,0.518492396570035,anchor_resnet50_weighted_bce_seed123,T2_2016,resnet50,Cardiomegaly
0.9,3589,398,0.0900473933649289,0.1009817671809256,384,0.106993591529674,55,635,0.8567708333333334,0.8018720748829953,0.3412863070539419,0.979047619047619,0.1349879738111647,0.2100990261414417,0.2100990288183778,0.2100990261414417,0.8949066400156007,0.5077678072196016,anchor_resnet50_weighted_bce_seed123,T2_2016,resnet50,Cardiomegaly
0.95,3788,199,0.0379146919431279,0.0513323983169705,406,0.1071805702217529,64,718,0.8423645320197044,0.7876995860437611,0.3226415094339622,0.9765395894428152,0.1410220188345764,0.2194102784956057,0.2194102770956714,0.2194102784956057,0.8870916879568158,0.495125577588881,anchor_resnet50_weighted_bce_seed123,T2_2016,resnet50,Cardiomegaly
1.0,3987,0,0.0,0.0,422,0.1058439929771758,70,810,0.8341232227488151,0.7727910238429172,0.3029259896729776,0.9752212389380532,0.1464211855766363,0.2293998022293492,0.2293997945851226,0.2293998022293492,0.8807611520642369,0.4850708971575579,anchor_resnet50_weighted_bce_seed123,T2_2016,resnet50,Cardiomegaly
0.5,1218,1218,0.5647058823529412,0.4976605699702254,37,0.0303776683087027,6,50,0.8378378378378378,0.95766299745978,0.382716049382716,0.9947229551451188,0.0442436626702947,0.0753843066051651,0.0753843136810757,0.0753843066051651,0.896686271368744,0.3163750920686863,anchor_resnet50_weighted_bce_seed123,T3_2017,resnet50,Pleural Effusion
0.55,1340,1096,0.5294117647058824,0.4470438111441939,40,0.0298507462686567,6,57,0.85,0.956153846153846,0.3736263736263736,0.9951961569255404,0.0453825856261314,0.0821486939523202,0.0821486932378429,0.0821486939523202,0.8963173076923077,0.3195122206364222,anchor_resnet50_weighted_bce_seed123,T3_2017,resnet50,Pleural Effusion
0.6,1462,974,0.4705882352941176,0.3972777541471714,45,0.0307797537619699,9,68,0.8,0.9520112914608329,0.3461538461538461,0.9933726067746688,0.0500876715844243,0.0893813742658508,0.0893813698958967,0.0893813742658508,0.8969497373167097,0.3167899725435864,anchor_resnet50_weighted_bce_seed123,T3_2017,resnet50,Pleural Effusion
0.65,1584,852,0.388235294117647,0.3483623989791578,52,0.0328282828282828,10,81,0.8076923076923077,0.9471279373368148,0.3414634146341463,0.9931553730321696,0.054247851088841,0.0984609319617962,0.0984609351150051,0.0984609319617962,0.8977015967061659,0.3146344798317859,anchor_resnet50_weighted_bce_seed123,T3_2017,resnet50,Pleural Effusion
0.7,1706,730,0.3529411764705882,0.2977456401531263,55,0.0322391559202813,11,100,0.8,0.9394306480920654,0.3055555555555556,0.9929577464788732,0.0602293118562157,0.1108883967418944,0.1108883950108135,0.1108883967418944,0.8939871152469578,0.3093584547089079,anchor_resnet50_weighted_bce_seed123,T3_2017,resnet50,Pleural Effusion
0.75,1827,609,0.2941176470588235,0.2484049340706082,60,0.0328407224958949,12,124,0.8,0.9298245614035088,0.2790697674418604,0.992749244712991,0.0669869321360014,0.1241287663721718,0.1241287662824549,0.1241287663721718,0.8919920769666101,0.3049165594648029,anchor_resnet50_weighted_bce_seed123,T3_2017,resnet50,Pleural Effusion
0.8,1949,487,0.2470588235294117,0.1982135261590812,64,0.0328373524884556,14,153,0.78125,0.9188328912466844,0.2463054187192118,0.9919816723940436,0.0746233702347748,0.1384580287615983,0.1384580285828837,0.1384580287615983,0.8878025530503979,0.2973650725266896,anchor_resnet50_weighted_bce_seed123,T3_2017,resnet50,Pleural Effusion
0.8500000000000001,2071,365,0.188235294117647,0.1484474691620587,69,0.0333172380492515,14,187,0.7971014492753623,0.9065934065934066,0.2272727272727272,0.992345544013122,0.0820978517727716,0.153308527321091,0.1533085244601185,0.153308527321091,0.8841774167861125,0.2904047981449545,anchor_resnet50_weighted_bce_seed123,T3_2017,resnet50,Pleural Effusion
0.9,2193,243,0.0941176470588235,0.0999574649085495,77,0.0351117191062471,19,226,0.7532467532467533,0.8931947069943289,0.204225352112676,0.9900471451021478,0.0902748457808267,0.1664624864662748,0.1664624858411462,0.1664624864662748,0.8803089632484717,0.2802454662663702,anchor_resnet50_weighted_bce_seed123,T3_2017,resnet50,Pleural Effusion
0.95,2315,121,0.0470588235294117,0.0497660569970225,81,0.0349892008639308,19,267,0.7654320987654321,0.8804834377797672,0.1884498480243161,0.9904330312185295,0.0974979768980062,0.1810388434388661,0.1810388337024216,0.1810388434388661,0.8744680968643965,0.2723532389869331,anchor_resnet50_weighted_bce_seed123,T3_2017,resnet50,Pleural Effusion
1.0,2436,0,0.0,0.0,85,0.0348932676518883,21,322,0.7529411764705882,0.8630370055295619,0.1658031088082901,0.9897560975609756,0.1050029916646423,0.1951511040076075,0.1951510905317215,0.1951511040076075,0.8689643956263919,0.2653546567425527,anchor_resnet50_weighted_bce_seed123,T3_2017,resnet50,Pleural Effusion
0.5,1218,1218,0.5813953488372093,0.4903581267217631,108,0.0886699507389162,5,95,0.9537037037037036,0.9144144144144144,0.5202020202020202,0.9950980392156864,0.0725698260535473,0.1220087280867037,0.1220087316835357,0.1220087280867037,0.9427135468802136,0.5539043395000303,anchor_resnet50_weighted_bce_seed123,T3_2017,resnet50,Cardiomegaly
0.55,1340,1096,0.5193798449612403,0.4416896235078053,124,0.0925373134328358,8,117,0.935483870967742,0.903782894736842,0.4978540772532189,0.992773261065944,0.0807507302101015,0.1329343402466333,0.1329343358805375,0.1329343402466333,0.9390485727928692,0.5461444342641133,anchor_resnet50_weighted_bce_seed123,T3_2017,resnet50,Cardiomegaly
0.6,1462,974,0.4457364341085271,0.3943985307621671,143,0.0978112175102599,11,139,0.9230769230769232,0.8946171341925702,0.4870848708487085,0.9907640638119228,0.0876546632228866,0.1419187777448909,0.1419187723805493,0.1419187777448909,0.933017702540068,0.5348780437650131,anchor_resnet50_weighted_bce_seed123,T3_2017,resnet50,Cardiomegaly
0.65,1584,852,0.3643410852713178,0.3480257116620753,164,0.1035353535353535,12,173,0.926829268292683,0.8781690140845071,0.4676923076923077,0.9904686258935664,0.0966874199393764,0.1539446856953542,0.1539446838679864,0.1539446856953542,0.9266575060116796,0.5248087881598517,anchor_resnet50_weighted_bce_seed123,T3_2017,resnet50,Cardiomegaly
0.7,1706,730,0.3217054263565891,0.2970615243342516,175,0.1025791324736225,13,205,0.9257142857142856,0.8661005878510777,0.44141689373297,0.9902912621359224,0.1038720058897162,0.1672981264536975,0.1672981226421534,0.1672981264536975,0.923411402444714,0.5175337421205254,anchor_resnet50_weighted_bce_seed123,T3_2017,resnet50,Cardiomegaly
0.75,1827,609,0.2751937984496124,0.2470156106519742,187,0.1023535851122058,17,248,0.9090909090909092,0.848780487804878,0.4066985645933014,0.9879347054648688,0.1132097510099262,0.1808419872032499,0.1808419738945637,0.1808419872032499,0.9190605843224208,0.5089631600979233,anchor_resnet50_weighted_bce_seed123,T3_2017,resnet50,Cardiomegaly
0.8,1949,487,0.2286821705426356,0.1965105601469237,199,0.1021036428937916,20,294,0.8994974874371859,0.832,0.3784355179704017,0.986449864498645,0.1214548352887644,0.1937186628725358,0.1937186538125687,0.1937186628725358,0.9134055994257,0.4987678896300005,anchor_resnet50_weighted_bce_seed123,T3_2017,resnet50,Cardiomegaly
0.8500000000000001,2071,365,0.1821705426356589,0.1460055096418732,211,0.1018831482375663,23,345,0.8909952606635071,0.8145161290322581,0.3527204502814259,0.9850455136540962,0.1291332031506652,0.205847231087957,0.2058472168950687,0.205847231087957,0.9071497732252968,0.4882371391281314,anchor_resnet50_weighted_bce_seed123,T3_2017,resnet50,Cardiomegaly
0.9,2193,243,0.1201550387596899,0.0973370064279155,227,0.1035111719106247,29,391,0.8722466960352423,0.801119023397762,0.3361629881154499,0.9819201995012468,0.1355948447232727,0.2145160498633484,0.2145160400719334,0.2145160498633484,0.8989461820104777,0.4758791049764132,anchor_resnet50_weighted_bce_seed123,T3_2017,resnet50,Cardiomegaly
0.95,2315,121,0.0697674418604651,0.0472910927456382,240,0.1036717062634989,31,433,0.8708333333333333,0.7913253012048193,0.3255451713395638,0.9814704124327556,0.1409677808436249,0.2236267817377658,0.2236267800561553,0.2236267817377658,0.8923614457831326,0.4658150733889654,anchor_resnet50_weighted_bce_seed123,T3_2017,resnet50,Cardiomegaly
1.0,2436,0,0.0,0.0,258,0.105911330049261,40,494,0.8449612403100775,0.7731864095500459,0.3061797752808989,0.976798143851508,0.146500480784755,0.2300948458800187,0.2300948461331121,0.2300948458800187,0.8834264064179498,0.4537521955534186,anchor_resnet50_weighted_bce_seed123,T3_2017,resnet50,Cardiomegaly
0.5,940,939,0.7272727272727273,0.4870786516853932,27,0.0287234042553191,2,26,0.925925925925926,0.9715224534501644,0.4901960784313725,0.997750281214848,0.0346646398668069,0.111925404800221,0.1119254128730043,0.111925404800221,0.94937325057807,0.5105935679556336,anchor_resnet50_weighted_bce_seed2026,T1_2015,resnet50,Pleural Effusion
0.55,1034,845,0.6767676767676768,0.4370786516853933,32,0.0309477756286266,3,48,0.90625,0.9520958083832336,0.3766233766233766,0.9968652037617556,0.0483841801839512,0.131049227171237,0.1310492230568448,0.131049227171237,0.9485716067864272,0.4901786757710792,anchor_resnet50_weighted_bce_seed2026,T1_2015,resnet50,Pleural Effusion
0.6,1128,751,0.6161616161616161,0.3876404494382022,38,0.0336879432624113,4,77,0.8947368421052632,0.9293577981651376,0.3063063063063063,0.9960668633235004,0.0628247707889424,0.1507130732482418,0.1507130770924243,0.1507130732482418,0.9440487687107676,0.4610299554308774,anchor_resnet50_weighted_bce_seed2026,T1_2015,resnet50,Pleural Effusion
0.65,1222,657,0.5353535353535354,0.3393258426966292,46,0.0376432078559738,5,110,0.8913043478260869,0.9064625850340136,0.271523178807947,0.9953314659197012,0.0761708577775388,0.1684079885775446,0.1684079936502803,0.1684079885775446,0.9360119047619048,0.4277819282889314,anchor_resnet50_weighted_bce_seed2026,T1_2015,resnet50,Pleural Effusion
0.7,1316,563,0.4343434343434343,0.2921348314606741,56,0.0425531914893617,6,145,0.8928571428571429,0.8849206349206349,0.2564102564102564,0.9946476360392508,0.0879280559700785,0.1836083049837805,0.1836083037920273,0.1836083049837805,0.926998299319728,0.3984367014789969,anchor_resnet50_weighted_bce_seed2026,T1_2015,resnet50,Pleural Effusion
0.75,1410,469,0.3737373737373737,0.2426966292134831,62,0.0439716312056737,7,189,0.8870967741935484,0.8597922848664689,0.2254098360655737,0.9939965694682676,0.0999965763084919,0.2008628558459962,0.2008628588196233,0.2008628558459962,0.9195343160715996,0.3808453689838025,anchor_resnet50_weighted_bce_seed2026,T1_2015,resnet50,Pleural Effusion
0.8,1504,375,0.2828282828282828,0.1949438202247191,71,0.0472074468085106,10,244,0.8591549295774648,0.8297278436845779,0.2,0.9916597164303588,0.1124290415264502,0.216025859985669,0.2160258629616905,0.216025859985669,0.9076447519731088,0.3578050377438024,anchor_resnet50_weighted_bce_seed2026,T1_2015,resnet50,Pleural Effusion
0.8500000000000001,1598,281,0.2323232323232323,0.1449438202247191,76,0.0475594493116395,10,302,0.868421052631579,0.8015768725361366,0.1793478260869565,0.991869918699187,0.1228140887285689,0.2318702345161473,0.2318702462468487,0.2318702345161473,0.8991372155750743,0.344197230163507,anchor_resnet50_weighted_bce_seed2026,T1_2015,resnet50,Pleural Effusion
0.9,1692,187,0.1919191919191919,0.0943820224719101,80,0.0472813238770685,10,358,0.875,0.7779156327543424,0.1635514018691588,0.9920886075949368,0.1310589170577507,0.2455639624924137,0.2455639744058568,0.2455639624924137,0.8920285359801488,0.3336438834009972,anchor_resnet50_weighted_bce_seed2026,T1_2015,resnet50,Pleural Effusion
0.95,1786,93,0.0808080808080808,0.047752808988764,91,0.0509518477043673,13,403,0.8571428571428571,0.7622418879056048,0.1621621621621621,0.9900383141762452,0.1375170044691987,0.2531658818200648,0.2531658948502375,0.2531658818200648,0.8765665013452624,0.3129840282283986,anchor_resnet50_weighted_bce_seed2026,T1_2015,resnet50,Pleural Effusion
1.0,1879,0,0.0,0.0,99,0.0526875997871208,16,441,0.8383838383838383,0.7522471910112359,0.1583969465648854,0.9881918819188192,0.1429215237347574,0.2610194427360239,0.2610194510510146,0.2610194427360239,0.8661729656111679,0.2999852280205258,anchor_resnet50_weighted_bce_seed2026,T1_2015,resnet50,Pleural Effusion
0.5,940,939,0.8571428571428571,0.4693995381062356,21,0.0223404255319148,13,8,0.3809523809523809,0.9912948857453754,0.5,0.985930735930736,0.024436716405242,0.0604354859181144,0.0604354839058632,0.0604354859181144,0.7753251463806415,0.2221614897656129,anchor_resnet50_weighted_bce_seed2026,T1_2015,resnet50,Cardiomegaly
0.55,1034,845,0.7959183673469388,0.4203233256351039,30,0.0290135396518375,15,12,0.5,0.9880478087649402,0.5555555555555556,0.9851042701092354,0.0286843862692038,0.0684327350900557,0.0684327428414697,0.0684327350900557,0.8118027888446215,0.287124871382668,anchor_resnet50_weighted_bce_seed2026,T1_2015,resnet50,Cardiomegaly
0.6,1128,751,0.7210884353741497,0.3724018475750577,41,0.0363475177304964,17,19,0.5853658536585366,0.9825206991720332,0.5581395348837209,0.9843317972350232,0.034278404027516,0.077791817964332,0.0777918239196775,0.077791817964332,0.8400161554513429,0.3564415183778746,anchor_resnet50_weighted_bce_seed2026,T1_2015,resnet50,Cardiomegaly
0.65,1222,657,0.6122448979591837,0.3273672055427252,57,0.0466448445171849,22,41,0.6140350877192983,0.9648068669527896,0.4605263157894737,0.9808027923211168,0.0474541671582221,0.0908458281716914,0.0908458284094759,0.0908458281716914,0.8636397861606806,0.3937833760243815,anchor_resnet50_weighted_bce_seed2026,T1_2015,resnet50,Cardiomegaly
0.7,1316,563,0.4965986394557823,0.2829099307159353,74,0.0562310030395136,25,71,0.6621621621621622,0.9428341384863124,0.4083333333333333,0.9790969899665553,0.0608513134321349,0.1059617143135665,0.1059617099428611,0.1059617143135665,0.871387692039866,0.3942625486175284,anchor_resnet50_weighted_bce_seed2026,T1_2015,resnet50,Cardiomegaly
0.75,1410,469,0.4489795918367347,0.2326789838337182,81,0.0574468085106383,27,110,0.6666666666666666,0.9172310007524456,0.3292682926829268,0.978330658105939,0.0745896452947806,0.1264000556867648,0.1264000617865975,0.1264000556867648,0.8632128491672008,0.3797201536097308,anchor_resnet50_weighted_bce_seed2026,T1_2015,resnet50,Cardiomegaly
0.8,1504,375,0.3401360544217687,0.1876443418013856,97,0.0644946808510638,31,160,0.6804123711340206,0.8862828713574982,0.2920353982300885,0.9757433489827856,0.0890440494205391,0.1425314351707013,0.1425314351440744,0.1425314351707013,0.8601323280504692,0.3672396701754075,anchor_resnet50_weighted_bce_seed2026,T1_2015,resnet50,Cardiomegaly
0.8500000000000001,1598,281,0.2653061224489796,0.1397228637413395,108,0.0675844806007509,31,214,0.7129629629629629,0.8563758389261745,0.2646048109965636,0.9762815608263198,0.1010657828937453,0.1599971630164096,0.1599971579110368,0.1599971630164096,0.8527311707680836,0.354489620271572,anchor_resnet50_weighted_bce_seed2026,T1_2015,resnet50,Cardiomegaly
0.9,1692,187,0.1836734693877551,0.092378752886836,120,0.0709219858156028,37,257,0.6916666666666667,0.8365139949109415,0.2441176470588235,0.9726331360946746,0.1102716630074005,0.1720234695799983,0.1720234696042171,0.1720234695799983,0.844659139100933,0.3419675034832328,anchor_resnet50_weighted_bce_seed2026,T1_2015,resnet50,Cardiomegaly
0.95,1786,93,0.0952380952380952,0.0456120092378752,133,0.0744680851063829,39,294,0.706766917293233,0.822141560798548,0.2422680412371134,0.9721030042918456,0.1174775578173215,0.1822647222934117,0.1822647279147204,0.1822647222934117,0.8361216107419183,0.330188367937378,anchor_resnet50_weighted_bce_seed2026,T1_2015,resnet50,Cardiomegaly
1.0,1879,0,0.0,0.0,147,0.0782331027142096,48,330,0.673469387755102,0.8094688221709007,0.2307692307692307,0.966896551724138,0.1240539280698887,0.190365744717994,0.190365744436466,0.190365744717994,0.8276421423072693,0.3197465821045158,anchor_resnet50_weighted_bce_seed2026,T1_2015,resnet50,Cardiomegaly
0.5,1994,1993,0.7175141242937854,0.489763779527559,50,0.025075225677031,6,157,0.88,0.919238683127572,0.2189054726368159,0.9966536530953708,0.0707407035150834,0.1532002526196233,0.1532002513931173,0.1532002526196233,0.9183796296296296,0.2828448998738882,anchor_resnet50_weighted_bce_seed2026,T2_2016,resnet50,Pleural Effusion
0.55,2193,1794,0.6497175141242938,0.4406824146981627,62,0.0282717738258093,8,210,0.8709677419354839,0.9014547160957296,0.2045454545454545,0.99585277345775,0.0824631793122848,0.1704758409490555,0.1704758380544386,0.1704758409490555,0.9144578495632822,0.2677615575634149,anchor_resnet50_weighted_bce_seed2026,T2_2016,resnet50,Pleural Effusion
0.6,2393,1594,0.5649717514124294,0.3921259842519685,77,0.0321771834517342,12,281,0.8441558441558441,0.8786701208981001,0.1878612716763005,0.9941377625793844,0.0960904107746827,0.1882646902570578,0.1882646966817436,0.1882646902570578,0.9045488190565912,0.2495647605463979,anchor_resnet50_weighted_bce_seed2026,T2_2016,resnet50,Pleural Effusion
0.65,2592,1395,0.4971751412429379,0.3430446194225722,89,0.0343364197530864,14,364,0.8426966292134831,0.8545745105872953,0.1708428246013667,0.9934974454249884,0.1087137859852589,0.2065167158402295,0.2065167131224348,0.2065167158402295,0.895951824103211,0.2379902884882169,anchor_resnet50_weighted_bce_seed2026,T2_2016,resnet50,Pleural Effusion
0.7,2791,1196,0.4180790960451977,0.2944881889763779,103,0.0369043353636689,17,453,0.8349514563106796,0.8314732142857143,0.1595547309833024,0.9924511545293072,0.1200347614653954,0.2224607892449249,0.2224607742289752,0.2224607892449249,0.8853101161581137,0.2263350659449681,anchor_resnet50_weighted_bce_seed2026,T2_2016,resnet50,Pleural Effusion
0.75,2991,996,0.327683615819209,0.2461942257217848,119,0.0397860247408893,20,562,0.8319327731092437,0.8043175487465181,0.1497730711043872,0.9914163090128756,0.1314442743025017,0.2378732362062745,0.2378732311071978,0.2378732362062745,0.8737886519510312,0.2158406634383167,anchor_resnet50_weighted_bce_seed2026,T2_2016,resnet50,Pleural Effusion
0.8,3190,797,0.2542372881355932,0.1973753280839895,132,0.0413793103448275,22,671,0.8333333333333334,0.7805755395683454,0.1408450704225352,0.9908675799086758,0.1407675255588013,0.2517517469986852,0.2517517481571455,0.2517517469986852,0.8631631884574984,0.2073047518261919,anchor_resnet50_weighted_bce_seed2026,T2_2016,resnet50,Pleural Effusion
0.8500000000000001,3389,598,0.1694915254237288,0.1490813648293963,147,0.043375627028622,25,798,0.8299319727891157,0.7538556446637877,0.1326086956521739,0.9898744430943702,0.1497606336378793,0.2644321699828727,0.2644321675337884,0.2644321699828727,0.8524352986104992,0.1995658856896624,anchor_resnet50_weighted_bce_seed2026,T2_2016,resnet50,Pleural Effusion
0.9,3589,398,0.1016949152542373,0.0997375328083989,159,0.0443020339927556,28,909,0.8238993710691824,0.7349854227405248,0.1259615384615384,0.9890153001176932,0.1562677365185678,0.2750713358334543,0.2750713306653795,0.2750713358334543,0.8433182976694721,0.1932772657282824,anchor_resnet50_weighted_bce_seed2026,T2_2016,resnet50,Pleural Effusion
0.95,3788,199,0.0564971751412429,0.0496062992125984,167,0.0440865892291446,31,1010,0.8143712574850299,0.7210715272024303,0.1186736474694589,0.9882664647993944,0.1614429214260726,0.2849400654354515,0.2849400636544323,0.2849400654354515,0.8366572571509838,0.1885011830864831,anchor_resnet50_weighted_bce_seed2026,T2_2016,resnet50,Pleural Effusion
1.0,3987,0,0.0,0.0,177,0.0443942814145974,36,1114,0.7966101694915254,0.7076115485564305,0.1123505976095617,0.986822840409956,0.1659987711155811,0.2932567094665946,0.293256702580367,0.2932567094665946,0.8281952044130076,0.1832832767759026,anchor_resnet50_weighted_bce_seed2026,T2_2016,resnet50,Pleural Effusion
0.5,1994,1993,0.8151658767772512,0.4625525946704067,78,0.0391173520561685,44,54,0.4358974358974359,0.9718162839248434,0.3863636363636363,0.9769150052465896,0.0454556232190802,0.0737350827359492,0.0723770949204892,0.0737350827359492,0.798923371339864,0.2850309493573519,anchor_resnet50_weighted_bce_seed2026,T2_2016,resnet50,Cardiomegaly
0.55,2193,1794,0.7369668246445498,0.4159887798036465,111,0.0506155950752394,59,85,0.4684684684684684,0.9591738712776176,0.3795620437956204,0.9713035019455252,0.0576233531733388,0.0827865781389071,0.0819292803534051,0.0827865781389071,0.8232966395790602,0.3029383274186454,anchor_resnet50_weighted_bce_seed2026,T2_2016,resnet50,Cardiomegaly
0.6,2393,1594,0.6611374407582938,0.3688639551192146,143,0.0597576264103635,70,127,0.5104895104895105,0.9435555555555556,0.365,0.9680802553579572,0.0691690858082079,0.0953326808414011,0.0949277171029912,0.0953326808414011,0.8290909090909091,0.3078434102839972,anchor_resnet50_weighted_bce_seed2026,T2_2016,resnet50,Cardiomegaly
0.65,2592,1395,0.5687203791469194,0.3239831697054698,182,0.070216049382716,79,188,0.5659340659340659,0.9219917012448132,0.3539518900343643,0.9656671012603216,0.0819935273244279,0.1094339497295426,0.1094275946932971,0.1094339497295426,0.8338493456750719,0.317295003616386,anchor_resnet50_weighted_bce_seed2026,T2_2016,resnet50,Cardiomegaly
0.7,2791,1196,0.485781990521327,0.2779803646563815,217,0.0777499104263704,89,273,0.5898617511520737,0.8939393939393939,0.3192019950124688,0.9627615062761506,0.0964699232615552,0.1263131025333701,0.1263131013320941,0.1263131025333701,0.8303014190110964,0.3150550818531676,anchor_resnet50_weighted_bce_seed2026,T2_2016,resnet50,Cardiomegaly
0.75,2991,996,0.3720379146919431,0.2353436185133239,265,0.0885991307255098,96,351,0.6377358490566037,0.8712399119589141,0.325,0.961149332254148,0.1071051684321657,0.1375366283642313,0.1375366275272553,0.1375366283642313,0.8286804911474412,0.3176261435361693,anchor_resnet50_weighted_bce_seed2026,T2_2016,resnet50,Cardiomegaly
0.8,3190,797,0.2914691943127962,0.1890603085553997,299,0.0937304075235109,101,449,0.6622073578595318,0.8446904185402975,0.3060278207109737,0.9602831301612268,0.1178727159835625,0.1521670948305287,0.1521670938554135,0.1521670948305287,0.8222982407633423,0.3140774652801383,anchor_resnet50_weighted_bce_seed2026,T2_2016,resnet50,Cardiomegaly
0.8500000000000001,3389,598,0.2227488151658767,0.1413744740532959,328,0.0967837120094423,110,553,0.6646341463414634,0.8193400849395622,0.2827496757457847,0.957983193277311,0.1275351938391043,0.1658436889276809,0.1658436960166149,0.1658436889276809,0.8147240858638576,0.3087184618173035,anchor_resnet50_weighted_bce_seed2026,T2_2016,resnet50,Cardiomegaly
0.9,3589,398,0.1540284360189573,0.0934081346423562,357,0.0994706046252438,120,632,0.6638655462184874,0.8044554455445545,0.2727272727272727,0.9558823529411764,0.1343309576616556,0.1763235515123142,0.1763235569554522,0.1763235515123142,0.8066680880272901,0.3029467708703727,anchor_resnet50_weighted_bce_seed2026,T2_2016,resnet50,Cardiomegaly
0.95,3788,199,0.0758293838862559,0.046844319775596,390,0.1029567053854276,139,717,0.6435897435897436,0.788993525603296,0.259297520661157,0.950709219858156,0.1406692189659538,0.184576996968943,0.1845770107991325,0.184576996968943,0.7986681456663799,0.2978467557625575,anchor_resnet50_weighted_bce_seed2026,T2_2016,resnet50,Cardiomegaly
1.0,3987,0,0.0,0.0,422,0.1058439929771758,159,804,0.6232227488151659,0.7744740532959327,0.246485473289597,0.9455479452054796,0.1461752991952743,0.1922931680271268,0.1922931788040263,0.1922931680271268,0.7900789667847623,0.2923007541986702,anchor_resnet50_weighted_bce_seed2026,T2_2016,resnet50,Cardiomegaly
0.5,1218,1218,0.6235294117647059,0.4955338153977031,32,0.0262725779967159,7,82,0.78125,0.9308600337268128,0.2336448598130841,0.9936993699369936,0.0645022282937,0.1427328993837014,0.1427329019972158,0.1427328993837014,0.9010592327150084,0.2489546109068456,anchor_resnet50_weighted_bce_seed2026,T3_2017,resnet50,Pleural Effusion
0.55,1340,1096,0.5764705882352941,0.4453424074861761,36,0.026865671641791,9,113,0.75,0.9133435582822086,0.1928571428571428,0.9925,0.0767173639627024,0.1614508492983321,0.161450851480685,0.1614508492983321,0.8909658316291752,0.235912368364341,anchor_resnet50_weighted_bce_seed2026,T3_2017,resnet50,Pleural Effusion
0.6,1462,974,0.4823529411764706,0.3968524032326669,44,0.0300957592339261,9,156,0.7954545454545454,0.8899858956276445,0.1832460732984293,0.992918961447679,0.0898524955183025,0.1810145247842296,0.1810145477640726,0.1810145247842296,0.8846246313629953,0.2258287719949724,anchor_resnet50_weighted_bce_seed2026,T3_2017,resnet50,Pleural Effusion
0.65,1584,852,0.4117647058823529,0.3475116971501488,50,0.0315656565656565,10,208,0.8,0.864406779661017,0.1612903225806451,0.9925149700598802,0.1033042678381936,0.2008202804036137,0.2008202843640865,0.2008202804036137,0.8778096479791395,0.2178325839838553,anchor_resnet50_weighted_bce_seed2026,T3_2017,resnet50,Pleural Effusion
0.7,1706,730,0.3529411764705882,0.2977456401531263,55,0.0322391559202813,12,275,0.7818181818181819,0.8334342822531798,0.1352201257861635,0.9913544668587896,0.1175608805808914,0.2211005670408274,0.2211005737369602,0.2211005670408274,0.8700677275480425,0.2099562867998152,anchor_resnet50_weighted_bce_seed2026,T3_2017,resnet50,Pleural Effusion
0.75,1827,609,0.2941176470588235,0.2484049340706082,60,0.0328407224958949,12,346,0.8,0.8041878890775326,0.1218274111675127,0.9916259595254712,0.1294407259331421,0.2392967259332937,0.2392967285626105,0.2392967259332937,0.8615355593284286,0.2019795587824125,anchor_resnet50_weighted_bce_seed2026,T3_2017,resnet50,Pleural Effusion
0.8,1949,487,0.2235294117647059,0.1990642279880901,66,0.0338635197537198,12,414,0.8181818181818182,0.7801380775358471,0.1153846153846153,0.9918973666441594,0.1389132568277492,0.2542334867076515,0.2542334844120775,0.2542334867076515,0.8523712966092148,0.193741224591322,anchor_resnet50_weighted_bce_seed2026,T3_2017,resnet50,Pleural Effusion
0.8500000000000001,2071,365,0.2,0.1480221182475542,68,0.0328343795267986,13,500,0.8088235294117647,0.7503744383424863,0.0990990990990991,0.991424802110818,0.1488171420247693,0.2704446486326475,0.2704446443155558,0.2704446486326475,0.8475962526798039,0.1898526479380304,anchor_resnet50_weighted_bce_seed2026,T3_2017,resnet50,Pleural Effusion
0.9,2193,243,0.1176470588235294,0.0991067630795406,75,0.0341997264021887,16,562,0.7866666666666666,0.7346553352219075,0.0950080515297906,0.989821882951654,0.1551641848970315,0.280429547614381,0.2804295398801144,0.280429547614381,0.8349417689644318,0.1807109254153371,anchor_resnet50_weighted_bce_seed2026,T3_2017,resnet50,Pleural Effusion
0.95,2315,121,0.0470588235294117,0.0497660569970225,81,0.0349892008639308,16,641,0.8024691358024691,0.7130707251566697,0.0920679886685552,0.9900559353635798,0.1611109717657819,0.2904874595368912,0.2904874577024071,0.2904874595368912,0.8249555135559313,0.1737743610666223,anchor_resnet50_weighted_bce_seed2026,T3_2017,resnet50,Pleural Effusion
1.0,2436,0,0.0,0.0,85,0.0348932676518883,18,700,0.788235294117647,0.7022543598468737,0.0873533246414602,0.9892150988615938,0.1655207470622296,0.2992542681294954,0.299254265902885,0.2992542681294954,0.8184302049190582,0.1691414420007422,anchor_resnet50_weighted_bce_seed2026,T3_2017,resnet50,Pleural Effusion
0.5,1218,1218,0.8294573643410853,0.4609733700642791,44,0.0361247947454844,26,28,0.4090909090909091,0.9761499148211245,0.391304347826087,0.9778156996587032,0.0424244424380634,0.0674621549561889,0.0674621612139425,0.0674621549561889,0.7533684373548086,0.1886207050600125,anchor_resnet50_weighted_bce_seed2026,T3_2017,resnet50,Cardiomegaly
0.55,1340,1096,0.748062015503876,0.4146005509641873,65,0.0485074626865671,35,43,0.4615384615384615,0.9662745098039216,0.410958904109589,0.9723756906077348,0.0529484597126101,0.0758274376781573,0.0758274342086332,0.0758274376781573,0.7995595776772247,0.2501878751418873,anchor_resnet50_weighted_bce_seed2026,T3_2017,resnet50,Cardiomegaly
0.6,1462,974,0.6821705426356589,0.3663911845730027,82,0.0560875512995896,41,68,0.5,0.9507246376811594,0.3761467889908257,0.9696969696969696,0.0643032732854126,0.0903332362756663,0.0903332337951122,0.0903332362756663,0.8108209614704841,0.2706791863924356,anchor_resnet50_weighted_bce_seed2026,T3_2017,resnet50,Cardiomegaly
0.65,1584,852,0.6007751937984496,0.3200183654729109,103,0.0650252525252525,47,108,0.5436893203883495,0.927076299797434,0.3414634146341463,0.9669014084507044,0.0784214836173218,0.1066824011140117,0.1066824145793839,0.1066824011140117,0.817762860308241,0.2796221323095483,anchor_resnet50_weighted_bce_seed2026,T3_2017,resnet50,Cardiomegaly
0.7,1706,730,0.5348837209302325,0.2718089990817263,120,0.0703399765533411,52,163,0.5666666666666667,0.8972257250945775,0.2943722943722944,0.9647457627118644,0.093655282930607,0.1263362734479194,0.1263362621410301,0.1263362734479194,0.8144230769230769,0.2775823611900985,anchor_resnet50_weighted_bce_seed2026,T3_2017,resnet50,Cardiomegaly
0.75,1827,609,0.4418604651162791,0.2272727272727272,144,0.0788177339901477,56,210,0.6111111111111112,0.875222816399287,0.2953020134228188,0.9633747547416612,0.1043456671172207,0.1391923040494151,0.1391923167769805,0.1391923040494151,0.8138513401993792,0.2800331346248951,anchor_resnet50_weighted_bce_seed2026,T3_2017,resnet50,Cardiomegaly
0.8,1949,487,0.313953488372093,0.1864095500459136,177,0.090815802975885,61,271,0.655367231638418,0.8470654627539503,0.2997416020671835,0.9609475032010244,0.1158692068927172,0.1494620767306859,0.1494620751920206,0.1494620767306859,0.8145795870477357,0.2876475861582658,anchor_resnet50_weighted_bce_seed2026,T3_2017,resnet50,Cardiomegaly
0.8500000000000001,2071,365,0.2248062015503876,0.1409550045913682,200,0.0965717044905842,67,342,0.665,0.8172100481026189,0.28,0.9580200501253132,0.126898939522031,0.1624961342763305,0.1624961360454386,0.1624961342763305,0.8088455371459113,0.2863217109250084,anchor_resnet50_weighted_bce_seed2026,T3_2017,resnet50,Cardiomegaly
0.9,2193,243,0.1356589147286821,0.0955004591368227,223,0.1016871865025079,76,387,0.6591928251121076,0.8035532994923857,0.2752808988764045,0.9541892706449668,0.1336480053622205,0.1706575807897442,0.1706575752969371,0.1706575807897442,0.8022649154355694,0.2842561254370312,anchor_resnet50_weighted_bce_seed2026,T3_2017,resnet50,Cardiomegaly
0.95,2315,121,0.0697674418604651,0.0472910927456382,240,0.1036717062634989,86,443,0.6416666666666667,0.7865060240963856,0.2579564489112227,0.9499417927823052,0.1401897896374689,0.1807846819527334,0.1807846793764096,0.1807846819527334,0.7946084337349397,0.2796450496714341,anchor_resnet50_weighted_bce_seed2026,T3_2017,resnet50,Cardiomegaly
1.0,2436,0,0.0,0.0,258,0.105911330049261,97,490,0.624031007751938,0.7750229568411386,0.2473118279569892,0.945658263305322,0.1456162767543778,0.1891099858833308,0.1891099827513954,0.1891099858833308,0.7861525757931678,0.274805387232364,anchor_resnet50_weighted_bce_seed2026,T3_2017,resnet50,Cardiomegaly
0.5,940,939,0.9595959595959596,0.4741573033707865,4,0.0042553191489361,4,0,0.0,1.0,,0.9957446808510638,0.0344602012476185,0.1523401230137716,0.1523401066740142,0.1523401230137716,0.5657051282051282,0.0066360191161042,anchor_resnet50_weighted_bce_seed42,T1_2015,resnet50,Pleural Effusion
0.55,1034,845,0.9393939393939394,0.4224719101123595,6,0.0058027079303675,6,0,0.0,1.0,,0.9941972920696324,0.0422060252713229,0.1670613591874475,0.1670613612050129,0.1670613591874475,0.662289234760052,0.0174385709606119,anchor_resnet50_weighted_bce_seed42,T1_2015,resnet50,Pleural Effusion
0.6,1128,751,0.898989898989899,0.3719101123595505,10,0.0088652482269503,10,0,0.0,1.0,,0.9911347517730495,0.0509008746672043,0.1803210433242274,0.1803210383307532,0.1803210433242274,0.7573792486583184,0.0521766692283834,anchor_resnet50_weighted_bce_seed42,T1_2015,resnet50,Pleural Effusion
0.65,1222,657,0.8686868686868687,0.3207865168539325,13,0.0106382978723404,13,0,0.0,1.0,,0.9893617021276596,0.0599471949983214,0.194989813244772,0.1949898092146298,0.194989813244772,0.7614366609403831,0.0352287336440149,anchor_resnet50_weighted_bce_seed42,T1_2015,resnet50,Pleural Effusion
0.7,1316,563,0.8181818181818182,0.2707865168539325,18,0.0136778115501519,18,0,0.0,1.0,,0.986322188449848,0.0694507695727657,0.2080419607528437,0.2080419433436223,0.2080419607528437,0.7811804485533299,0.056869402564058,anchor_resnet50_weighted_bce_seed42,T1_2015,resnet50,Pleural Effusion
0.75,1410,469,0.7171717171717171,0.2235955056179775,28,0.0198581560283687,28,2,0.0,0.9985528219971056,0.0,0.9801136363636364,0.0793956494160875,0.2176220259979261,0.2176220135750077,0.2176220259979261,0.8208729584453174,0.1114724888143094,anchor_resnet50_weighted_bce_seed42,T1_2015,resnet50,Pleural Effusion
0.8,1504,375,0.5151515151515151,0.1820224719101123,48,0.0319148936170212,33,29,0.3125,0.9800824175824177,0.3409090909090909,0.9773972602739726,0.0895593726561437,0.2217532956521918,0.2217532830917216,0.2217532956521918,0.8661286630036631,0.2712097914253238,anchor_resnet50_weighted_bce_seed42,T1_2015,resnet50,Pleural Effusion
0.8500000000000001,1598,281,0.4242424242424242,0.1342696629213483,57,0.0356695869837296,36,85,0.3684210526315789,0.944841012329656,0.1981132075471698,0.9758713136729222,0.0992066484055266,0.2327433205367029,0.2327433183220435,0.2327433205367029,0.8549130776324326,0.248097919868621,anchor_resnet50_weighted_bce_seed42,T1_2015,resnet50,Pleural Effusion
0.9,1692,187,0.2626262626262626,0.0904494382022471,73,0.043144208037825,37,139,0.4931506849315068,0.9141445336627548,0.2057142857142857,0.975609756097561,0.1076886574722036,0.2384000089873799,0.2383999970232975,0.2384000089873799,0.8525514650511478,0.2404443164657273,anchor_resnet50_weighted_bce_seed42,T1_2015,resnet50,Pleural Effusion
0.95,1786,93,0.0808080808080808,0.047752808988764,91,0.0509518477043673,42,193,0.5384615384615384,0.8861356932153392,0.2024793388429752,0.97279792746114,0.1152710616718621,0.2422388325104321,0.2422388298989743,0.2422388325104321,0.8479756231968623,0.236321895271848,anchor_resnet50_weighted_bce_seed42,T1_2015,resnet50,Pleural Effusion
1.0,1879,0,0.0,0.0,99,0.0526875997871208,47,240,0.5252525252525253,0.8651685393258427,0.1780821917808219,0.970384373030876,0.121954133402402,0.2507487367927837,0.2507487380081126,0.2507487367927837,0.8356259221427761,0.2259411501495121,anchor_resnet50_weighted_bce_seed42,T1_2015,resnet50,Pleural Effusion
0.5,940,939,0.8503401360544217,0.4699769053117782,22,0.0234042553191489,22,0,0.0,1.0,,0.9765957446808512,0.0559269578076622,0.1672196026732947,0.1672196136193072,0.1672196026732947,0.561249752426223,0.0719798248970036,anchor_resnet50_weighted_bce_seed42,T1_2015,resnet50,Cardiomegaly
0.55,1034,845,0.8299319727891157,0.4174364896073903,25,0.0241779497098646,25,0,0.0,1.0,,0.9758220502901354,0.062267340734643,0.1800391122093514,0.1800391156968572,0.1800391122093514,0.5653716551040635,0.0377122322019583,anchor_resnet50_weighted_bce_seed42,T1_2015,resnet50,Cardiomegaly
0.6,1128,751,0.7959183673469388,0.3660508083140877,30,0.026595744680851,30,0,0.0,1.0,,0.973404255319149,0.0696693331698848,0.1914967624866899,0.1914967644352017,0.1914967624866899,0.5937462052216151,0.045741070035221,anchor_resnet50_weighted_bce_seed42,T1_2015,resnet50,Cardiomegaly
0.65,1222,657,0.7755102040816326,0.3135103926096997,33,0.0270049099836333,33,0,0.0,1.0,,0.9729950900163666,0.0774626361193502,0.2054998961425159,0.2054998953438039,0.2054998961425159,0.584461095394653,0.03728480879109,anchor_resnet50_weighted_bce_seed42,T1_2015,resnet50,Cardiomegaly
0.7,1316,563,0.7074829931972789,0.2650115473441108,43,0.0326747720364741,43,0,0.0,1.0,,0.9673252279635258,0.0866472689365129,0.2145770892591462,0.2145770896441305,0.2145770892591462,0.6430789747711869,0.0738398155179959,anchor_resnet50_weighted_bce_seed42,T1_2015,resnet50,Cardiomegaly
0.75,1410,469,0.6326530612244898,0.2170900692840646,54,0.0382978723404255,54,0,0.0,1.0,,0.9617021276595744,0.0957164981038351,0.2233327389873088,0.2233327539677315,0.2233327389873088,0.6796815251830002,0.1006694315882596,anchor_resnet50_weighted_bce_seed42,T1_2015,resnet50,Cardiomegaly
0.8,1504,375,0.5306122448979592,0.1714780600461893,69,0.045877659574468,68,6,0.0144927536231884,0.9958188153310104,0.1428571428571428,0.9545758183032732,0.1045430641813471,0.2293766008075723,0.2293766037303399,0.2293766008075723,0.7132000201989597,0.1272982085398683,anchor_resnet50_weighted_bce_seed42,T1_2015,resnet50,Cardiomegaly
0.8500000000000001,1598,281,0.4217687074829932,0.1264434180138568,85,0.0531914893617021,74,24,0.1294117647058823,0.984137475214805,0.3142857142857143,0.9526551503518874,0.1126767123364,0.2349210600176353,0.2349210640180096,0.2349210600176353,0.735006414991641,0.1683634161686794,anchor_resnet50_weighted_bce_seed42,T1_2015,resnet50,Cardiomegaly
0.9,1692,187,0.3061224489795918,0.0819861431870669,102,0.0602836879432624,79,60,0.2254901960784313,0.9622641509433962,0.2771084337349397,0.9509011808576756,0.1202595613089321,0.239613298022895,0.2396132946190541,0.239613298022895,0.7487143914169442,0.1852328786129662,anchor_resnet50_weighted_bce_seed42,T1_2015,resnet50,Cardiomegaly
0.95,1786,93,0.0952380952380952,0.0456120092378752,133,0.0744680851063829,87,96,0.3458646616541353,0.941923774954628,0.323943661971831,0.9470802919708028,0.1270718786478036,0.2360236963459519,0.2360237054401656,0.2360236963459519,0.7801309080323311,0.2348633965399855,anchor_resnet50_weighted_bce_seed42,T1_2015,resnet50,Cardiomegaly
1.0,1879,0,0.0,0.0,147,0.0782331027142096,93,133,0.3673469387755102,0.9232101616628176,0.2887700534759358,0.9450354609929078,0.1331527949029116,0.2416386778142745,0.2416386816049903,0.2416386778142745,0.7759304645645788,0.2324077539391869,anchor_resnet50_weighted_bce_seed42,T1_2015,resnet50,Cardiomegaly
0.5,1994,1993,0.8926553672316384,0.4816272965879265,19,0.0095285857572718,19,0,0.0,1.0,,0.9904714142427282,0.0394728488706827,0.1540476200876079,0.1540476277324865,0.1540476200876079,0.7820919387075282,0.0279626812776054,anchor_resnet50_weighted_bce_seed42,T2_2016,resnet50,Pleural Effusion
0.55,2193,1794,0.8870056497175142,0.4296587926509186,20,0.0091199270405836,20,0,0.0,1.0,,0.9908800729594164,0.0473284946116661,0.1716457504016376,0.1716457509163493,0.1716457504016376,0.7248044178554993,0.0189615022182179,anchor_resnet50_weighted_bce_seed42,T2_2016,resnet50,Pleural Effusion
0.6,2393,1594,0.864406779661017,0.3782152230971128,24,0.0100292519849561,24,0,0.0,1.0,,0.989970748015044,0.0562702161634726,0.1879487459038373,0.1879487515034483,0.1879487459038373,0.7120796397917546,0.0186247474172927,anchor_resnet50_weighted_bce_seed42,T2_2016,resnet50,Pleural Effusion
0.65,2592,1395,0.8305084745762712,0.3275590551181102,30,0.011574074074074,30,0,0.0,1.0,,0.988425925925926,0.0658200857449066,0.2034010938181898,0.203401094924854,0.2034010938181898,0.720472287275566,0.025471260234934,anchor_resnet50_weighted_bce_seed42,T2_2016,resnet50,Pleural Effusion
0.7,2791,1196,0.7457627118644068,0.279265091863517,45,0.0161232533142242,45,0,0.0,1.0,,0.9838767466857756,0.076015875549756,0.215521468083861,0.2155214622763591,0.215521468083861,0.772590434571498,0.0607699797949879,anchor_resnet50_weighted_bce_seed42,T2_2016,resnet50,Pleural Effusion
0.75,2991,996,0.655367231638418,0.2309711286089238,61,0.0203945168839852,52,28,0.1475409836065573,0.990443686006826,0.2432432432432432,0.982396750169262,0.0863901814585828,0.2278872162018959,0.2278872121652306,0.2278872162018959,0.7913472836121525,0.102010171544555,anchor_resnet50_weighted_bce_seed42,T2_2016,resnet50,Pleural Effusion
0.8,3190,797,0.5141242937853108,0.1853018372703412,86,0.0269592476489028,59,126,0.313953488372093,0.9594072164948454,0.1764705882352941,0.980572933816266,0.0966409043518185,0.2371778384575089,0.2371778393905831,0.2371778384575089,0.8181472518580676,0.1437993628825077,anchor_resnet50_weighted_bce_seed42,T2_2016,resnet50,Pleural Effusion
0.8500000000000001,3389,598,0.3672316384180791,0.1398950131233595,112,0.033048096783712,59,259,0.4732142857142857,0.9209642966127556,0.1698717948717948,0.980825479363016,0.1058983177848679,0.2453747688690692,0.2453747571018126,0.2453747688690692,0.8270017764505864,0.1552650639863596,anchor_resnet50_weighted_bce_seed42,T2_2016,resnet50,Pleural Effusion
0.9,3589,398,0.2033898305084746,0.09501312335958,141,0.0392867093898021,64,381,0.5460992907801419,0.8895011600928074,0.168122270742358,0.9795592462472054,0.1140676704103203,0.2517119872454615,0.251711995473485,0.2517119872454615,0.8286004015072979,0.1609806191810246,anchor_resnet50_weighted_bce_seed42,T2_2016,resnet50,Pleural Effusion
0.95,3788,199,0.096045197740113,0.047769028871391,160,0.0422386483632523,69,508,0.56875,0.8599779492833517,0.1519198664440734,0.9783631232361242,0.121316998481367,0.259875908057346,0.259875907904912,0.259875908057346,0.8212401805402426,0.1587925432698275,anchor_resnet50_weighted_bce_seed42,T2_2016,resnet50,Pleural Effusion
1.0,3987,0,0.0,0.0,177,0.0443942814145974,74,607,0.5819209039548022,0.8406824146981627,0.1450704225352112,0.9774183704607872,0.1277471168661467,0.2676150551967927,0.267615055161287,0.2676150551967927,0.8130032474754214,0.1559775115820409,anchor_resnet50_weighted_bce_seed42,T2_2016,resnet50,Pleural Effusion
0.5,1994,1993,0.8175355450236966,0.4622720897615708,77,0.0386158475426278,77,0,0.0,1.0,,0.961384152457372,0.0671213298354185,0.1625580980312621,0.1625580960733362,0.1625580980312621,0.6594076241963566,0.0885342838158602,anchor_resnet50_weighted_bce_seed42,T2_2016,resnet50,Cardiomegaly
0.55,2193,1794,0.7819905213270142,0.4106591865357644,92,0.0419516643866849,92,0,0.0,1.0,,0.958048335613315,0.074912278823831,0.1740680858390928,0.1740680876872988,0.1740680858390928,0.6613258696686878,0.0781164843094772,anchor_resnet50_weighted_bce_seed42,T2_2016,resnet50,Cardiomegaly
0.6,2393,1594,0.7203791469194313,0.3618513323983169,118,0.0493104889260342,118,0,0.0,1.0,,0.9506895110739656,0.0840174634792197,0.1817454004724853,0.1817454073501838,0.1817454004724853,0.6883758614267088,0.1079618580572371,anchor_resnet50_weighted_bce_seed42,T2_2016,resnet50,Cardiomegaly
0.65,2592,1395,0.6729857819905213,0.31164095371669,138,0.0532407407407407,138,0,0.0,1.0,,0.9467592592592592,0.0926479122952599,0.1927832723422735,0.1927832755156689,0.1927832723422735,0.685331845079905,0.1016713113516451,anchor_resnet50_weighted_bce_seed42,T2_2016,resnet50,Cardiomegaly
0.7,2791,1196,0.6042654028436019,0.2639551192145862,167,0.0598351845216768,167,0,0.0,1.0,,0.9401648154783232,0.1016801393247479,0.2010099222341005,0.2010099206590943,0.2010099222341005,0.6980463615452023,0.1223175424110321,anchor_resnet50_weighted_bce_seed42,T2_2016,resnet50,Cardiomegaly
0.75,2991,996,0.514218009478673,0.2185133239831697,205,0.0685389501838849,197,7,0.0390243902439024,0.9974874371859296,0.5333333333333333,0.9338037634408602,0.1105389725211954,0.2067825027739312,0.2068758023020337,0.2067825027739312,0.7163868121093271,0.1624510272606608,anchor_resnet50_weighted_bce_seed42,T2_2016,resnet50,Cardiomegaly
0.8,3190,797,0.4407582938388625,0.1713884992987377,236,0.0739811912225705,214,50,0.0932203389830508,0.983073798239675,0.3055555555555556,0.9313662604233482,0.1188633074681402,0.2149257051907363,0.2149257167753381,0.2149257051907363,0.71660517769643,0.1723861892731741,anchor_resnet50_weighted_bce_seed42,T2_2016,resnet50,Cardiomegaly
0.8500000000000001,3389,598,0.3270142180094786,0.1290322580645161,284,0.0838005311301268,235,126,0.1725352112676056,0.9594202898550724,0.28,0.9268823895457374,0.1265572929788239,0.2175230705287823,0.2175230846516887,0.2175230705287823,0.7325984894876505,0.2032508978088563,anchor_resnet50_weighted_bce_seed42,T2_2016,resnet50,Cardiomegaly
0.9,3589,398,0.2180094786729857,0.0858345021037868,330,0.0919476177208136,248,210,0.2484848484848484,0.935563056152194,0.2808219178082192,0.924780103124052,0.1334293899456513,0.2205098804785003,0.2205098806466522,0.2205098804785003,0.7388616139920221,0.2175714482639864,anchor_resnet50_weighted_bce_seed42,T2_2016,resnet50,Cardiomegaly
0.95,3788,199,0.1018957345971564,0.0437587657784011,379,0.100052798310454,261,283,0.3113456464379947,0.9169844529187444,0.2942643391521197,0.9229406554472984,0.1395210550120433,0.2222754039153567,0.2222754104965717,0.2222754039153567,0.7440110804010183,0.2317618514511099,anchor_resnet50_weighted_bce_seed42,T2_2016,resnet50,Cardiomegaly
1.0,3987,0,0.0,0.0,422,0.1058439929771758,281,364,0.3341232227488152,0.8978962131837307,0.2792079207920792,0.9192992533026996,0.1450355112795353,0.2253569191691269,0.2253569095527016,0.2253569191691269,0.742912930478653,0.236948991054996,anchor_resnet50_weighted_bce_seed42,T2_2016,resnet50,Cardiomegaly
0.5,1218,1218,0.9176470588235294,0.4849000425350914,7,0.0057471264367816,7,0,0.0,1.0,,0.9942528735632185,0.0384994644493162,0.1572337157118986,0.1572337034013128,0.1572337157118986,0.5186386693405686,0.0159761894730526,anchor_resnet50_weighted_bce_seed42,T3_2017,resnet50,Pleural Effusion
0.55,1340,1096,0.8823529411764706,0.43428328370906,10,0.0074626865671641,10,0,0.0,1.0,,0.9925373134328358,0.0468468309616815,0.1725666322870486,0.1725666235770974,0.1725666322870486,0.6164661654135338,0.0223506203704247,anchor_resnet50_weighted_bce_seed42,T3_2017,resnet50,Pleural Effusion
0.6,1462,974,0.8352941176470589,0.3840918757975329,14,0.0095759233926128,14,0,0.0,1.0,,0.9904240766073872,0.0559696413047234,0.1876111516420679,0.1876111498737017,0.1876111516420679,0.6802979479084452,0.0330681649204787,anchor_resnet50_weighted_bce_seed42,T3_2017,resnet50,Pleural Effusion
0.65,1584,852,0.7647058823529411,0.3347511697150149,20,0.0126262626262626,20,0,0.0,1.0,,0.9873737373737372,0.0657068805436045,0.2015276707619466,0.2015276712417188,0.2015276707619466,0.7304507672634271,0.041579069072265,anchor_resnet50_weighted_bce_seed42,T3_2017,resnet50,Pleural Effusion
0.7,1706,730,0.6823529411764706,0.2858358145470013,27,0.0158264947245017,27,0,0.0,1.0,,0.9841735052754984,0.0756236514454433,0.2148233780010678,0.21482337766042,0.2148233780010678,0.7536783358701167,0.0578251590802248,anchor_resnet50_weighted_bce_seed42,T3_2017,resnet50,Pleural Effusion
0.75,1827,609,0.5764705882352941,0.238196512122501,36,0.0197044334975369,33,15,0.0833333333333333,0.9916247906197656,0.1666666666666666,0.9817578772802652,0.0858080937541358,0.227256299706597,0.2272563023654795,0.227256299706597,0.774892983435697,0.1066166175805902,anchor_resnet50_weighted_bce_seed42,T3_2017,resnet50,Pleural Effusion
0.8,1949,487,0.4588235294117647,0.1905572096980008,46,0.0236018471010774,35,68,0.2391304347826087,0.9642669469259064,0.1392405063291139,0.9812834224598932,0.0959650621502071,0.2391631496738568,0.2391631431770575,0.2391631496738568,0.78611574401974,0.1154924588036619,anchor_resnet50_weighted_bce_seed42,T3_2017,resnet50,Pleural Effusion
0.8500000000000001,2071,365,0.3764705882352941,0.1416418545299872,53,0.0255915016900048,36,149,0.320754716981132,0.9261645193260654,0.1024096385542168,0.9811023622047244,0.1052972549208745,0.2514609185765614,0.2514609109748825,0.2514609185765614,0.7801671746732239,0.1128513913257942,anchor_resnet50_weighted_bce_seed42,T3_2017,resnet50,Pleural Effusion
0.9,2193,243,0.2470588235294117,0.0944279030199914,64,0.0291837665298677,39,233,0.390625,0.8905589478628464,0.0968992248062015,0.97984496124031,0.1135530716918975,0.260514614492913,0.2605146116339693,0.260514614492913,0.7819655648191639,0.1133454314815789,anchor_resnet50_weighted_bce_seed42,T3_2017,resnet50,Pleural Effusion
0.95,2315,121,0.1411764705882353,0.0463632496809868,73,0.0315334773218142,45,301,0.3835616438356164,0.8657448706512043,0.0851063829787234,0.9773413897280968,0.1208101978038084,0.2692949604074074,0.2692949574480947,0.2692949604074074,0.7744888981217846,0.109936644871333,anchor_resnet50_weighted_bce_seed42,T3_2017,resnet50,Pleural Effusion
1.0,2436,0,0.0,0.0,85,0.0348932676518883,50,367,0.4117647058823529,0.8438962143768609,0.0870646766169154,0.975417895771878,0.1272462704856061,0.27585589978691,0.2758558902519408,0.27585589978691,0.76979758300598,0.1089259195206805,anchor_resnet50_weighted_bce_seed42,T3_2017,resnet50,Pleural Effusion
0.5,1218,1218,0.810077519379845,0.463269054178145,49,0.0402298850574712,49,0,0.0,1.0,,0.9597701149425288,0.0689488042407116,0.1570184251051916,0.1570184240591741,0.1570184251051916,0.5600199018871878,0.0481922292125648,anchor_resnet50_weighted_bce_seed42,T3_2017,resnet50,Cardiomegaly
0.55,1340,1096,0.7790697674418605,0.4109274563820018,57,0.0425373134328358,57,0,0.0,1.0,,0.9574626865671642,0.0761736082938027,0.1695465386525464,0.1695465292948395,0.1695465386525464,0.5725478935061739,0.0537811268896391,anchor_resnet50_weighted_bce_seed42,T3_2017,resnet50,Cardiomegaly
0.6,1462,974,0.7325581395348837,0.3604224058769513,69,0.0471956224350205,69,0,0.0,1.0,,0.9528043775649796,0.0843389972916303,0.1798329994250624,0.1798330001767454,0.1798329994250624,0.6039150202357543,0.1063805263588744,anchor_resnet50_weighted_bce_seed42,T3_2017,resnet50,Cardiomegaly
0.65,1584,852,0.6821705426356589,0.310376492194674,82,0.0517676767676767,82,0,0.0,1.0,,0.9482323232323232,0.0928082079067324,0.1903155658892685,0.190315555875199,0.1903155658892685,0.6255074534766654,0.0959389150209686,anchor_resnet50_weighted_bce_seed42,T3_2017,resnet50,Cardiomegaly
0.7,1706,730,0.6124031007751938,0.2626262626262626,100,0.0586166471277842,100,0,0.0,1.0,,0.9413833528722158,0.101785843263159,0.1985491227493965,0.1985491209719133,0.1985491227493965,0.6553362391033624,0.1171088619305365,anchor_resnet50_weighted_bce_seed42,T3_2017,resnet50,Cardiomegaly
0.75,1827,609,0.5387596899224806,0.2157943067033976,119,0.0651340996168582,119,4,0.0,0.9976580796252928,0.0,0.9347229840921558,0.1105289371441484,0.2063904060127308,0.2063904137936327,0.2063904060127308,0.6717818274850924,0.1200213881488146,anchor_resnet50_weighted_bce_seed42,T3_2017,resnet50,Cardiomegaly
0.8,1949,487,0.4534883720930232,0.1698806244260789,141,0.0723447922011287,135,28,0.0425531914893617,0.9845132743362832,0.1764705882352941,0.929503916449086,0.118897953045692,0.2129330550587562,0.2129330640881412,0.2129330550587562,0.6875568788049959,0.1416188175162855,anchor_resnet50_weighted_bce_seed42,T3_2017,resnet50,Cardiomegaly
0.8500000000000001,2071,365,0.3527131782945736,0.1258034894398531,167,0.0806373732496378,149,77,0.1077844311377245,0.9595588235294118,0.1894736842105263,0.9245951417004048,0.1266604116930247,0.2172958514703062,0.2172958487505385,0.2172958514703062,0.7019259799728275,0.1582237131095367,anchor_resnet50_weighted_bce_seed42,T3_2017,resnet50,Cardiomegaly
0.9,2193,243,0.2170542635658914,0.0858585858585858,202,0.0921112631098951,157,122,0.2227722772277227,0.938724259166248,0.2694610778443114,0.922507403751234,0.1334718823876568,0.2171422262347782,0.2171422227490073,0.2171422262347782,0.722971192146839,0.1916745769700242,anchor_resnet50_weighted_bce_seed42,T3_2017,resnet50,Cardiomegaly
0.95,2315,121,0.1046511627906976,0.0431588613406795,231,0.0997840172786177,173,172,0.2510822510822511,0.9174664107485604,0.2521739130434782,0.9170263788968824,0.1396300169171527,0.2195324742897025,0.2195324776883259,0.2195324742897025,0.7279301792257646,0.2036698309717941,anchor_resnet50_weighted_bce_seed42,T3_2017,resnet50,Cardiomegaly
1.0,2436,0,0.0,0.0,258,0.105911330049261,185,216,0.2829457364341085,0.9008264462809916,0.2525951557093425,0.9138332557056358,0.1451122563940841,0.2223811608866126,0.2223811583786175,0.2223811608866126,0.7274844996832311,0.208803633412971,anchor_resnet50_weighted_bce_seed42,T3_2017,resnet50,Cardiomegaly
