architecture,loss_type,seed,target,temporal_bin,eval_mode,calibration_method,brier_score,log_loss,ece_equal_mass,ece_equal_width,auroc,auprc,calibration_slope,calibration_intercept,n_total,n_pos,prevalence,pos_weight
densenet121,unweighted_bce,42,Cardiomegaly,T1_2015,out_of_sample_cross_fitted,raw,0.05306797276959374,0.1796363222292361,0.014257124844319187,0.024455211615626218,0.9128529009756328,0.4868484087001699,0.7812500412053145,-0.04620333153393196,1879,147,0.07823310271420969,1.0
densenet121,unweighted_bce,42,Cardiomegaly,T1_2015,out_of_sample_cross_fitted,temperature,0.05216365890239045,0.17438141338560742,0.006231259547317622,0.00943934615563538,0.9121655590642723,0.4873812323726765,0.9787984394230369,-0.051385598667605115,1879,147,0.07823310271420969,1.0
densenet121,unweighted_bce,42,Cardiomegaly,T1_2015,out_of_sample_cross_fitted,offset,0.05354077051116344,0.17890861398321664,0.017299791503807675,0.019325717089410235,0.9117924305981053,0.47962488889606536,0.7744203879285241,-0.28588851104858787,1879,147,0.07823310271420969,1.0
densenet121,unweighted_bce,42,Cardiomegaly,T1_2015,out_of_sample_cross_fitted,platt,0.052616920981745204,0.17554579304972803,0.006396097929438475,0.009061778100909284,0.9111797143799784,0.4714405203119804,0.9869220377001116,-0.005214416595453828,1879,147,0.07823310271420969,1.0
densenet121,unweighted_bce,42,Cardiomegaly,T2_2016,out_of_sample_prospective,raw,0.0672686167179823,0.2290992410240546,0.033491053094450295,0.0338294919750259,0.9040816123049926,0.5526300696856027,0.8003802881866313,0.3110027787963402,3987,422,0.10584399297717582,1.0
densenet121,unweighted_bce,42,Cardiomegaly,T2_2016,out_of_sample_prospective,temperature,0.06565583995630565,0.21668655683660767,0.019448479988603704,0.01892006119554288,0.9040816123049926,0.5526300696856027,1.008880317576381,0.3116355103493551,3987,422,0.10584399297717582,1.0
densenet121,unweighted_bce,42,Cardiomegaly,T2_2016,out_of_sample_prospective,offset,0.06579757237318785,0.22108116437364952,0.019864472808705853,0.026422113054673867,0.9040816123049926,0.5526300696856027,0.8005562446754944,0.0671924959486905,3987,422,0.10584399297717582,1.0
densenet121,unweighted_bce,42,Cardiomegaly,T2_2016,out_of_sample_prospective,platt,0.06584597519148157,0.21716005198672908,0.02091738034177823,0.01999354139868491,0.9040816123049926,0.5526300696856027,1.0249302342322273,0.35909420314626084,3987,422,0.10584399297717582,1.0
densenet121,unweighted_bce,42,Cardiomegaly,T3_2017,out_of_sample_prospective,raw,0.06662046579745294,0.22091691400192073,0.029439357281769076,0.03235296492310747,0.9146966493689539,0.5349413862651651,0.7942029725290523,0.25685332069378164,2436,258,0.10591133004926108,1.0
densenet121,unweighted_bce,42,Cardiomegaly,T3_2017,out_of_sample_prospective,temperature,0.06485714361976476,0.20990276477541975,0.01788133634642447,0.01589786301946899,0.9146966493689539,0.5349413862651651,1.0011699981519944,0.2574399978604743,2436,258,0.10591133004926108,1.0
densenet121,unweighted_bce,42,Cardiomegaly,T3_2017,out_of_sample_prospective,offset,0.06541876236103039,0.21418560831048736,0.02237178884196201,0.025130552091244502,0.9146966493689539,0.5349413862651651,0.794257413873426,0.014625775614071175,2436,258,0.10591133004926108,1.0
densenet121,unweighted_bce,42,Cardiomegaly,T3_2017,out_of_sample_prospective,platt,0.06501071497901996,0.21031902358385426,0.01950472376605522,0.017899424153219063,0.9146966493689539,0.5349413862651651,1.0171190653029785,0.30451823828237307,2436,258,0.10591133004926108,1.0
densenet121,unweighted_bce,123,Cardiomegaly,T1_2015,out_of_sample_cross_fitted,raw,0.054541135600475764,0.18712025951667924,0.014696722632876993,0.014980981764318217,0.8942062968374416,0.4378756145999041,1.2089894343145984,0.17376353060125757,1879,147,0.07823310271420969,1.0
densenet121,unweighted_bce,123,Cardiomegaly,T1_2015,out_of_sample_cross_fitted,temperature,0.0544235262416306,0.18537663490062348,0.016014657980218942,0.011121072408815321,0.8940550816169424,0.43871455935306924,1.0638484835222604,0.16868295615937703,1879,147,0.07823310271420969,1.0
densenet121,unweighted_bce,123,Cardiomegaly,T1_2015,out_of_sample_cross_fitted,offset,0.05493658096535709,0.18712111149059607,0.016651418573594357,0.01749765587267692,0.8940040219320984,0.43210435092171523,1.2049243758084105,0.3317508435406215,1879,147,0.07823310271420969,1.0
densenet121,unweighted_bce,123,Cardiomegaly,T1_2015,out_of_sample_cross_fitted,platt,0.05485350473045199,0.1864385264638597,0.011023402059436195,0.009267021191422212,0.8928649981932726,0.4225101220747156,0.9919691578985734,0.0007082019182549865,1879,147,0.07823310271420969,1.0
densenet121,unweighted_bce,123,Cardiomegaly,T2_2016,out_of_sample_prospective,raw,0.07002810040942879,0.2340192085017258,0.01836938612942686,0.016717840382068264,0.880342721163497,0.4828020511823636,1.1481988881161957,0.36260609462772336,3987,422,0.10584399297717582,1.0
densenet121,unweighted_bce,123,Cardiomegaly,T2_2016,out_of_sample_prospective,temperature,0.07049848113780094,0.23616351434889765,0.023938290939717485,0.02228087591521297,0.880342721163497,0.4828020511823636,1.0131205802041015,0.362807867208042,3987,422,0.10584399297717582,1.0
densenet121,unweighted_bce,123,Cardiomegaly,T2_2016,out_of_sample_prospective,offset,0.07087206798093375,0.23587234088992592,0.022947167529528575,0.019321986096285333,0.880342721163497,0.4828020511823636,1.1488802065287864,0.5115650955989232,3987,422,0.10584399297717582,1.0
densenet121,unweighted_bce,123,Cardiomegaly,T2_2016,out_of_sample_prospective,platt,0.06973818185249424,0.23492567454986593,0.0191453445650093,0.01925395254880111,0.880342721163497,0.4828020511823636,0.9487905874754796,0.19485405136587605,3987,422,0.10584399297717582,1.0
densenet121,unweighted_bce,123,Cardiomegaly,T3_2017,out_of_sample_prospective,raw,0.07085605972507832,0.23419673842534774,0.018142519828689606,0.01688681362074383,0.8824930061716532,0.469926661705519,1.1462440084636247,0.38839519626474533,2436,258,0.10591133004926108,1.0
densenet121,unweighted_bce,123,Cardiomegaly,T3_2017,out_of_sample_prospective,temperature,0.07152458849340865,0.23672081061293254,0.024831447025864418,0.024507219442503773,0.8824930061716532,0.469926661705519,1.011528064892203,0.3886738623460951,2436,258,0.10591133004926108,1.0
densenet121,unweighted_bce,123,Cardiomegaly,T3_2017,out_of_sample_prospective,offset,0.07174386702609,0.2362604959598824,0.024628613970135816,0.020826665911467628,0.8824930061716532,0.469926661705519,1.146376456375002,0.5365885926504206,2436,258,0.10591133004926108,1.0
densenet121,unweighted_bce,123,Cardiomegaly,T3_2017,out_of_sample_prospective,platt,0.07082065941394475,0.23541076540690503,0.02003681044372304,0.020228384657269182,0.8824930061716532,0.469926661705519,0.9481239474456098,0.22367682178876444,2436,258,0.10591133004926108,1.0
densenet121,unweighted_bce,2026,Cardiomegaly,T1_2015,out_of_sample_cross_fitted,raw,0.05208578730104881,0.1727484266663779,0.012912172992675892,0.010118546490138656,0.9153528616989521,0.4917644295041819,0.9670840054820887,-0.12320615476043888,1879,147,0.07823310271420969,1.0
densenet121,unweighted_bce,2026,Cardiomegaly,T1_2015,out_of_sample_cross_fitted,temperature,0.05212003867086676,0.17301932897319489,0.01216527597631817,0.01118512801575262,0.9147558561530847,0.49220452219041244,0.9559937427817368,-0.1258083482682501,1879,147,0.07823310271420969,1.0
densenet121,unweighted_bce,2026,Cardiomegaly,T1_2015,out_of_sample_cross_fitted,offset,0.05223066771072313,0.1731251213043054,0.0114011030103638,0.0070991163376751135,0.9152193209847449,0.48784042701046676,0.9637512971607078,-0.0435019189535035,1879,147,0.07823310271420969,1.0
densenet121,unweighted_bce,2026,Cardiomegaly,T1_2015,out_of_sample_cross_fitted,platt,0.05244597734367005,0.17399038477482706,0.010073300369506656,0.009353280068187803,0.9139153351871927,0.47913514314770117,0.9887027008524961,-0.004480665251172147,1879,147,0.07823310271420969,1.0
densenet121,unweighted_bce,2026,Cardiomegaly,T2_2016,out_of_sample_prospective,raw,0.06588558206654857,0.21638796010999034,0.01904795337566942,0.017941583282837657,0.9050298119553586,0.549034945682111,0.9965866660130882,0.2857613581518457,3987,422,0.10584399297717582,1.0
densenet121,unweighted_bce,2026,Cardiomegaly,T2_2016,out_of_sample_prospective,temperature,0.0659211572930842,0.21658053895293922,0.019436253125419366,0.018777536059184797,0.9050298119553586,0.549034945682111,0.9893014959151634,0.28570492436121164,3987,422,0.10584399297717582,1.0
densenet121,unweighted_bce,2026,Cardiomegaly,T2_2016,out_of_sample_prospective,offset,0.06635614125655029,0.21798042417104868,0.023307390357410557,0.02215031746712112,0.9050298119553586,0.549034945682111,0.9967445993664013,0.36582241061538606,3987,422,0.10584399297717582,1.0
densenet121,unweighted_bce,2026,Cardiomegaly,T2_2016,out_of_sample_prospective,platt,0.06646649448333881,0.21795437208344398,0.023588986418733814,0.02203536322503798,0.9050298119553586,0.549034945682111,1.0306707809242763,0.41302689945327964,3987,422,0.10584399297717582,1.0
densenet121,unweighted_bce,2026,Cardiomegaly,T3_2017,out_of_sample_prospective,raw,0.06557000893618638,0.21423094504159215,0.01553038199694182,0.01585024159443864,0.9080267082381248,0.5363308471538297,0.9687878844863952,0.190444459421443,2436,258,0.10591133004926108,1.0
densenet121,unweighted_bce,2026,Cardiomegaly,T3_2017,out_of_sample_prospective,temperature,0.0656069978582037,0.2144075436847388,0.015850880369407454,0.01640200339514528,0.9080267082381248,0.5363308471538297,0.961636500693276,0.19033095382610168,2436,258,0.10591133004926108,1.0
densenet121,unweighted_bce,2026,Cardiomegaly,T3_2017,out_of_sample_prospective,offset,0.06594958320084879,0.21553798789764508,0.01946654123251867,0.01991877228269705,0.9080267082381248,0.5363308471538297,0.9685573537244251,0.2678842976155918,2436,258,0.10591133004926108,1.0
densenet121,unweighted_bce,2026,Cardiomegaly,T3_2017,out_of_sample_prospective,platt,0.06600981333194014,0.215445526335882,0.020233740345928494,0.02009732055252429,0.9080267082381248,0.5363308471538297,1.0014660239468474,0.3135602122278076,2436,258,0.10591133004926108,1.0
densenet121,unweighted_bce,ensemble,Cardiomegaly,T1_2015,out_of_sample_cross_fitted,raw,0.050713718270055046,0.17031344218568337,0.008386320733870809,0.01109154198106912,0.9176957156996748,0.5010140798073842,1.1487038965427065,0.2187793987506443,1879,147,0.07823310271420969,1.0
densenet121,unweighted_bce,ensemble,Cardiomegaly,T1_2015,out_of_sample_cross_fitted,temperature,0.05068899826569876,0.1700263303414258,0.008510133632131368,0.009117926889766412,0.9182927212455421,0.499695724441746,1.1588847761287302,0.22175598216890546,1879,147,0.07823310271420969,1.0
densenet121,unweighted_bce,ensemble,Cardiomegaly,T1_2015,out_of_sample_cross_fitted,offset,0.05088189061396512,0.17038700290548703,0.011585988891668224,0.009001200763313197,0.9176289453425712,0.49440123491402427,1.1287722389952934,0.19236323933044933,1879,147,0.07823310271420969,1.0
densenet121,unweighted_bce,ensemble,Cardiomegaly,T1_2015,out_of_sample_cross_fitted,platt,0.051277836915028435,0.17135099704547702,0.00926690173499229,0.011597194250212366,0.9172008295234952,0.4841646857656001,1.1484961235543911,0.22714025083221093,1879,147,0.07823310271420969,1.0
densenet121,unweighted_bce,ensemble,Cardiomegaly,T2_2016,out_of_sample_prospective,raw,0.06495181204788102,0.21425787097960708,0.021434319190336316,0.020253895875832387,0.9080322780056235,0.5680532407155563,1.172022334883296,0.5858684296267999,3987,422,0.10584399297717582,1.0
densenet121,unweighted_bce,ensemble,Cardiomegaly,T2_2016,out_of_sample_prospective,temperature,0.06491537394814109,0.21314134042411478,0.02137574980835309,0.01945506494381498,0.9099652360030045,0.566421751895146,1.1878367187304462,0.589502563751137,3987,422,0.10584399297717582,1.0
densenet121,unweighted_bce,ensemble,Cardiomegaly,T2_2016,out_of_sample_prospective,offset,0.0647109711110375,0.2133596493718364,0.02148089840052122,0.01992515645462676,0.9089907805614086,0.5670877322780478,1.15631974467307,0.5552596781291305,3987,422,0.10584399297717582,1.0
densenet121,unweighted_bce,ensemble,Cardiomegaly,T2_2016,out_of_sample_prospective,platt,0.0650070896271848,0.21337215212307228,0.021160031179406402,0.01974318047829801,0.9098655304666884,0.5659524132719886,1.1855968336540066,0.5913399477262058,3987,422,0.10584399297717582,1.0
densenet121,unweighted_bce,ensemble,Cardiomegaly,T3_2017,out_of_sample_prospective,raw,0.06477182101593369,0.21032080474749962,0.023122611602722453,0.020055578843921933,0.9144172521550956,0.5490306949150686,1.1551373574107795,0.5230402080354697,2436,258,0.10591133004926108,1.0
densenet121,unweighted_bce,ensemble,Cardiomegaly,T3_2017,out_of_sample_prospective,temperature,0.06470310154496112,0.20926246672096374,0.023746151622698258,0.022579252198910427,0.9160829578377147,0.5498524379124569,1.1727578666329725,0.5367887571786949,2436,258,0.10591133004926108,1.0
densenet121,unweighted_bce,ensemble,Cardiomegaly,T3_2017,out_of_sample_prospective,offset,0.06446095863873665,0.2090521331641114,0.02304019145604052,0.019307560221672505,0.915613143414412,0.5506320249433406,1.142145267444543,0.4963704388317333,2436,258,0.10591133004926108,1.0
densenet121,unweighted_bce,ensemble,Cardiomegaly,T3_2017,out_of_sample_prospective,platt,0.06485005538475971,0.20966501867608694,0.024013996241692457,0.020323740205592414,0.915700343818737,0.548607670233029,1.1701419640183957,0.5409696760988448,2436,258,0.10591133004926108,1.0
densenet121,unweighted_bce,42,Edema,T1_2015,out_of_sample_cross_fitted,raw,0.0021228227490258894,0.016314477346570586,0.0020455200855162715,0.001251663546672741,0.5726666666666667,0.00950308494169308,0.32772919621083485,-3.678032756320115,1879,4,0.0021287919105907396,1.0
densenet121,unweighted_bce,42,Edema,T1_2015,out_of_sample_cross_fitted,temperature,0.002127862182322058,0.01664348624382409,0.002326978747321085,0.00022888875965589982,0.4951333333333333,0.007276486694667279,-0.002845705463337213,-6.157933579221285,1879,4,0.0021287919105907396,1.0
densenet121,unweighted_bce,42,Edema,T1_2015,out_of_sample_cross_fitted,offset,0.0021375164500683705,0.01698042270427425,0.0023075380281361462,0.00016243606625044758,0.5024666666666667,0.004345689807475274,0.020969758161211494,-6.001478812123802,1879,4,0.0021287919105907396,1.0
densenet121,unweighted_bce,42,Edema,T1_2015,out_of_sample_cross_fitted,platt,0.0021293513485920916,0.019033042334954346,0.0023699080658791468,0.0001373505167086798,0.4659333333333333,0.004735771918842328,-0.3591629960518569,-8.819855486066796,1879,4,0.0021287919105907396,1.0
densenet121,unweighted_bce,42,Edema,T2_2016,out_of_sample_prospective,raw,0.003234969998733344,0.01954331292384357,0.0028033961061803576,0.002327204275818153,0.9088788664782625,0.03837386766415799,1.4506590091767186,3.945590258163981,3987,13,0.0032605969400551793,1.0
densenet121,unweighted_bce,42,Edema,T2_2016,out_of_sample_prospective,temperature,0.0032126380889352614,0.018204345886693837,0.002346417820569828,0.0007376525319728244,0.9088788664782625,0.03837386766415799,1.7260533934073428,3.9649522941277495,3987,13,0.0032605969400551793,1.0
densenet121,unweighted_bce,42,Edema,T2_2016,out_of_sample_prospective,offset,0.003209530611349825,0.017976067433273263,0.0021555075264728892,0.0009950193810799824,0.9088788664782625,0.03837386766415799,1.4780789032795296,2.7876016825217405,3987,13,0.0032605969400551793,1.0
densenet121,unweighted_bce,42,Edema,T2_2016,out_of_sample_prospective,platt,0.0032399223403430768,0.020252751044924095,0.0035028496656793673,0.001101678841396842,0.9088788664782625,0.03837386766415799,4.427973183828597,20.237976600660936,3987,13,0.0032605969400551793,1.0
densenet121,unweighted_bce,42,Edema,T3_2017,out_of_sample_prospective,raw,3.2848233376031228e-06,0.0009160163769938923,0.0009143665313083326,0.0009143665313083325,,,,,2436,0,0.0,1.0
densenet121,unweighted_bce,42,Edema,T3_2017,out_of_sample_prospective,temperature,1.7250574566354468e-05,0.0024787814456278074,0.002470082020731461,0.0024700820207314606,,,,,2436,0,0.0,1.0
densenet121,unweighted_bce,42,Edema,T3_2017,out_of_sample_prospective,offset,1.9168883755262473e-05,0.002228468203221318,0.002218778787959957,0.002218778787959957,,,,,2436,0,0.0,1.0
densenet121,unweighted_bce,42,Edema,T3_2017,out_of_sample_prospective,platt,5.411309307755522e-06,0.0021418331836077454,0.0021391220908883075,0.0021391220908883075,,,,,2436,0,0.0,1.0
densenet121,unweighted_bce,123,Edema,T1_2015,out_of_sample_cross_fitted,raw,0.00214232383815109,0.017047583547158903,0.004399363587617979,0.003984562362132215,0.48673333333333335,0.004339913711666995,1.1611544104782343,-0.22945077043977297,1879,4,0.0021287919105907396,1.0
densenet121,unweighted_bce,123,Edema,T1_2015,out_of_sample_cross_fitted,temperature,0.002128164991928134,0.016312402399215557,0.003277642802821553,9.166709597937823e-06,0.25780000000000003,0.0017152159459520755,-2.1995318840876337,-20.342033800815276,1879,4,0.0021287919105907396,1.0
densenet121,unweighted_bce,123,Edema,T1_2015,out_of_sample_cross_fitted,offset,0.0021281221245558948,0.016256496074825905,0.0033680911610775815,2.4819027149465978e-05,0.21406666666666668,0.0016014366660442457,-2.74434296562181,-23.86867249168561,1879,4,0.0021287919105907396,1.0
densenet121,unweighted_bce,123,Edema,T1_2015,out_of_sample_cross_fitted,platt,0.0021281804358231522,0.01630503428873309,0.0033152885521596526,1.4214919110043522e-05,0.24819999999999998,0.0016849127543374022,-2.293819027142496,-20.938044222051072,1879,4,0.0021287919105907396,1.0
densenet121,unweighted_bce,123,Edema,T2_2016,out_of_sample_prospective,raw,0.0032513869758939375,0.02211519465061115,0.0031080781853893773,0.00293773371748548,0.7850063876737253,0.009613552567474988,3.981332423700907,14.141477887212764,3987,13,0.0032605969400551793,1.0
densenet121,unweighted_bce,123,Edema,T2_2016,out_of_sample_prospective,temperature,0.003247415927049297,0.02137947559542842,0.0027470473988565184,0.0010621760955376114,0.7850063876737253,0.009613552567474988,0.9164511782621645,-0.14358760879007756,3987,13,0.0032605969400551793,1.0
densenet121,unweighted_bce,123,Edema,T2_2016,out_of_sample_prospective,offset,0.0032481271065580267,0.02151091857985023,0.0028418896110494326,0.0011021316461783657,0.7850063876737253,0.009613552567474988,0.9135082526877367,-0.14462818840380665,3987,13,0.0032605969400551793,1.0
densenet121,unweighted_bce,123,Edema,T2_2016,out_of_sample_prospective,platt,0.003247549168311758,0.02140458348630013,0.002766685599398946,0.0010649395322702556,0.7850063876737253,0.009613552567474988,0.9161652034169926,-0.1437354816170848,3987,13,0.0032605969400551793,1.0
densenet121,unweighted_bce,123,Edema,T3_2017,out_of_sample_prospective,raw,4.1190061935403485e-05,0.006238120187221529,0.006217427477346396,0.006217427477346397,,,,,2436,0,0.0,1.0
densenet121,unweighted_bce,123,Edema,T3_2017,out_of_sample_prospective,temperature,5.3542075908647174e-06,0.0022104194122593126,0.002207737527306923,0.0022077375273069225,,,,,2436,0,0.0,1.0
densenet121,unweighted_bce,123,Edema,T3_2017,out_of_sample_prospective,offset,4.998250965325755e-06,0.002167689092736253,0.0021651858496236917,0.0021651858496236917,,,,,2436,0,0.0,1.0
densenet121,unweighted_bce,123,Edema,T3_2017,out_of_sample_prospective,platt,5.300405625718551e-06,0.0022070379104681256,0.0022043830494857843,0.0022043830494857843,,,,,2436,0,0.0,1.0
densenet121,unweighted_bce,2026,Edema,T1_2015,out_of_sample_cross_fitted,raw,0.0021244872438898757,0.015477089429994102,0.0023509101037160183,0.0006138942276044249,0.5612666666666667,0.005725069972213367,0.41687072720268264,-3.356276666457051,1879,4,0.0021287919105907396,1.0
densenet121,unweighted_bce,2026,Edema,T1_2015,out_of_sample_cross_fitted,temperature,0.002129220219342815,0.016356410526096935,0.003525354936035566,9.301598518063336e-05,0.46186666666666665,0.004050179051970061,-0.31107288634528796,-8.187198121795323,1879,4,0.0021287919105907396,1.0
densenet121,unweighted_bce,2026,Edema,T1_2015,out_of_sample_cross_fitted,offset,0.0021299732520499884,0.016212390682125353,0.0033252438851343147,1.5127829318248385e-05,0.466,0.0038035237347766176,-0.14461441711167541,-7.102454867324826,1879,4,0.0021287919105907396,1.0
densenet121,unweighted_bce,2026,Edema,T1_2015,out_of_sample_cross_fitted,platt,0.0021285037721208142,0.017565909522223158,0.0025216338276446166,2.8236839465633785e-05,0.46426666666666666,0.004469905618866683,-0.5809215583475786,-10.118588725288909,1879,4,0.0021287919105907396,1.0
densenet121,unweighted_bce,2026,Edema,T2_2016,out_of_sample_prospective,raw,0.0032373371735018312,0.019684412808800594,0.002823447049645853,0.001659005748283666,0.8982230653091247,0.02543317137093241,1.8168517288846513,5.457620114735785,3987,13,0.0032605969400551793,1.0
densenet121,unweighted_bce,2026,Edema,T2_2016,out_of_sample_prospective,temperature,0.003230914623581599,0.01928626116039014,0.0027174977798057566,0.0008758062425485358,0.8982230653091247,0.02543317137093241,1.945812219105579,5.465393128525391,3987,13,0.0032605969400551793,1.0
densenet121,unweighted_bce,2026,Edema,T2_2016,out_of_sample_prospective,offset,0.0032308546805567824,0.019222448567919173,0.0026477936187906262,0.0010100378345821396,0.8982230653091247,0.02543317137093241,1.8139756530175555,4.823151125859588,3987,13,0.0032605969400551793,1.0
densenet121,unweighted_bce,2026,Edema,T2_2016,out_of_sample_prospective,platt,0.003243086226869018,0.020668644871404036,0.0035552614645039463,0.0010752407782106091,0.8982230653091247,0.02543317137093241,4.355850420585001,20.072188990047522,3987,13,0.0032605969400551793,1.0
densenet121,unweighted_bce,2026,Edema,T3_2017,out_of_sample_prospective,raw,4.568460380109959e-06,0.0015278745628506895,0.0015255825303354567,0.0015255825303354567,,,,,2436,0,0.0,1.0
densenet121,unweighted_bce,2026,Edema,T3_2017,out_of_sample_prospective,temperature,9.395509677686827e-06,0.0022865868896711434,0.002281867926551315,0.002281867926551315,,,,,2436,0,0.0,1.0
densenet121,unweighted_bce,2026,Edema,T3_2017,out_of_sample_prospective,offset,9.007014693332167e-06,0.0021484607875027553,0.0021439356826365163,0.0021439356826365163,,,,,2436,0,0.0,1.0
densenet121,unweighted_bce,2026,Edema,T3_2017,out_of_sample_prospective,platt,5.186638802965571e-06,0.0021559128638708102,0.002153314835673324,0.0021533148356733234,,,,,2436,0,0.0,1.0
densenet121,unweighted_bce,ensemble,Edema,T1_2015,out_of_sample_cross_fitted,raw,0.002123721393937261,0.015210251005544592,0.0030837541271592716,0.0007063348626183499,0.5318666666666667,0.007471505106881258,1.018572261359557,-0.172039867157181,1879,4,0.0021287919105907396,1.0
densenet121,unweighted_bce,ensemble,Edema,T1_2015,out_of_sample_cross_fitted,temperature,0.0021265362502087006,0.016065311653206512,0.0028546572939195645,0.00011035715147815657,0.47226666666666667,0.005426695298382807,-0.27412298592697043,-7.912205160699806,1879,4,0.0021287919105907396,1.0
densenet121,unweighted_bce,ensemble,Edema,T1_2015,out_of_sample_cross_fitted,offset,0.002129431681782805,0.016172701801110672,0.0034472344097580473,6.746097423938717e-05,0.4517333333333334,0.0036593780526307713,-0.3615261530629559,-8.521152509510252,1879,4,0.0021287919105907396,1.0
densenet121,unweighted_bce,ensemble,Edema,T1_2015,out_of_sample_cross_fitted,platt,0.0021276544239103353,0.01668118623610449,0.003496100243396711,3.16329193776675e-05,0.4396,0.0036619118385297312,-0.8030997050899261,-11.46418695249759,1879,4,0.0021287919105907396,1.0
densenet121,unweighted_bce,ensemble,Edema,T2_2016,out_of_sample_prospective,raw,0.003235093327212105,0.020033821964705788,0.0034680059250698078,0.0003494921022054462,0.9055204986256824,0.029514889542292536,3.438264238858085,13.529952581521776,3987,13,0.0032605969400551793,1.0
densenet121,unweighted_bce,ensemble,Edema,T2_2016,out_of_sample_prospective,temperature,0.003228495038515743,0.019193853093469233,0.0030404799579065627,0.0008918782917089253,0.9133792729665905,0.034732169333022665,2.3946953632020382,7.953105086588028,3987,13,0.0032605969400551793,1.0
densenet121,unweighted_bce,ensemble,Edema,T2_2016,out_of_sample_prospective,offset,0.003227177191358163,0.019070078750997126,0.002966623285385061,0.0010357296214100736,0.9137470481204754,0.035749568370999386,2.129048445899126,6.590503586243621,3987,13,0.0032605969400551793,1.0
densenet121,unweighted_bce,ensemble,Edema,T2_2016,out_of_sample_prospective,platt,0.0032433811079036366,0.020712031748741935,0.0036593583488501915,0.0010806197190882903,0.9098176609500213,0.028059663352157527,5.714448804440713,28.054635255041656,3987,13,0.0032605969400551793,1.0
densenet121,unweighted_bce,ensemble,Edema,T3_2017,out_of_sample_prospective,raw,1.0052765195500289e-05,0.002890833202870866,0.002885792179663395,0.002885792179663395,,,,,2436,0,0.0,1.0
densenet121,unweighted_bce,ensemble,Edema,T3_2017,out_of_sample_prospective,temperature,8.816181596371222e-06,0.0023243219259391707,0.0023198958268111545,0.0023198958268111545,,,,,2436,0,0.0,1.0
densenet121,unweighted_bce,ensemble,Edema,T3_2017,out_of_sample_prospective,offset,8.640183961585774e-06,0.0021803071135090123,0.002175966776390457,0.002175966776390457,,,,,2436,0,0.0,1.0
densenet121,unweighted_bce,ensemble,Edema,T3_2017,out_of_sample_prospective,platt,5.158039532968945e-06,0.0021681902029070054,0.002165606655934573,0.002165606655934573,,,,,2436,0,0.0,1.0
densenet121,unweighted_bce,42,Pleural Effusion,T1_2015,out_of_sample_cross_fitted,raw,0.03696313927094764,0.13537505118623647,0.02103203102066017,0.025949669224739024,0.9293468391782997,0.4899212934869247,0.8349888917323047,0.43513749294126164,1879,99,0.05268759978712081,1.0
densenet121,unweighted_bce,42,Pleural Effusion,T1_2015,out_of_sample_cross_fitted,temperature,0.03550704238234129,0.1261272772866971,0.010797729797719171,0.009618235073676738,0.9279650436953808,0.48547042185094136,1.1209691704140807,0.4101477124558882,1879,99,0.05268759978712081,1.0
densenet121,unweighted_bce,42,Pleural Effusion,T1_2015,out_of_sample_cross_fitted,offset,0.035406339397544395,0.12678511722575292,0.009054846671214468,0.015926495249301027,0.9288276018613097,0.48761005243457806,0.828711042143458,-0.28941942931472564,1879,99,0.05268759978712081,1.0
densenet121,unweighted_bce,42,Pleural Effusion,T1_2015,out_of_sample_cross_fitted,platt,0.03562623569145595,0.1267550478195064,0.004677496919470831,0.010149388166555938,0.926796050391556,0.46309651487208076,0.9769898914974304,-0.02627548125121079,1879,99,0.05268759978712081,1.0
densenet121,unweighted_bce,42,Pleural Effusion,T2_2016,out_of_sample_prospective,raw,0.03460174751555699,0.1345510388068691,0.011401926979759516,0.018712294328755666,0.8905867698741048,0.3776835777619509,0.7107262587247053,-0.21702475811174987,3987,177,0.04439428141459744,1.0
densenet121,unweighted_bce,42,Pleural Effusion,T2_2016,out_of_sample_prospective,temperature,0.03392336878367267,0.12655588970433856,0.006464117892299482,0.007782919765073688,0.8905867698741048,0.3776835777619509,0.962942433294186,-0.21903127101672942,3987,177,0.04439428141459744,1.0
densenet121,unweighted_bce,42,Pleural Effusion,T2_2016,out_of_sample_prospective,offset,0.036568849748435855,0.1338049564582443,0.018408095727762093,0.016020996815207005,0.8905867698741048,0.3776835777619509,0.710810375092084,-0.8277937810041422,3987,177,0.04439428141459744,1.0
densenet121,unweighted_bce,42,Pleural Effusion,T2_2016,out_of_sample_prospective,platt,0.03502753543050609,0.12908495852030177,0.01305776557851517,0.011975333210263965,0.8905867698741048,0.3776835777619509,0.8512271118916284,-0.587189617943673,3987,177,0.04439428141459744,1.0
densenet121,unweighted_bce,42,Pleural Effusion,T3_2017,out_of_sample_prospective,raw,0.027137816849791056,0.10921970093998445,0.0070250376703160314,0.013822456084813493,0.8868091175219557,0.358987109224694,0.7315083797082037,-0.36290130993747716,2436,85,0.03489326765188834,1.0
densenet121,unweighted_bce,42,Pleural Effusion,T3_2017,out_of_sample_prospective,temperature,0.027150550674666672,0.1062307311734892,0.013265313003346504,0.010627140000295555,0.8868091175219557,0.358987109224694,0.9922259646376805,-0.3636904416317648,2436,85,0.03489326765188834,1.0
densenet121,unweighted_bce,42,Pleural Effusion,T3_2017,out_of_sample_prospective,offset,0.02992498424911693,0.11309083955835189,0.020876544133386032,0.0154864320388764,0.8868091175219557,0.358987109224694,0.7315919810784468,-0.9908079271299332,2436,85,0.03489326765188834,1.0
densenet121,unweighted_bce,42,Pleural Effusion,T3_2017,out_of_sample_prospective,platt,0.0283968197773098,0.1092329364350222,0.019212605616472096,0.015736560838981884,0.8868091175219557,0.358987109224694,0.8759777226223943,-0.7444501309708443,2436,85,0.03489326765188834,1.0
densenet121,unweighted_bce,123,Pleural Effusion,T1_2015,out_of_sample_cross_fitted,raw,0.039808215111424676,0.13694780892862451,0.03186195969176844,0.022332713197035007,0.9392889569855862,0.4889864917353548,1.7815659091781664,2.4276401708520887,1879,99,0.05268759978712081,1.0
densenet121,unweighted_bce,123,Pleural Effusion,T1_2015,out_of_sample_cross_fitted,temperature,0.03959597762568795,0.13720265642138468,0.03161507026213575,0.02350682904522523,0.9380660537963907,0.4852967172381388,1.8296419879233559,2.4083535332180595,1879,99,0.05268759978712081,1.0
densenet121,unweighted_bce,123,Pleural Effusion,T1_2015,out_of_sample_cross_fitted,offset,0.037346962349214245,0.133354134954558,0.027902319437158533,0.02805698594857084,0.9384746339802519,0.4801151828719635,1.7681013664388645,1.6024720374575283,1879,99,0.05268759978712081,1.0
densenet121,unweighted_bce,123,Pleural Effusion,T1_2015,out_of_sample_cross_fitted,platt,0.03512113974119061,0.121809367675657,0.007435405094218594,0.009693241332363154,0.9376574736125298,0.4717061418164774,0.9826558575801159,-0.015771193037235884,1879,99,0.05268759978712081,1.0
densenet121,unweighted_bce,123,Pleural Effusion,T2_2016,out_of_sample_prospective,raw,0.0364715398773485,0.13699888272300068,0.013681666130450375,0.005948269968740807,0.8775182763171553,0.2927446737422265,1.2575029671548807,0.8160498593483171,3987,177,0.04439428141459744,1.0
densenet121,unweighted_bce,123,Pleural Effusion,T2_2016,out_of_sample_prospective,temperature,0.03638452234935431,0.13709346898389868,0.01367854516687989,0.0060768392916517935,0.8775182763171553,0.2927446737422265,1.3009988760991251,0.8167849097682802,3987,177,0.04439428141459744,1.0
densenet121,unweighted_bce,123,Pleural Effusion,T2_2016,out_of_sample_prospective,offset,0.03614693488309984,0.13826988476490798,0.012789411647296677,0.014292454585684821,0.8775182763171553,0.2927446737422265,1.2578975010487068,0.23692754764303348,3987,177,0.04439428141459744,1.0
densenet121,unweighted_bce,123,Pleural Effusion,T2_2016,out_of_sample_prospective,platt,0.04002541073584511,0.1432784420601606,0.019633358335665124,0.02018314837973239,0.8775182763171553,0.2927446737422265,0.7060347576139951,-0.8970702279902258,3987,177,0.04439428141459744,1.0
densenet121,unweighted_bce,123,Pleural Effusion,T3_2017,out_of_sample_prospective,raw,0.028879563959929463,0.11441829963411777,0.011328299537117536,0.009085917677821792,0.8643505892361198,0.2824046482374327,1.2631484430684978,0.6594428977885134,2436,85,0.03489326765188834,1.0
densenet121,unweighted_bce,123,Pleural Effusion,T3_2017,out_of_sample_prospective,temperature,0.028860414776430685,0.1150113721327871,0.011406121931540777,0.009758977311552843,0.8643505892361198,0.2824046482374327,1.3090761354599438,0.6648495501861393,2436,85,0.03489326765188834,1.0
densenet121,unweighted_bce,123,Pleural Effusion,T3_2017,out_of_sample_prospective,offset,0.029005825689784357,0.11836803263130495,0.01779742307441228,0.017949090106364977,0.8643505892361198,0.2824046482374327,1.2632467127247151,0.07587438918965107,2436,85,0.03489326765188834,1.0
densenet121,unweighted_bce,123,Pleural Effusion,T3_2017,out_of_sample_prospective,platt,0.032370729754042794,0.12230219710254077,0.02076339685062669,0.016513722277102506,0.8643505892361198,0.2824046482374327,0.708417859440611,-1.0641071193824274,2436,85,0.03489326765188834,1.0
densenet121,unweighted_bce,2026,Pleural Effusion,T1_2015,out_of_sample_cross_fitted,raw,0.03401370204255458,0.12313726347977803,0.01681583736580139,0.015066017548690842,0.9318777664283282,0.5488236932390225,1.088236548641959,0.657735859903254,1879,99,0.05268759978712081,1.0
densenet121,unweighted_bce,2026,Pleural Effusion,T1_2015,out_of_sample_cross_fitted,temperature,0.033839052855050525,0.12276351964518764,0.014326307683575457,0.00962382238375607,0.9305186698445126,0.547546801984407,1.1878799947046175,0.6409195009816195,1879,99,0.05268759978712081,1.0
densenet121,unweighted_bce,2026,Pleural Effusion,T1_2015,out_of_sample_cross_fitted,offset,0.03313672115969122,0.1205635596980345,0.007155580743729714,0.006879770513910187,0.930876177505391,0.5446015445303253,1.081212291031005,0.16144746941125993,1879,99,0.05268759978712081,1.0
densenet121,unweighted_bce,2026,Pleural Effusion,T1_2015,out_of_sample_cross_fitted,platt,0.033392290536001776,0.12102981392258245,0.0057314229533446835,0.008712219280170814,0.9302008852570651,0.5286315894985126,0.9871721064470139,-0.009885455161635064,1879,99,0.05268759978712081,1.0
densenet121,unweighted_bce,2026,Pleural Effusion,T2_2016,out_of_sample_prospective,raw,0.03560265213880231,0.12863179301736197,0.006399093905800185,0.013578367901757697,0.9005108471610541,0.3309386445250915,0.8757360009715836,-0.1512545928345767,3987,177,0.04439428141459744,1.0
densenet121,unweighted_bce,2026,Pleural Effusion,T2_2016,out_of_sample_prospective,temperature,0.03533953783750475,0.12777632539886985,0.006841632048370215,0.009788393591414002,0.9005108471610541,0.3309386445250915,0.964473206886121,-0.15139934208308387,3987,177,0.04439428141459744,1.0
densenet121,unweighted_bce,2026,Pleural Effusion,T2_2016,out_of_sample_prospective,offset,0.03653223697479505,0.1302092134821639,0.012311954717819304,0.013124993639882628,0.9005108471610541,0.3309386445250915,0.8757679738112882,-0.5492015169918393,3987,177,0.04439428141459744,1.0
densenet121,unweighted_bce,2026,Pleural Effusion,T2_2016,out_of_sample_prospective,platt,0.03732693757877716,0.13174756842863045,0.014513013709294852,0.012054525280901937,0.9005108471610541,0.3309386445250915,0.8045948564966143,-0.6808145438588974,3987,177,0.04439428141459744,1.0
densenet121,unweighted_bce,2026,Pleural Effusion,T3_2017,out_of_sample_prospective,raw,0.027801772627405213,0.1106250362050417,0.008503672580242785,0.006586336963843699,0.8681011834763681,0.32097047232461495,0.8565611598047921,-0.3694901519326139,2436,85,0.03489326765188834,1.0
densenet121,unweighted_bce,2026,Pleural Effusion,T3_2017,out_of_sample_prospective,temperature,0.027850254252834866,0.11066826389774644,0.0093033821974829,0.0071569351133988325,0.8681011834763681,0.32097047232461495,0.9430455692608645,-0.36973877581092623,2436,85,0.03489326765188834,1.0
densenet121,unweighted_bce,2026,Pleural Effusion,T3_2017,out_of_sample_prospective,offset,0.029064688541090847,0.11406660041508022,0.016893032256918423,0.014600276402256558,0.8681011834763681,0.32097047232461495,0.8563260122742213,-0.7598578743348577,2436,85,0.03489326765188834,1.0
densenet121,unweighted_bce,2026,Pleural Effusion,T3_2017,out_of_sample_prospective,platt,0.02968622922399718,0.11550319854391611,0.017343836307510536,0.014244606461193781,0.8681011834763681,0.32097047232461495,0.7876493851259302,-0.8856340502314566,2436,85,0.03489326765188834,1.0
densenet121,unweighted_bce,ensemble,Pleural Effusion,T1_2015,out_of_sample_cross_fitted,raw,0.03555694945618418,0.12361148060565783,0.026132167197926447,0.01807169685386915,0.9449211213256157,0.541540308916199,1.3028593505288284,1.274258437790893,1879,99,0.05268759978712081,1.0
densenet121,unweighted_bce,ensemble,Pleural Effusion,T1_2015,out_of_sample_cross_fitted,temperature,0.03504878753913469,0.1230913741098985,0.026840212178007104,0.01901862059216427,0.9447849279309953,0.539581165163661,1.456900822874242,1.2558233649882558,1879,99,0.05268759978712081,1.0
densenet121,unweighted_bce,ensemble,Pleural Effusion,T1_2015,out_of_sample_cross_fitted,offset,0.03333535184200217,0.11898786056633069,0.019674242763513265,0.01280239196462702,0.9451140619679945,0.5364085198551407,1.2962148125824804,0.565989563664712,1879,99,0.05268759978712081,1.0
densenet121,unweighted_bce,ensemble,Pleural Effusion,T1_2015,out_of_sample_cross_fitted,platt,0.03326237761659836,0.11686205438348676,0.01260272515111399,0.010159507543471037,0.9437351038474633,0.5139392438894069,1.1117423913828082,0.21221674238277385,1879,99,0.05268759978712081,1.0
densenet121,unweighted_bce,ensemble,Pleural Effusion,T2_2016,out_of_sample_prospective,raw,0.03412156913691426,0.1254397840245094,0.01009783969784309,0.009629678578622092,0.9030739801592598,0.3674306766691528,1.0475386282955046,0.333629979206374,3987,177,0.04439428141459744,1.0
densenet121,unweighted_bce,ensemble,Pleural Effusion,T2_2016,out_of_sample_prospective,temperature,0.033904885533005226,0.1252815583377626,0.009214489673284648,0.007480311325377734,0.9035040111511484,0.3661450819438468,1.1794881777488906,0.34229304084482254,3987,177,0.04439428141459744,1.0
densenet121,unweighted_bce,ensemble,Pleural Effusion,T2_2016,out_of_sample_prospective,offset,0.03429756607490748,0.12620253070507778,0.012785942054930971,0.012277372599263934,0.9031866779364445,0.36497056062585925,1.0507242262982648,-0.22187971114835608,3987,177,0.04439428141459744,1.0
densenet121,unweighted_bce,ensemble,Pleural Effusion,T2_2016,out_of_sample_prospective,platt,0.03554517298202319,0.12765819682256369,0.014663693581304014,0.012579375545826306,0.9020745288194908,0.3574164382834944,0.8891524619225117,-0.5388036158268001,3987,177,0.04439428141459744,1.0
densenet121,unweighted_bce,ensemble,Pleural Effusion,T3_2017,out_of_sample_prospective,raw,0.02676743067172039,0.10535752749713272,0.0040491243190742664,0.003186262616275053,0.880551454950334,0.35429348588770815,1.0438799820457072,0.1470829050060876,2436,85,0.03489326765188834,1.0
densenet121,unweighted_bce,ensemble,Pleural Effusion,T3_2017,out_of_sample_prospective,temperature,0.026840186877038246,0.1065895514194171,0.008237406788717866,0.01005562874638114,0.8826832136512622,0.3530335914680731,1.173515920730729,0.15275129208068272,2436,85,0.03489326765188834,1.0
densenet121,unweighted_bce,ensemble,Pleural Effusion,T3_2017,out_of_sample_prospective,offset,0.027435618513213286,0.10891624690919913,0.015985308661591452,0.015910704460350394,0.8811569544874521,0.35073335926777094,1.0421836679570793,-0.41772452978152347,2436,85,0.03489326765188834,1.0
densenet121,unweighted_bce,ensemble,Pleural Effusion,T3_2017,out_of_sample_prospective,platt,0.02848307461715356,0.11024403770018824,0.017486003779166582,0.015498296460391015,0.882167788425451,0.34286895353141955,0.8827649253392521,-0.7230896296734476,2436,85,0.03489326765188834,1.0
densenet121,unweighted_bce,42,Pneumonia,T1_2015,out_of_sample_cross_fitted,raw,0.02307804774480267,0.10141727020636897,0.013381040616707677,0.013173925142100168,0.8498633132859487,0.2661976273306336,0.8025083087984926,0.15823884208934647,1879,50,0.026609898882384245,1.0
densenet121,unweighted_bce,42,Pneumonia,T1_2015,out_of_sample_cross_fitted,temperature,0.02265865267530241,0.09502767112666889,0.008004386431303901,0.004230997734020834,0.8448223072717331,0.2601853923929697,1.0291156415974754,0.10451668720561651,1879,50,0.026609898882384245,1.0
densenet121,unweighted_bce,42,Pneumonia,T1_2015,out_of_sample_cross_fitted,offset,0.02287395251219302,0.09686923044208871,0.00870055893053984,0.005541368424005759,0.8463641334062328,0.2296138788195693,0.7814300039736374,-0.5474120710275882,1879,50,0.026609898882384245,1.0
densenet121,unweighted_bce,42,Pneumonia,T1_2015,out_of_sample_cross_fitted,platt,0.023301527701882686,0.09709163723991619,0.008807787371243155,0.004174271582676934,0.8411372334609076,0.194006085614002,0.9481236872473829,-0.12651418775800263,1879,50,0.026609898882384245,1.0
densenet121,unweighted_bce,42,Pneumonia,T2_2016,out_of_sample_prospective,raw,0.01811257761983531,0.07758305120342184,0.007222081442760431,0.008201175284485059,0.8807930502830934,0.15287137403004464,0.8434267395413308,0.000497111592091679,3987,79,0.01981439678956609,1.0
densenet121,unweighted_bce,42,Pneumonia,T2_2016,out_of_sample_prospective,temperature,0.018041095336871826,0.07596072935904086,0.007465583021169263,0.005942949676217667,0.8807930502830934,0.15287137403004464,1.1013234399488703,0.0012042531101675536,3987,79,0.01981439678956609,1.0
densenet121,unweighted_bce,42,Pneumonia,T2_2016,out_of_sample_prospective,offset,0.01860134208679576,0.07646508412326368,0.009084212362912857,0.0057449980324045845,0.8807930502830934,0.15287137403004464,0.8432869553097291,-0.6784194480403464,3987,79,0.01981439678956609,1.0
densenet121,unweighted_bce,42,Pneumonia,T2_2016,out_of_sample_prospective,platt,0.01811971972049907,0.07601455233459112,0.00795460593644645,0.006263549961558181,0.8807930502830934,0.15287137403004464,1.0516060142543144,-0.16568924598673146,3987,79,0.01981439678956609,1.0
densenet121,unweighted_bce,42,Pneumonia,T3_2017,out_of_sample_prospective,raw,0.01837540907530603,0.07997090021650168,0.008714227635729613,0.008696993770919844,0.8657334450963956,0.1850293830001916,0.8473672425798607,0.07549041288966576,2436,50,0.020525451559934318,1.0
densenet121,unweighted_bce,42,Pneumonia,T3_2017,out_of_sample_prospective,temperature,0.018209977218649434,0.07752862912952102,0.00567552113637596,0.005369952488779055,0.8657334450963956,0.1850293830001916,1.1067691021538963,0.0765777942618654,2436,50,0.020525451559934318,1.0
densenet121,unweighted_bce,42,Pneumonia,T3_2017,out_of_sample_prospective,offset,0.0184916902007762,0.07794280473037025,0.006759080875334505,0.00438697003017126,0.8657334450963956,0.1850293830001916,0.846605920214497,-0.6084190201484264,2436,50,0.020525451559934318,1.0
densenet121,unweighted_bce,42,Pneumonia,T3_2017,out_of_sample_prospective,platt,0.01823506330465201,0.07753043835977699,0.006417861664034751,0.005468667679604086,0.8657334450963956,0.1850293830001916,1.0562875680143144,-0.09159132340655972,2436,50,0.020525451559934318,1.0
densenet121,unweighted_bce,123,Pneumonia,T1_2015,out_of_sample_cross_fitted,raw,0.02436979470896871,0.10182105445526574,0.015390258446387233,0.010242342063045997,0.8333132859486058,0.22498194802744734,1.597350400483468,2.613156121936013,1879,50,0.026609898882384245,1.0
densenet121,unweighted_bce,123,Pneumonia,T1_2015,out_of_sample_cross_fitted,temperature,0.02414231991781545,0.10125308876759082,0.015254526855258004,0.0039648275087974605,0.8255713504647348,0.21288656518930665,1.7094859666181343,2.469673976460597,1879,50,0.026609898882384245,1.0
densenet121,unweighted_bce,123,Pneumonia,T1_2015,out_of_sample_cross_fitted,offset,0.023867399088043577,0.10014242983023924,0.013561275238721388,0.007822034902079604,0.8257463094587206,0.19693625494565575,1.5307214055310732,1.6066391675168443,1879,50,0.026609898882384245,1.0
densenet121,unweighted_bce,123,Pneumonia,T1_2015,out_of_sample_cross_fitted,platt,0.02370025900785722,0.09787637189735274,0.00606888139473913,0.004613120490325296,0.8250464734827775,0.1786491497466298,0.9473985656995897,-0.13937071282009816,1879,50,0.026609898882384245,1.0
densenet121,unweighted_bce,123,Pneumonia,T2_2016,out_of_sample_prospective,raw,0.018529898060904222,0.08095563877218913,0.010125237853404793,0.003920414240448288,0.8657298239249576,0.12276719117716439,1.5914169274697418,2.336946605669382,3987,79,0.01981439678956609,1.0
densenet121,unweighted_bce,123,Pneumonia,T2_2016,out_of_sample_prospective,temperature,0.018403382061440335,0.0815315031732262,0.011928221691827983,0.0028033524834645985,0.8657298239249576,0.12276719117716439,1.7469906004913844,2.3324669733209302,3987,79,0.01981439678956609,1.0
densenet121,unweighted_bce,123,Pneumonia,T2_2016,out_of_sample_prospective,offset,0.01829032938375186,0.0813066364774444,0.011632815292520866,0.0066557069980509725,0.8657298239249576,0.12276719117716439,1.6007660226839548,1.55639295816726,3987,79,0.01981439678956609,1.0
densenet121,unweighted_bce,123,Pneumonia,T2_2016,out_of_sample_prospective,platt,0.01853718745259068,0.07837375460651055,0.005337352785483599,0.006744877628204856,0.8657298239249576,0.12276719117716439,0.996308675133091,-0.26774619501719066,3987,79,0.01981439678956609,1.0
densenet121,unweighted_bce,123,Pneumonia,T3_2017,out_of_sample_prospective,raw,0.019314303824621473,0.08505413698429484,0.011378172636485166,0.004671971058822966,0.8469153394803017,0.12505115796289504,1.5495317025011464,2.252796129145338,2436,50,0.020525451559934318,1.0
densenet121,unweighted_bce,123,Pneumonia,T3_2017,out_of_sample_prospective,temperature,0.019188266492401605,0.08527987022013761,0.0116883984005422,0.0026581280072711317,0.8469153394803017,0.12505115796289504,1.7024314330933246,2.2527177000363685,2436,50,0.020525451559934318,1.0
densenet121,unweighted_bce,123,Pneumonia,T3_2017,out_of_sample_prospective,offset,0.01909047300312715,0.08502164563101372,0.010702531877150055,0.005971930233529604,0.8469153394803017,0.12505115796289504,1.5496457664037024,1.462941572283245,2436,50,0.020525451559934318,1.0
densenet121,unweighted_bce,123,Pneumonia,T3_2017,out_of_sample_prospective,platt,0.019302087494265922,0.08252368953018845,0.0059721190546595205,0.00445380733395717,0.8469153394803017,0.12505115796289504,0.9701297333542546,-0.2824251355717717,2436,50,0.020525451559934318,1.0
densenet121,unweighted_bce,2026,Pneumonia,T1_2015,out_of_sample_cross_fitted,raw,0.023010649571716446,0.0955223930673701,0.01367947858613018,0.011135717251992638,0.8586604702022963,0.2584130296514968,1.0543370154148461,0.7783285170968893,1879,50,0.026609898882384245,1.0
densenet121,unweighted_bce,2026,Pneumonia,T1_2015,out_of_sample_cross_fitted,temperature,0.02272293467664272,0.09352178729979069,0.014453303239332707,0.002879233997185185,0.8548824494259157,0.25633899438547025,1.2091782756604268,0.7283878329363446,1879,50,0.026609898882384245,1.0
densenet121,unweighted_bce,2026,Pneumonia,T1_2015,out_of_sample_cross_fitted,offset,0.022655809609673422,0.09299934647722906,0.010080613312884562,0.0037317769562444166,0.855396391470749,0.24398706758046584,1.0300914291456096,0.07877443437039364,1879,50,0.026609898882384245,1.0
densenet121,unweighted_bce,2026,Pneumonia,T1_2015,out_of_sample_cross_fitted,platt,0.02297567383752772,0.09411491654128774,0.008265974775026465,0.00445021667301557,0.8527610716238383,0.22640560970660406,0.9656691981354119,-0.08339817204312439,1879,50,0.026609898882384245,1.0
densenet121,unweighted_bce,2026,Pneumonia,T2_2016,out_of_sample_prospective,raw,0.018028292547058306,0.0745984804386715,0.008020911501926567,0.00635141724101604,0.8987876216265239,0.15296160741115727,1.1105983151436545,0.6527489839913183,3987,79,0.01981439678956609,1.0
densenet121,unweighted_bce,2026,Pneumonia,T2_2016,out_of_sample_prospective,temperature,0.017906751356060988,0.07506234841517136,0.007374977991697512,0.004226876841096672,0.8987876216265239,0.15296160741115727,1.291679138434548,0.6529454826126596,3987,79,0.01981439678956609,1.0
densenet121,unweighted_bce,2026,Pneumonia,T2_2016,out_of_sample_prospective,offset,0.018095497001585532,0.07477247901469024,0.006318643589429153,0.007157417003746102,0.8987876216265239,0.15296160741115727,1.11093455257907,-0.01473741219258264,3987,79,0.01981439678956609,1.0
densenet121,unweighted_bce,2026,Pneumonia,T2_2016,out_of_sample_prospective,platt,0.018197037518245533,0.07460987729162616,0.006475480743246477,0.0062399528361816075,0.8987876216265239,0.15296160741115727,1.0538251101147202,-0.16711424263581792,3987,79,0.01981439678956609,1.0
densenet121,unweighted_bce,2026,Pneumonia,T3_2017,out_of_sample_prospective,raw,0.01831357974790327,0.07748848894978336,0.008555843721256826,0.005787278862194013,0.8813285834031852,0.2124463094850924,1.0859321912766047,0.6474288850895087,2436,50,0.020525451559934318,1.0
densenet121,unweighted_bce,2026,Pneumonia,T3_2017,out_of_sample_prospective,temperature,0.01818793013845368,0.07732366820851018,0.0072175340865871926,0.004439971287958366,0.8813285834031852,0.2124463094850924,1.2656431495593032,0.6561696509681902,2436,50,0.020525451559934318,1.0
densenet121,unweighted_bce,2026,Pneumonia,T3_2017,out_of_sample_prospective,offset,0.018227330392368016,0.0769172697502759,0.006545500989755511,0.005425483195632731,0.8813285834031852,0.2124463094850924,1.086823065896359,-0.0046651064960075705,2436,50,0.020525451559934318,1.0
densenet121,unweighted_bce,2026,Pneumonia,T3_2017,out_of_sample_prospective,platt,0.018287399925954455,0.07678452474086574,0.006722909795669318,0.005636893565989834,0.8813285834031852,0.2124463094850924,1.030236367802263,-0.15398311219632707,2436,50,0.020525451559934318,1.0
densenet121,unweighted_bce,ensemble,Pneumonia,T1_2015,out_of_sample_cross_fitted,raw,0.02327896738839484,0.0958865444103405,0.014790222387620698,0.011450248189314921,0.8525095680699837,0.2886998704586356,1.219965266069231,1.3496007282729026,1879,50,0.026609898882384245,1.0
densenet121,unweighted_bce,ensemble,Pneumonia,T1_2015,out_of_sample_cross_fitted,temperature,0.02288353292043657,0.09425573007498153,0.012502420637969767,0.005195781383334173,0.8491088026243849,0.2767611594232828,1.3715125031768933,1.192711213714683,1879,50,0.026609898882384245,1.0
densenet121,unweighted_bce,ensemble,Pneumonia,T1_2015,out_of_sample_cross_fitted,offset,0.022575609734331092,0.09306055604566688,0.009316547838668959,0.005669567170302219,0.8490103881902679,0.2616199018230498,1.1702354297444,0.4609720236352994,1879,50,0.026609898882384245,1.0
densenet121,unweighted_bce,ensemble,Pneumonia,T1_2015,out_of_sample_cross_fitted,platt,0.022936082158555898,0.09433233797893766,0.007961810387169425,0.005288134805838863,0.8463860032804812,0.22424495160984875,1.0417044831465108,0.1211500180706915,1879,50,0.026609898882384245,1.0
densenet121,unweighted_bce,ensemble,Pneumonia,T2_2016,out_of_sample_prospective,raw,0.01805271375344483,0.07540420469854096,0.009321123270341047,0.005430286236345536,0.896466838552531,0.16186778114657932,1.2683211156301608,1.2296835679529416,3987,79,0.01981439678956609,1.0
densenet121,unweighted_bce,ensemble,Pneumonia,T2_2016,out_of_sample_prospective,temperature,0.017856757177197983,0.07579511600892784,0.008610159756886369,0.007304387735843527,0.8969332625059921,0.16135889937707545,1.4662742183517887,1.1778999102292043,3987,79,0.01981439678956609,1.0
densenet121,unweighted_bce,ensemble,Pneumonia,T2_2016,out_of_sample_prospective,offset,0.01784218795872819,0.07511241932737688,0.005947295995226227,0.006816740102051547,0.8967097676949588,0.16234666421467184,1.2526962273683124,0.39795100556653834,3987,79,0.01981439678956609,1.0
densenet121,unweighted_bce,ensemble,Pneumonia,T2_2016,out_of_sample_prospective,platt,0.01792882797404133,0.07439758600346379,0.005730703618221571,0.00794409671728381,0.8962271484653357,0.15670570038996343,1.1569994336184766,0.12997108228124116,3987,79,0.01981439678956609,1.0
densenet121,unweighted_bce,ensemble,Pneumonia,T3_2017,out_of_sample_prospective,raw,0.018490024663792876,0.0782174200908445,0.00831038803947905,0.006179284575523477,0.8769237217099749,0.20994399980369988,1.24734960889577,1.2258297997641896,2436,50,0.020525451559934318,1.0
densenet121,unweighted_bce,ensemble,Pneumonia,T3_2017,out_of_sample_prospective,temperature,0.01827214149024907,0.07814135197241022,0.007904109741467064,0.005555327058703242,0.877468566638726,0.20956650570451368,1.4398757970213925,1.1715512535803223,2436,50,0.020525451559934318,1.0
densenet121,unweighted_bce,ensemble,Pneumonia,T3_2017,out_of_sample_prospective,offset,0.018124601029557603,0.07727077038991126,0.005746537361238882,0.006737072061043755,0.8773931265716681,0.2105395070839115,1.2357037321110451,0.42038879166980575,2436,50,0.020525451559934318,1.0
densenet121,unweighted_bce,ensemble,Pneumonia,T3_2017,out_of_sample_prospective,platt,0.018278890335737437,0.07722836044121054,0.0062699174780440625,0.006483663600955954,0.8756580050293378,0.20697666592338287,1.1266110659851587,0.12071072177106698,2436,50,0.020525451559934318,1.0
densenet121,weighted_bce,42,Cardiomegaly,T1_2015,out_of_sample_cross_fitted,raw,0.10679415418283458,0.3403146879223373,0.16117964021210357,0.16117964021210357,0.9067866176493692,0.48118900230471023,0.8503652206656318,-2.146274276441222,1879,147,0.07823310271420969,9.476647206005005
densenet121,weighted_bce,42,Cardiomegaly,T1_2015,out_of_sample_cross_fitted,temperature,0.10680480956848483,0.34132145242449513,0.16761298615669068,0.16761298615669068,0.9064586573659488,0.4764367500319368,0.9092891916993531,-2.1496556123523853,1879,147,0.07823310271420969,9.476647206005005
densenet121,weighted_bce,42,Cardiomegaly,T1_2015,out_of_sample_cross_fitted,offset,0.05362034212150868,0.18002822097392362,0.016565917224233617,0.017408323392794963,0.9062662016307679,0.4773184920034473,0.8448230720693395,-0.21905094292333027,1879,147,0.07823310271420969,9.476647206005005
densenet121,weighted_bce,42,Cardiomegaly,T1_2015,out_of_sample_cross_fitted,platt,0.05323035394459806,0.17920425722407662,0.013836845044066652,0.01550506439308014,0.9054649573455248,0.4658813131020762,0.9884261092612512,-0.010861990329607139,1879,147,0.07823310271420969,9.476647206005005
densenet121,weighted_bce,42,Cardiomegaly,T1_2015,out_of_sample_cross_fitted,analytic_weight,0.053372142875661284,0.17922625015419197,0.01836606832584987,0.01670179034424137,0.9067866176493692,0.48118900230471023,0.8501298728845794,-0.23406586508998722,1879,147,0.07823310271420969,9.476647206005005
densenet121,weighted_bce,42,Cardiomegaly,T2_2016,out_of_sample_prospective,raw,0.11190065756413924,0.3523639881680155,0.15634961666057473,0.1563496166605747,0.9018033408001702,0.5605254220477547,0.8879369394257088,-1.8454857626376595,3987,422,0.10584399297717582,9.476647206005005
densenet121,weighted_bce,42,Cardiomegaly,T2_2016,out_of_sample_prospective,temperature,0.11152872739666884,0.3518038636528986,0.16184002382616597,0.16184002382616594,0.9018033408001702,0.5605254220477547,0.9596717439058216,-1.8451878255556804,3987,422,0.10584399297717582,9.476647206005005
densenet121,weighted_bce,42,Cardiomegaly,T2_2016,out_of_sample_prospective,offset,0.06488118004886304,0.2192143489830877,0.01986808691752623,0.021908854621261364,0.9018033408001702,0.5605254220477547,0.887458867735626,0.173129106495791,3987,422,0.10584399297717582,9.476647206005005
densenet121,weighted_bce,42,Cardiomegaly,T2_2016,out_of_sample_prospective,platt,0.06532257857805857,0.21813445161702252,0.021551501109682153,0.020122631284172524,0.9018033408001702,0.5605254220477547,1.044056267725539,0.39648916747911356,3987,422,0.10584399297717582,9.476647206005005
densenet121,weighted_bce,42,Cardiomegaly,T2_2016,out_of_sample_prospective,analytic_weight,0.0647754717266687,0.2187706707285294,0.01868135409160416,0.021369642440857838,0.9018033408001702,0.5605254220477547,0.8875662028151976,0.15190617495537287,3987,422,0.10584399297717582,9.476647206005005
densenet121,weighted_bce,42,Cardiomegaly,T3_2017,out_of_sample_prospective,raw,0.1115256444767305,0.3591356384103771,0.15604208666925626,0.15604208666925623,0.9022207629501497,0.5125857116567695,0.8388700503690035,-1.8409384429240103,2436,258,0.10591133004926108,9.476647206005005
densenet121,weighted_bce,42,Cardiomegaly,T3_2017,out_of_sample_prospective,temperature,0.11136763472952903,0.3579843819403414,0.16171522336767888,0.16171522336767888,0.9022207629501497,0.5125857116567695,0.906902642663268,-1.8407905459467577,2436,258,0.10591133004926108,9.476647206005005
densenet121,weighted_bce,42,Cardiomegaly,T3_2017,out_of_sample_prospective,offset,0.06750777742346364,0.2240634454109263,0.01779649569912233,0.025860328249443974,0.9022207629501497,0.5125857116567695,0.8388457089350698,0.06663885089714483,2436,258,0.10591133004926108,9.476647206005005
densenet121,weighted_bce,42,Cardiomegaly,T3_2017,out_of_sample_prospective,platt,0.06749557861417052,0.22169456920850722,0.01925883022824582,0.02270087740078763,0.9022207629501497,0.5125857116567695,0.9865703595234541,0.2775199677037092,2436,258,0.10591133004926108,9.476647206005005
densenet121,weighted_bce,42,Cardiomegaly,T3_2017,out_of_sample_prospective,analytic_weight,0.06740870220464586,0.22366816062138772,0.01762149782261507,0.02461782809890484,0.9022207629501497,0.5125857116567695,0.8388499014414631,0.046773949871748884,2436,258,0.10591133004926108,9.476647206005005
densenet121,weighted_bce,123,Cardiomegaly,T1_2015,out_of_sample_cross_fitted,raw,0.11775795827960801,0.3639360119368367,0.188630260455299,0.188630260455299,0.9033518719265997,0.45604694932661877,1.040690928633464,-2.2458261929830563,1879,147,0.07823310271420969,9.476647206005005
densenet121,weighted_bce,123,Cardiomegaly,T1_2015,out_of_sample_cross_fitted,temperature,0.11820533431185064,0.3657379723223008,0.18834235111659825,0.18834235111659825,0.902890370928972,0.44817248531006126,1.0186588163815722,-2.2490185356051193,1879,147,0.07823310271420969,9.476647206005005
densenet121,weighted_bce,123,Cardiomegaly,T1_2015,out_of_sample_cross_fitted,offset,0.05400275867185918,0.1809837612124346,0.006386505622612375,0.009710578872014177,0.9030199839751142,0.45164133860468786,1.0355646526295994,0.05878563002213028,1879,147,0.07823310271420969,9.476647206005005
densenet121,weighted_bce,123,Cardiomegaly,T1_2015,out_of_sample_cross_fitted,platt,0.05445694519684726,0.18191168552239145,0.006027545162741922,0.011877540684967956,0.9018259728833797,0.4383299555794855,0.9889152118622554,-0.007024801843679596,1879,147,0.07823310271420969,9.476647206005005
densenet121,weighted_bce,123,Cardiomegaly,T1_2015,out_of_sample_cross_fitted,analytic_weight,0.053771713884659025,0.18043529189882337,0.008029566783087872,0.009727143390597473,0.9033518719265997,0.45604694932661877,1.0402378415721014,0.0946815445416231,1879,147,0.07823310271420969,9.476647206005005
densenet121,weighted_bce,123,Cardiomegaly,T2_2016,out_of_sample_prospective,raw,0.12402278202596784,0.3819328837265012,0.18095194210413912,0.18095194210413904,0.886713572582307,0.5232167454830796,0.9842577384599932,-1.8901320734344884,3987,422,0.10584399297717582,9.476647206005005
densenet121,weighted_bce,123,Cardiomegaly,T2_2016,out_of_sample_prospective,temperature,0.12408321805212806,0.381934825733412,0.1801476642743579,0.1801476642743579,0.886713572582307,0.5232167454830796,0.9728028619495802,-1.8902572967833235,3987,422,0.10584399297717582,9.476647206005005
densenet121,weighted_bce,123,Cardiomegaly,T2_2016,out_of_sample_prospective,offset,0.06839483950650602,0.22995130819232512,0.020033160592848896,0.020428706033371415,0.886713572582307,0.5232167454830796,0.9845283074806455,0.2919115948388791,3987,422,0.10584399297717582,9.476647206005005
densenet121,weighted_bce,123,Cardiomegaly,T2_2016,out_of_sample_prospective,platt,0.06827134940562456,0.23018067397633196,0.019760889086651225,0.01990638505608055,0.886713572582307,0.5232167454830796,0.945637720639747,0.23466084749261676,3987,422,0.10584399297717582,9.476647206005005
densenet121,weighted_bce,123,Cardiomegaly,T2_2016,out_of_sample_prospective,analytic_weight,0.06858828991775133,0.23064101893246347,0.021883436484134565,0.02219814002439253,0.886713572582307,0.5232167454830796,0.9843297109137831,0.3237642762778483,3987,422,0.10584399297717582,9.476647206005005
densenet121,weighted_bce,123,Cardiomegaly,T3_2017,out_of_sample_prospective,raw,0.12611541302504098,0.3855285904804198,0.18394363364334057,0.18394363364334057,0.8933832689118103,0.5258607903678363,1.0040918396412752,-1.9498037147788585,2436,258,0.10591133004926108,9.476647206005005
densenet121,weighted_bce,123,Cardiomegaly,T3_2017,out_of_sample_prospective,temperature,0.12621611251490217,0.3856245573820974,0.1831722220629639,0.18317222206296388,0.8933832689118103,0.5258607903678363,0.9924298517711724,-1.9499922148322761,2436,258,0.10591133004926108,9.476647206005005
densenet121,weighted_bce,123,Cardiomegaly,T3_2017,out_of_sample_prospective,offset,0.06799925609699324,0.22557834235615418,0.01896515842286143,0.01739886711364722,0.8933832689118103,0.5258607903678363,1.0040055527622807,0.2761338273047685,2436,258,0.10591133004926108,9.476647206005005
densenet121,weighted_bce,123,Cardiomegaly,T3_2017,out_of_sample_prospective,platt,0.06786934776623331,0.22564817986608718,0.01839932780348403,0.017167601698550913,0.8933832689118103,0.5258607903678363,0.9648324969143404,0.2182685095761354,2436,258,0.10591133004926108,9.476647206005005
densenet121,weighted_bce,123,Cardiomegaly,T3_2017,out_of_sample_prospective,analytic_weight,0.06817778436430508,0.22617876341399334,0.02083854260316343,0.019344061668547127,0.8933832689118103,0.5258607903678363,1.0040248798351552,0.30948721553126685,2436,258,0.10591133004926108,9.476647206005005
densenet121,weighted_bce,2026,Cardiomegaly,T1_2015,out_of_sample_cross_fitted,raw,0.15397704418740207,0.49039198632553777,0.25947332532932516,0.25947332532932516,0.8116015459301503,0.24092827443875614,0.7893383360680926,-2.286859248590282,1879,147,0.07823310271420969,9.476647206005005
densenet121,weighted_bce,2026,Cardiomegaly,T1_2015,out_of_sample_cross_fitted,temperature,0.15402393828305053,0.49665360297863015,0.2525237637753893,0.2525237637753893,0.8117684718229092,0.23094714111993164,0.7018636026690469,-2.298378330216747,1879,147,0.07823310271420969,9.476647206005005
densenet121,weighted_bce,2026,Cardiomegaly,T1_2015,out_of_sample_cross_fitted,offset,0.06768483295212042,0.23528902706338017,0.030109752313555584,0.02477447585683037,0.8108572528318486,0.23320172075366702,0.7800105537516104,-0.42862872223556775,1879,147,0.07823310271420969,9.476647206005005
densenet121,weighted_bce,2026,Cardiomegaly,T1_2015,out_of_sample_cross_fitted,platt,0.06671578650218733,0.23451242959791502,0.027951080603857127,0.01682210930123997,0.8083081962577178,0.22033257042182547,0.9611302363918757,-0.082522916513873,1879,147,0.07823310271420969,9.476647206005005
densenet121,weighted_bce,2026,Cardiomegaly,T1_2015,out_of_sample_cross_fitted,analytic_weight,0.06779815017885218,0.23473834601753613,0.028423391468178617,0.02160193725995136,0.8116015459301503,0.24092827443875614,0.7894041959357183,-0.5116466252210474,1879,147,0.07823310271420969,9.476647206005005
densenet121,weighted_bce,2026,Cardiomegaly,T2_2016,out_of_sample_prospective,raw,0.17160352009634194,0.5316052286858891,0.2579591285641246,0.25795912856412456,0.791209295214799,0.27132633411210694,0.741017788277512,-2.010197836358309,3987,422,0.10584399297717582,9.476647206005005
densenet121,weighted_bce,2026,Cardiomegaly,T2_2016,out_of_sample_prospective,temperature,0.1713493516857978,0.5334462630922474,0.25063130326507416,0.2506313032650741,0.791209295214799,0.27132633411210694,0.6868331605799372,-2.010564813903686,3987,422,0.10584399297717582,9.476647206005005
densenet121,weighted_bce,2026,Cardiomegaly,T2_2016,out_of_sample_prospective,offset,0.08734043504554245,0.29759092350019534,0.03808786807540203,0.03652924149322173,0.791209295214799,0.27132633411210694,0.7414394728026623,-0.24633487888082994,3987,422,0.10584399297717582,9.476647206005005
densenet121,weighted_bce,2026,Cardiomegaly,T2_2016,out_of_sample_prospective,platt,0.08600863066598356,0.2929684805281811,0.029417568851838823,0.023352794129619152,0.791209295214799,0.27132633411210694,0.9393877616119016,0.13787804063260903,3987,422,0.10584399297717582,9.476647206005005
densenet121,weighted_bce,2026,Cardiomegaly,T2_2016,out_of_sample_prospective,analytic_weight,0.08752387959691726,0.29578797798481343,0.03680359717938046,0.03357078301417122,0.791209295214799,0.27132633411210694,0.7414123909954262,-0.3430195640463419,3987,422,0.10584399297717582,9.476647206005005
densenet121,weighted_bce,2026,Cardiomegaly,T3_2017,out_of_sample_prospective,raw,0.17031832127507768,0.5275712148817178,0.2506091771314861,0.2506091771314861,0.7770116599397784,0.25169268184165106,0.6993767251469973,-1.963809188008807,2436,258,0.10591133004926108,9.476647206005005
densenet121,weighted_bce,2026,Cardiomegaly,T3_2017,out_of_sample_prospective,temperature,0.17010528507024406,0.5293751224821611,0.2430643029656255,0.24306430296562548,0.7770116599397784,0.25169268184165106,0.6478378958044875,-1.963975202304868,2436,258,0.10591133004926108,9.476647206005005
densenet121,weighted_bce,2026,Cardiomegaly,T3_2017,out_of_sample_prospective,offset,0.08954736090083107,0.3062455766989879,0.043778609970167026,0.04688785760032627,0.7770116599397784,0.25169268184165106,0.6992084095371778,-0.30004600622762456,2436,258,0.10591133004926108,9.476647206005005
densenet121,weighted_bce,2026,Cardiomegaly,T3_2017,out_of_sample_prospective,platt,0.08790027283761488,0.30010347044107455,0.03428358292858589,0.03222479045158634,0.7770116599397784,0.25169268184165106,0.8862972299106849,0.063805687359112,2436,258,0.10591133004926108,9.476647206005005
densenet121,weighted_bce,2026,Cardiomegaly,T3_2017,out_of_sample_prospective,analytic_weight,0.08972024624526666,0.3039818070238637,0.041837809961698245,0.040915551039788646,0.7770116599397784,0.25169268184165106,0.6996801270208038,-0.39028284244606026,2436,258,0.10591133004926108,9.476647206005005
densenet121,weighted_bce,ensemble,Cardiomegaly,T1_2015,out_of_sample_cross_fitted,raw,0.11248220313914294,0.36442634234805077,0.2030944086655759,0.2030944086655759,0.9011052457934674,0.4595375856831613,1.2400483429335225,-2.178550914328205,1879,147,0.07823310271420969,9.476647206005005
densenet121,weighted_bce,ensemble,Cardiomegaly,T1_2015,out_of_sample_cross_fitted,temperature,0.11299444913834612,0.36564002714080573,0.20282636701622608,0.20282636701622606,0.9002529418233806,0.45285457590295863,1.2136695928002785,-2.178552355530803,1879,147,0.07823310271420969,9.476647206005005
densenet121,weighted_bce,ensemble,Cardiomegaly,T1_2015,out_of_sample_cross_fitted,offset,0.05397779832765634,0.18423863903378396,0.012333871953838395,0.00997418796158137,0.8973071907746933,0.46211033381884153,1.170692615616984,0.27354655949218515,1879,147,0.07823310271420969,9.476647206005005
densenet121,weighted_bce,ensemble,Cardiomegaly,T1_2015,out_of_sample_cross_fitted,platt,0.054497947948092845,0.18653563457430186,0.018078564483935845,0.018783713152785545,0.8978649196399113,0.4513035114656997,1.2979521498707698,0.5024577502437855,1879,147,0.07823310271420969,9.476647206005005
densenet121,weighted_bce,ensemble,Cardiomegaly,T1_2015,out_of_sample_cross_fitted,analytic_weight,0.05375010224381683,0.18433656403347873,0.011956041587834875,0.009000651341847615,0.896749461909475,0.46865437899940693,1.1814412248898636,0.24104448903623635,1879,147,0.07823310271420969,9.476647206005005
densenet121,weighted_bce,ensemble,Cardiomegaly,T2_2016,out_of_sample_prospective,raw,0.1214188716710477,0.38665070385810907,0.1984202291096128,0.1984202291096128,0.8933988287922998,0.5036069307914892,1.2363467961434553,-1.8829124536176505,3987,422,0.10584399297717582,9.476647206005005
densenet121,weighted_bce,ensemble,Cardiomegaly,T2_2016,out_of_sample_prospective,temperature,0.12172007416668609,0.38655142457338415,0.1975396636388551,0.19753966363885517,0.8924004440219885,0.5022895535231247,1.221557955323089,-1.878064689331465,3987,422,0.10584399297717582,9.476647206005005
densenet121,weighted_bce,ensemble,Cardiomegaly,T2_2016,out_of_sample_prospective,offset,0.06848798829626183,0.22610533269086996,0.025603323259384112,0.019118897376557732,0.8964717534215617,0.5358703955505488,1.213857766489811,0.631141239884692,3987,422,0.10584399297717582,9.476647206005005
densenet121,weighted_bce,ensemble,Cardiomegaly,T2_2016,out_of_sample_prospective,platt,0.06905091360853464,0.22805326226693554,0.029553275637420662,0.025401635656384633,0.8978583250799305,0.5429117913831383,1.3544828174831003,0.8837276030267266,3987,422,0.10584399297717582,9.476647206005005
densenet121,weighted_bce,ensemble,Cardiomegaly,T2_2016,out_of_sample_prospective,analytic_weight,0.0683973609560967,0.22621199937992661,0.023561211014159464,0.017471938818442754,0.895567091855387,0.5332352905619245,1.2181672536466295,0.5881268367234996,3987,422,0.10584399297717582,9.476647206005005
densenet121,weighted_bce,ensemble,Cardiomegaly,T3_2017,out_of_sample_prospective,raw,0.121857462072773,0.38786354555977376,0.19686496581469434,0.19686496581469431,0.8882749268584363,0.5036534033536053,1.1870441916091117,-1.8740130321029493,2436,258,0.10591133004926108,9.476647206005005
densenet121,weighted_bce,ensemble,Cardiomegaly,T3_2017,out_of_sample_prospective,temperature,0.12223244137416046,0.3879900926007138,0.19598391639414334,0.19598391639414336,0.8871751340038866,0.5015204671630802,1.1704998108457487,-1.8692330528267944,2436,258,0.10591133004926108,9.476647206005005
densenet121,weighted_bce,ensemble,Cardiomegaly,T3_2017,out_of_sample_prospective,offset,0.07003809370438634,0.23274708119026113,0.026383778913459274,0.018674298519853954,0.886301350360547,0.5071491156386719,1.1206755360437963,0.47545707413785154,2436,258,0.10591133004926108,9.476647206005005
densenet121,weighted_bce,ensemble,Cardiomegaly,T3_2017,out_of_sample_prospective,platt,0.070248482623108,0.23318029382326064,0.02760691852899489,0.02134517689813953,0.8885258504708822,0.5148817201538235,1.2562679584489147,0.7106706106413465,2436,258,0.10591133004926108,9.476647206005005
densenet121,weighted_bce,ensemble,Cardiomegaly,T3_2017,out_of_sample_prospective,analytic_weight,0.07000394368512586,0.23306569386233408,0.02521019433283825,0.01631524403085772,0.8848509762886085,0.5048869173225237,1.1224471060207732,0.4332741357825322,2436,258,0.10591133004926108,9.476647206005005
densenet121,weighted_bce,42,Edema,T1_2015,out_of_sample_cross_fitted,raw,0.01238926931199177,0.05253338830593576,0.02684494918275261,0.025343765765673428,0.6368,0.006358300892021346,0.24365011028884137,-4.97961846461031,1879,4,0.0021287919105907396,1091.304347826087
densenet121,weighted_bce,42,Edema,T1_2015,out_of_sample_cross_fitted,temperature,0.012314502695272279,0.052299503770833145,0.02274563977964296,0.020796595581455107,0.5736,0.006307553926986472,0.15729216764905404,-5.2732561741367014,1879,4,0.0021287919105907396,1091.304347826087
densenet121,weighted_bce,42,Edema,T1_2015,out_of_sample_cross_fitted,offset,0.003016979935808397,0.022506694601962255,0.00445425719067909,0.0031812371238108747,0.5413333333333333,0.0037407062429395694,0.05772504429345528,-5.622992015484639,1879,4,0.0021287919105907396,1091.304347826087
densenet121,weighted_bce,42,Edema,T1_2015,out_of_sample_cross_fitted,platt,0.0039026338668021634,0.021023091293448294,0.0077098276315508436,0.005688305747079704,0.5307999999999999,0.018882474841697996,0.4124368583535638,-3.81490822602003,1879,4,0.0021287919105907396,1091.304347826087
densenet121,weighted_bce,42,Edema,T1_2015,out_of_sample_cross_fitted,analytic_weight,0.002153851785747914,0.024355722302339955,0.0019126720247817485,0.002118003906752857,0.6368,0.006358300892021346,0.2211782398204708,-3.55382504382174,1879,4,0.0021287919105907396,1091.304347826087
densenet121,weighted_bce,42,Edema,T2_2016,out_of_sample_prospective,raw,0.011314089852964289,0.04625156010410673,0.025116035102794573,0.025116035102794573,0.886522008439472,0.07205459635042065,0.6301660921932357,-3.390573820587582,3987,13,0.0032605969400551793,1091.304347826087
densenet121,weighted_bce,42,Edema,T2_2016,out_of_sample_prospective,temperature,0.011215237488536119,0.04369294475364653,0.02049944209236861,0.02040072224184363,0.886522008439472,0.07205459635042065,0.5529057131403554,-3.357939018992265,3987,13,0.0032605969400551793,1091.304347826087
densenet121,weighted_bce,42,Edema,T2_2016,out_of_sample_prospective,offset,0.0033367582361574174,0.019974063739469725,0.0017270140882927685,0.0026795800566325376,0.886522008439472,0.07205459635042065,0.6302548148661258,-0.8401611532402141,3987,13,0.0032605969400551793,1091.304347826087
densenet121,weighted_bce,42,Edema,T2_2016,out_of_sample_prospective,platt,0.003228575697264434,0.01961962937887024,0.003112595343565442,0.0010600586378048046,0.886522008439472,0.07205459635042065,2.584318285521422,9.478870083898679,3987,13,0.0032605969400551793,1091.304347826087
densenet121,weighted_bce,42,Edema,T2_2016,out_of_sample_prospective,analytic_weight,0.003244433644551571,0.027779313018055415,0.003138138837527435,0.003198127713917535,0.886522008439472,0.07205459635042065,0.6303484789031883,1.018733268609094,3987,13,0.0032605969400551793,1091.304347826087
densenet121,weighted_bce,42,Edema,T3_2017,out_of_sample_prospective,raw,0.007845085463287174,0.03436730446401957,0.026360403208705956,0.026360403208705956,,,,,2436,0,0.0,1091.304347826087
densenet121,weighted_bce,42,Edema,T3_2017,out_of_sample_prospective,temperature,0.007550650305587344,0.029877022456651733,0.021348772913372952,0.021348772913372956,,,,,2436,0,0.0,1091.304347826087
densenet121,weighted_bce,42,Edema,T3_2017,out_of_sample_prospective,offset,8.036704137608455e-05,0.0010359098036146906,0.000986912427425983,0.000986912427425983,,,,,2436,0,0.0,1091.304347826087
densenet121,weighted_bce,42,Edema,T3_2017,out_of_sample_prospective,platt,5.966645702766854e-06,0.0021852018184715764,0.0021822107934308115,0.0021822107934308115,,,,,2436,0,0.0,1091.304347826087
densenet121,weighted_bce,42,Edema,T3_2017,out_of_sample_prospective,analytic_weight,4.0173015059271713e-07,5.714457621442559e-05,5.6940775330758e-05,5.694077533075801e-05,,,,,2436,0,0.0,1091.304347826087
densenet121,weighted_bce,123,Edema,T1_2015,out_of_sample_cross_fitted,raw,0.03829052461420158,0.13826534261293083,0.0720462261585948,0.07140297819762423,0.5836666666666667,0.007171089306246157,0.18604244509092807,-5.453590567291899,1879,4,0.0021287919105907396,1091.304347826087
densenet121,weighted_bce,123,Edema,T1_2015,out_of_sample_cross_fitted,temperature,0.038372308629256294,0.13925325450459886,0.07331346218203028,0.07271820969668419,0.5869333333333333,0.007182677871037297,0.18408299644820855,-5.47904288187632,1879,4,0.0021287919105907396,1091.304347826087
densenet121,weighted_bce,123,Edema,T1_2015,out_of_sample_cross_fitted,offset,0.002503663226046348,0.022524185794402775,0.0033948469034120344,0.002466800188705337,0.5288,0.00558293451886375,0.09448480715523801,-5.243288781712297,1879,4,0.0021287919105907396,1091.304347826087
densenet121,weighted_bce,123,Edema,T1_2015,out_of_sample_cross_fitted,platt,0.009619277299544583,0.03955113177316285,0.019329221894956103,0.017262228420178268,0.5177333333333334,0.02453831035311488,0.33922066615575314,-4.368652587004217,1879,4,0.0021287919105907396,1091.304347826087
densenet121,weighted_bce,123,Edema,T1_2015,out_of_sample_cross_fitted,analytic_weight,0.002147763102966015,0.022244930272471448,0.0016086153691111747,0.0015694967849414145,0.5836666666666667,0.007171089306246157,0.18488021149611802,-4.165473565694314,1879,4,0.0021287919105907396,1091.304347826087
densenet121,weighted_bce,123,Edema,T2_2016,out_of_sample_prospective,raw,0.036279583339133684,0.12663569484676357,0.07360706195632492,0.07360706195632494,0.8780535016065968,0.10228325743271047,0.5325882200831281,-4.398118146187318,3987,13,0.0032605969400551793,1091.304347826087
densenet121,weighted_bce,123,Edema,T2_2016,out_of_sample_prospective,temperature,0.036301699062477016,0.12707779723984983,0.0748235083894897,0.07482350838948972,0.8780535016065968,0.10228325743271047,0.5457809234760297,-4.383400536988861,3987,13,0.0032605969400551793,1091.304347826087
densenet121,weighted_bce,123,Edema,T2_2016,out_of_sample_prospective,offset,0.003174520003343604,0.021601605228812236,0.0016734505525585008,0.0027325365247685566,0.8780535016065968,0.10228325743271047,0.535951873791752,-1.388760298609299,3987,13,0.0032605969400551793,1091.304347826087
densenet121,weighted_bce,123,Edema,T2_2016,out_of_sample_prospective,platt,0.003237894021635745,0.02027679369236852,0.002987838117756157,0.0010939933060511203,0.8780535016065968,0.10228325743271047,2.8812472592864267,11.34706169038196,3987,13,0.0032605969400551793,1091.304347826087
densenet121,weighted_bce,123,Edema,T2_2016,out_of_sample_prospective,analytic_weight,0.003182487632743314,0.02499578476829143,0.0028389362526644174,0.002831846491832665,0.8780535016065968,0.10228325743271047,0.535840864119701,-0.6182915828475943,3987,13,0.0032605969400551793,1091.304347826087
densenet121,weighted_bce,123,Edema,T3_2017,out_of_sample_prospective,raw,0.03617418688027845,0.12535379130789379,0.07808845232365365,0.07808845232365363,,,,,2436,0,0.0,1091.304347826087
densenet121,weighted_bce,123,Edema,T3_2017,out_of_sample_prospective,temperature,0.03619699548508476,0.12585512254985443,0.0793073292791831,0.0793073292791831,,,,,2436,0,0.0,1091.304347826087
densenet121,weighted_bce,123,Edema,T3_2017,out_of_sample_prospective,offset,0.00011242676108341273,0.001486294671272019,0.0014199081127061165,0.0014199081127061165,,,,,2436,0,0.0,1091.304347826087
densenet121,weighted_bce,123,Edema,T3_2017,out_of_sample_prospective,platt,5.788737718718853e-06,0.002173103315587379,0.002170202302519379,0.002170202302519379,,,,,2436,0,0.0,1091.304347826087
densenet121,weighted_bce,123,Edema,T3_2017,out_of_sample_prospective,analytic_weight,9.323658319551459e-06,0.00036588638091148736,0.0003609733556415446,0.0003609733556415446,,,,,2436,0,0.0,1091.304347826087
densenet121,weighted_bce,2026,Edema,T1_2015,out_of_sample_cross_fitted,raw,0.13343812396491386,0.4375671847913533,0.2584438532776838,0.2584438532776838,0.6160666666666667,0.009194955019308832,0.3978709588916985,-5.817844367910695,1879,4,0.0021287919105907396,1091.304347826087
densenet121,weighted_bce,2026,Edema,T1_2015,out_of_sample_cross_fitted,temperature,0.13481763855632212,0.44143863197301775,0.27004080361817,0.27004080361817,0.6449333333333334,0.011664053041568655,0.47198887645771276,-5.822279949500309,1879,4,0.0021287919105907396,1091.304347826087
densenet121,weighted_bce,2026,Edema,T1_2015,out_of_sample_cross_fitted,offset,0.002146844173718363,0.01675263726589235,0.002017731052816968,7.460237269360341e-05,0.5353333333333333,0.007037194806782438,0.3032997948973756,-3.9207247763219537,1879,4,0.0021287919105907396,1091.304347826087
densenet121,weighted_bce,2026,Edema,T1_2015,out_of_sample_cross_fitted,platt,0.04235083411764923,0.13888640193558402,0.07257626818643897,0.0704590190163979,0.5196000000000001,0.024310092678717515,0.1775796955449584,-5.297581361819908,1879,4,0.0021287919105907396,1091.304347826087
densenet121,weighted_bce,2026,Edema,T1_2015,out_of_sample_cross_fitted,analytic_weight,0.0021254614919460554,0.016273565749031427,0.0014932525295280662,0.0009914761430923583,0.6160666666666667,0.009194955019308832,0.41621036089849744,-2.9119923501700002,1879,4,0.0021287919105907396,1091.304347826087
densenet121,weighted_bce,2026,Edema,T2_2016,out_of_sample_prospective,raw,0.15411948794541158,0.4952305818104919,0.28455706500271205,0.28455706500271205,0.8611939142890326,0.013607069976086541,0.6391244298801613,-5.604168254086524,3987,13,0.0032605969400551793,1091.304347826087
densenet121,weighted_bce,2026,Edema,T2_2016,out_of_sample_prospective,temperature,0.1538413377501751,0.4904452223135236,0.2940325672987728,0.2940325672987728,0.8611939142890326,0.013607069976086541,0.690842957522064,-5.608058406936047,3987,13,0.0032605969400551793,1091.304347826087
densenet121,weighted_bce,2026,Edema,T2_2016,out_of_sample_prospective,offset,0.0032815792906411953,0.020325201505119052,0.0023157458281793286,0.0009863078882841733,0.8611939142890326,0.013607069976086541,0.6386483936459856,-1.5403069345143559,3987,13,0.0032605969400551793,1091.304347826087
densenet121,weighted_bce,2026,Edema,T2_2016,out_of_sample_prospective,platt,0.0032390681732999563,0.020095481949903314,0.0024477000059377743,0.0009169366370065731,0.8611939142890326,0.013607069976086541,1.6045420057924111,3.729511341907043,3987,13,0.0032605969400551793,1091.304347826087
densenet121,weighted_bce,2026,Edema,T2_2016,out_of_sample_prospective,analytic_weight,0.0032551850629603243,0.021155192797661603,0.0019945644606546354,0.0018520138313295512,0.8611939142890326,0.013607069976086541,0.6362457873101736,-1.1552772568570218,3987,13,0.0032605969400551793,1091.304347826087
densenet121,weighted_bce,2026,Edema,T3_2017,out_of_sample_prospective,raw,0.14672956921288013,0.4681847525946455,0.27760315043595646,0.2776031504359565,,,,,2436,0,0.0,1091.304347826087
densenet121,weighted_bce,2026,Edema,T3_2017,out_of_sample_prospective,temperature,0.14642924180248265,0.4652701763247318,0.2872448821383114,0.2872448821383114,,,,,2436,0,0.0,1091.304347826087
densenet121,weighted_bce,2026,Edema,T3_2017,out_of_sample_prospective,offset,5.576270574937174e-05,0.0023176375139619897,0.0022882773629606967,0.002288277362960697,,,,,2436,0,0.0,1091.304347826087
densenet121,weighted_bce,2026,Edema,T3_2017,out_of_sample_prospective,platt,8.561459709499652e-06,0.00225565115517564,0.00225135294554892,0.0022513529455489194,,,,,2436,0,0.0,1091.304347826087
densenet121,weighted_bce,2026,Edema,T3_2017,out_of_sample_prospective,analytic_weight,1.6788192781030254e-05,0.001234438363197757,0.0012257911655098744,0.0012257911655098742,,,,,2436,0,0.0,1091.304347826087
densenet121,weighted_bce,ensemble,Edema,T1_2015,out_of_sample_cross_fitted,raw,0.038297537728660826,0.15826828159788262,0.11839686574699383,0.11839686574699383,0.6034666666666667,0.009122986518591027,0.39643892667752223,-5.278455728370487,1879,4,0.0021287919105907396,1091.304347826087
densenet121,weighted_bce,ensemble,Edema,T1_2015,out_of_sample_cross_fitted,temperature,0.03791573943955679,0.1602938376960411,0.12118520296543644,0.12118520296543644,0.6241333333333333,0.009329597007032928,0.43997822064431746,-5.223561923087445,1879,4,0.0021287919105907396,1091.304347826087
densenet121,weighted_bce,ensemble,Edema,T1_2015,out_of_sample_cross_fitted,offset,0.002334216603742197,0.018902870608558393,0.0022815131231502758,0.0015583076934787062,0.5053333333333333,0.005386492151297351,0.18486445331661472,-4.656765849757831,1879,4,0.0021287919105907396,1091.304347826087
densenet121,weighted_bce,ensemble,Edema,T1_2015,out_of_sample_cross_fitted,platt,0.011102986662191679,0.05002399208754382,0.033195137690808514,0.03113651772788529,0.5190666666666667,0.029011064247051258,0.299233054455491,-4.672522844229716,1879,4,0.0021287919105907396,1091.304347826087
densenet121,weighted_bce,ensemble,Edema,T1_2015,out_of_sample_cross_fitted,analytic_weight,0.0021325869491137283,0.017954682297008747,0.0017020624496235552,0.0014875529666581165,0.5976,0.007570347511069368,0.336880803414735,-3.2055566331464527,1879,4,0.0021287919105907396,1091.304347826087
densenet121,weighted_bce,ensemble,Edema,T2_2016,out_of_sample_prospective,raw,0.040465353493799865,0.16637484803989885,0.12776005402061053,0.1277600540206105,0.8898803762920522,0.08140134759536055,1.0150868722815933,-4.316860522567465,3987,13,0.0032605969400551793,1091.304347826087
densenet121,weighted_bce,ensemble,Edema,T2_2016,out_of_sample_prospective,temperature,0.03980228471094906,0.16769714075127432,0.12975226597746464,0.12975226597746464,0.8894738879640741,0.11983493652680006,1.023270846447104,-4.315073178732453,3987,13,0.0032605969400551793,1091.304347826087
densenet121,weighted_bce,ensemble,Edema,T2_2016,out_of_sample_prospective,offset,0.0031729320722287025,0.018988463187768475,0.0015176243844144618,0.0015752269066121411,0.8888544771785839,0.07109261327222345,0.7309155103810419,-0.7383873797719946,3987,13,0.0032605969400551793,1091.304347826087
densenet121,weighted_bce,ensemble,Edema,T2_2016,out_of_sample_prospective,platt,0.003234484304312369,0.019904260927972216,0.003310065590614742,0.0010236628597083911,0.8936936239402269,0.07061191871872319,2.775017814116021,10.526826415835377,3987,13,0.0032605969400551793,1091.304347826087
densenet121,weighted_bce,ensemble,Edema,T2_2016,out_of_sample_prospective,analytic_weight,0.003219268320277466,0.021980184201730722,0.0026606276522657094,0.00260567376637691,0.8720142464480662,0.09650123954230529,0.7172168962971774,-0.0715289102365704,3987,13,0.0032605969400551793,1091.304347826087
densenet121,weighted_bce,ensemble,Edema,T3_2017,out_of_sample_prospective,raw,0.037833331414553854,0.1578775606951863,0.12735066865610536,0.12735066865610536,,,,,2436,0,0.0,1091.304347826087
densenet121,weighted_bce,ensemble,Edema,T3_2017,out_of_sample_prospective,temperature,0.037084109694694604,0.15900994656711093,0.12930032783910506,0.129300327839105,,,,,2436,0,0.0,1091.304347826087
densenet121,weighted_bce,ensemble,Edema,T3_2017,out_of_sample_prospective,offset,4.956353657887449e-05,0.0015922876763039043,0.0015650326392620353,0.0015650326392620353,,,,,2436,0,0.0,1091.304347826087
densenet121,weighted_bce,ensemble,Edema,T3_2017,out_of_sample_prospective,platt,6.164731884171591e-06,0.002204345339193946,0.0022012553467044044,0.0022012553467044044,,,,,2436,0,0.0,1091.304347826087
densenet121,weighted_bce,ensemble,Edema,T3_2017,out_of_sample_prospective,analytic_weight,3.873141488185132e-06,0.0005498674566823634,0.0005479017051198143,0.0005479017051198142,,,,,2436,0,0.0,1091.304347826087
densenet121,weighted_bce,42,Pleural Effusion,T1_2015,out_of_sample_cross_fitted,raw,0.07286331717909499,0.25900100958992517,0.12670912030310522,0.12670912030310524,0.9325473839518783,0.4857595590283572,0.7876302814168819,-2.355410830689602,1879,99,0.05268759978712081,21.511648745519715
densenet121,weighted_bce,42,Pleural Effusion,T1_2015,out_of_sample_cross_fitted,temperature,0.07258753090656497,0.25876303945497214,0.11987790692998297,0.11987790692998299,0.932635342185904,0.4778773967179408,0.7290546176240443,-2.3554594863865463,1879,99,0.05268759978712081,21.511648745519715
densenet121,weighted_bce,42,Pleural Effusion,T1_2015,out_of_sample_cross_fitted,offset,0.0368569554544059,0.1304627762301809,0.009422768524534442,0.015273089526757183,0.931511746680286,0.47479294997722465,0.7792878637835094,-0.38644976926275804,1879,99,0.05268759978712081,21.511648745519715
densenet121,weighted_bce,42,Pleural Effusion,T1_2015,out_of_sample_cross_fitted,platt,0.036302512027310135,0.12789351549395356,0.0063712307269926105,0.008549017235279224,0.9310407445238906,0.4668893438864748,0.9807831843313705,-0.022739028301984012,1879,99,0.05268759978712081,21.511648745519715
densenet121,weighted_bce,42,Pleural Effusion,T1_2015,out_of_sample_cross_fitted,analytic_weight,0.03698192904565834,0.13299815208749713,0.014249451004890723,0.022472515795227112,0.9325473839518783,0.4857595590283572,0.7879157221117833,0.06218967403321891,1879,99,0.05268759978712081,21.511648745519715
densenet121,weighted_bce,42,Pleural Effusion,T2_2016,out_of_sample_prospective,raw,0.08744574835418666,0.3059898443654762,0.14559385283430054,0.14559385283430054,0.892902264335602,0.3379939561643522,0.6564279754724478,-2.587703731036368,3987,177,0.04439428141459744,21.511648745519715
densenet121,weighted_bce,42,Pleural Effusion,T2_2016,out_of_sample_prospective,temperature,0.08736401705494301,0.30793509931802515,0.1388029651297368,0.1388029651297368,0.892902264335602,0.3379939561643522,0.6106426373422997,-2.5866141522736346,3987,177,0.04439428141459744,21.511648745519715
densenet121,weighted_bce,42,Pleural Effusion,T2_2016,out_of_sample_prospective,offset,0.03846266433988368,0.1398135774573224,0.019562068614500036,0.01984013091185406,0.892902264335602,0.3379939561643522,0.6562165853369236,-0.9422820890053819,3987,177,0.04439428141459744,21.511648745519715
densenet121,weighted_bce,42,Pleural Effusion,T2_2016,out_of_sample_prospective,platt,0.03613514612831329,0.13176816395595078,0.012376390463702038,0.01216623273848484,0.892902264335602,0.3379939561643522,0.832988945681477,-0.6247536741505191,3987,177,0.04439428141459744,21.511648745519715
densenet121,weighted_bce,42,Pleural Effusion,T2_2016,out_of_sample_prospective,analytic_weight,0.036670682607966285,0.13802958622795347,0.014806063199394467,0.019928897795201145,0.892902264335602,0.3379939561643522,0.6564107433954063,-0.5730112756724927,3987,177,0.04439428141459744,21.511648745519715
densenet121,weighted_bce,42,Pleural Effusion,T3_2017,out_of_sample_prospective,raw,0.08377824069617194,0.2926026858543997,0.1486729627897604,0.1486729627897604,0.8779418019866391,0.33400126289769033,0.67959780324876,-2.8105306513246644,2436,85,0.03489326765188834,21.511648745519715
densenet121,weighted_bce,42,Pleural Effusion,T3_2017,out_of_sample_prospective,temperature,0.08362503450584155,0.2934018391265092,0.14169234899319508,0.14169234899319508,0.8779418019866391,0.33400126289769033,0.632049693165727,-2.8105415450096465,2436,85,0.03489326765188834,21.511648745519715
densenet121,weighted_bce,42,Pleural Effusion,T3_2017,out_of_sample_prospective,offset,0.031026824054731273,0.11837741494707435,0.019661926831735156,0.016796878810338957,0.8779418019866391,0.33400126289769033,0.679694160132054,-1.1059145716888754,2436,85,0.03489326765188834,21.511648745519715
densenet121,weighted_bce,42,Pleural Effusion,T3_2017,out_of_sample_prospective,platt,0.029116155748826044,0.11232405987547968,0.016034417297079974,0.015553041864424516,0.8779418019866391,0.33400126289769033,0.8624345818753704,-0.7794173841383535,2436,85,0.03489326765188834,21.511648745519715
densenet121,weighted_bce,42,Pleural Effusion,T3_2017,out_of_sample_prospective,analytic_weight,0.029099073051232306,0.1140363503682755,0.011359139558007826,0.011411188216618913,0.8779418019866391,0.33400126289769033,0.6795811163910117,-0.7242571920807817,2436,85,0.03489326765188834,21.511648745519715
densenet121,weighted_bce,123,Pleural Effusion,T1_2015,out_of_sample_cross_fitted,raw,0.1008612963741467,0.3430124654160074,0.1952576207033744,0.1952576207033744,0.9413602315287709,0.5235683328695443,0.9660548592944048,-2.887888201299271,1879,99,0.05268759978712081,21.511648745519715
densenet121,weighted_bce,123,Pleural Effusion,T1_2015,out_of_sample_cross_fitted,temperature,0.09999570753850698,0.3421917946653288,0.18523367141914207,0.18523367141914207,0.941283622744297,0.5205324980499434,0.8706265261419631,-2.890071503441536,1879,99,0.05268759978712081,21.511648745519715
densenet121,weighted_bce,123,Pleural Effusion,T1_2015,out_of_sample_cross_fitted,offset,0.03409103904408164,0.1192100257792338,0.007572028511060706,0.01014706758359294,0.9410055612302803,0.5195957090093982,0.9612120637623525,-0.059682008265654396,1879,99,0.05268759978712081,21.511648745519715
densenet121,weighted_bce,123,Pleural Effusion,T1_2015,out_of_sample_cross_fitted,platt,0.034267979592944975,0.11999726723095373,0.007763069103451616,0.00810933416806451,0.9404324140279197,0.50546177555764,0.9893701371069105,-0.004307450978837425,1879,99,0.05268759978712081,21.511648745519715
densenet121,weighted_bce,123,Pleural Effusion,T1_2015,out_of_sample_cross_fitted,analytic_weight,0.03401542300972787,0.11890250924992045,0.007916114949540094,0.013817553033470736,0.9413602315287709,0.5235683328695443,0.9661814788339387,0.07720896360532525,1879,99,0.05268759978712081,21.511648745519715
densenet121,weighted_bce,123,Pleural Effusion,T2_2016,out_of_sample_prospective,raw,0.12504859296905976,0.4142594567987771,0.22134589806712793,0.22134589806712793,0.8950405563711317,0.32798292235544196,0.7541989390168489,-2.99931277623961,3987,177,0.04439428141459744,21.511648745519715
densenet121,weighted_bce,123,Pleural Effusion,T2_2016,out_of_sample_prospective,temperature,0.125104947516468,0.4193791912604125,0.2121115505913107,0.21211155059131076,0.8950405563711317,0.32798292235544196,0.682432291233243,-2.9964853451070605,3987,177,0.04439428141459744,21.511648745519715
densenet121,weighted_bce,123,Pleural Effusion,T2_2016,out_of_sample_prospective,offset,0.037555753757982216,0.13451584747696446,0.015417786287112949,0.013183102624446897,0.8950405563711317,0.32798292235544196,0.7539314660155982,-0.791258439683496,3987,177,0.04439428141459744,21.511648745519715
densenet121,weighted_bce,123,Pleural Effusion,T2_2016,out_of_sample_prospective,platt,0.03721992371322431,0.13353069973382586,0.01477583656607036,0.012625162821676209,0.8950405563711317,0.32798292235544196,0.7803365679181373,-0.7436902843005329,3987,177,0.04439428141459744,21.511648745519715
densenet121,weighted_bce,123,Pleural Effusion,T2_2016,out_of_sample_prospective,analytic_weight,0.037000886903721254,0.13313702264051727,0.012780522595334817,0.01288058625194289,0.8950405563711317,0.32798292235544196,0.7546890337924632,-0.6808407218324357,3987,177,0.04439428141459744,21.511648745519715
densenet121,weighted_bce,123,Pleural Effusion,T3_2017,out_of_sample_prospective,raw,0.11830212868876837,0.3912737511777434,0.21808778807888865,0.21808778807888865,0.8760602497060075,0.30820744264734146,0.771185306219047,-3.168710231829382,2436,85,0.03489326765188834,21.511648745519715
densenet121,weighted_bce,123,Pleural Effusion,T3_2017,out_of_sample_prospective,temperature,0.11814249865692805,0.39394132942529103,0.2083083986135908,0.20830839861359077,0.8760602497060075,0.30820744264734146,0.698289511784896,-3.16700623591856,2436,85,0.03489326765188834,21.511648745519715
densenet121,weighted_bce,123,Pleural Effusion,T3_2017,out_of_sample_prospective,offset,0.029920842102740257,0.11503314214334866,0.018982688385720797,0.014131958938444086,0.8760602497060075,0.30820744264734146,0.7719784290010385,-0.9059064230412524,2436,85,0.03489326765188834,21.511648745519715
densenet121,weighted_bce,123,Pleural Effusion,T3_2017,out_of_sample_prospective,platt,0.029674699289316004,0.11431527155824528,0.01861072482264335,0.014246323900779722,0.8760602497060075,0.30820744264734146,0.7978343587887815,-0.8619206202076318,2436,85,0.03489326765188834,21.511648745519715
densenet121,weighted_bce,123,Pleural Effusion,T3_2017,out_of_sample_prospective,analytic_weight,0.029350116462841094,0.11333007374091557,0.01533638592035547,0.01118396678207027,0.8760602497060075,0.30820744264734146,0.7710331701252789,-0.8000820287722215,2436,85,0.03489326765188834,21.511648745519715
densenet121,weighted_bce,2026,Pleural Effusion,T1_2015,out_of_sample_cross_fitted,raw,0.15067793527977505,0.4918580234670624,0.2671625191763233,0.2671625191763233,0.8442515038020656,0.17350503714228482,0.7127615332104342,-2.762649529133032,1879,99,0.05268759978712081,21.511648745519715
densenet121,weighted_bce,2026,Pleural Effusion,T1_2015,out_of_sample_cross_fitted,temperature,0.15239399511646368,0.4982582067404555,0.2746774643885607,0.2746774643885607,0.8431279082964475,0.1731389176052782,0.7201162219059895,-2.7722499928319775,1879,99,0.05268759978712081,21.511648745519715
densenet121,weighted_bce,2026,Pleural Effusion,T1_2015,out_of_sample_cross_fitted,offset,0.0501292791820399,0.1784642087464672,0.030320284974391064,0.03007465397751731,0.8433832709113609,0.1726061544651089,0.7056978478107688,-0.6451733392203471,1879,99,0.05268759978712081,21.511648745519715
densenet121,weighted_bce,2026,Pleural Effusion,T1_2015,out_of_sample_cross_fitted,platt,0.04746303702961026,0.17423481861797765,0.02335985608353315,0.015031451190375246,0.8411644535240042,0.16910726371265136,0.9736631772630141,-0.06805661586234354,1879,99,0.05268759978712081,21.511648745519715
densenet121,weighted_bce,2026,Pleural Effusion,T1_2015,out_of_sample_cross_fitted,analytic_weight,0.049626574601019414,0.17786805519240448,0.03181186798606078,0.028447851331229453,0.8442515038020656,0.17350503714228482,0.7127653779981424,-0.575314144184377,1879,99,0.05268759978712081,21.511648745519715
densenet121,weighted_bce,2026,Pleural Effusion,T2_2016,out_of_sample_prospective,raw,0.1736386245536902,0.5491468339426686,0.30017133825656817,0.3001713382565682,0.8148635022317126,0.14289269690143622,0.6744170234026856,-3.0372829097973852,3987,177,0.04439428141459744,21.511648745519715
densenet121,weighted_bce,2026,Pleural Effusion,T2_2016,out_of_sample_prospective,temperature,0.17369991985238545,0.5462532806706947,0.30553024461114947,0.3055302446111495,0.8148635022317126,0.14289269690143622,0.7108286741382538,-3.0370997812368827,3987,177,0.04439428141459744,21.511648745519715
densenet121,weighted_bce,2026,Pleural Effusion,T2_2016,out_of_sample_prospective,offset,0.04440130339922438,0.16404657723967098,0.02443405418427965,0.022968529966196867,0.8148635022317126,0.14289269690143622,0.6745225898388423,-1.0157437812174348,3987,177,0.04439428141459744,21.511648745519715
densenet121,weighted_bce,2026,Pleural Effusion,T2_2016,out_of_sample_prospective,platt,0.04107930900169531,0.15833029927768985,0.01731868779554436,0.013195209795432055,0.8148635022317126,0.14289269690143622,0.9460906958666726,-0.4237512869031097,3987,177,0.04439428141459744,21.511648745519715
densenet121,weighted_bce,2026,Pleural Effusion,T2_2016,out_of_sample_prospective,analytic_weight,0.043863266461625715,0.1631227859694816,0.023623377223134023,0.021734935106886663,0.8148635022317126,0.14289269690143622,0.6742777901640898,-0.9676620581262237,3987,177,0.04439428141459744,21.511648745519715
densenet121,weighted_bce,2026,Pleural Effusion,T3_2017,out_of_sample_prospective,raw,0.17411615384940946,0.546240340286929,0.30144173438711397,0.301441734387114,0.7632897140140616,0.09173349419800168,0.5509723315430999,-3.1869493979726222,2436,85,0.03489326765188834,21.511648745519715
densenet121,weighted_bce,2026,Pleural Effusion,T3_2017,out_of_sample_prospective,temperature,0.17402827895521544,0.5433907067977848,0.30693617128508627,0.3069361712850862,0.7632897140140616,0.09173349419800168,0.5801320433622248,-3.1869444227186956,2436,85,0.03489326765188834,21.511648745519715
densenet121,weighted_bce,2026,Pleural Effusion,T3_2017,out_of_sample_prospective,offset,0.038690014792284615,0.15177833647446967,0.027143016964795867,0.023891904491993136,0.7632897140140616,0.09173349419800168,0.5513504740318071,-1.5337053364224047,2436,85,0.03489326765188834,21.511648745519715
densenet121,weighted_bce,2026,Pleural Effusion,T3_2017,out_of_sample_prospective,platt,0.0350291502965897,0.14420749196915178,0.02157685449801857,0.019868441890850238,0.7632897140140616,0.09173349419800168,0.7731397188833071,-1.0502928369372193,2436,85,0.03489326765188834,21.511648745519715
densenet121,weighted_bce,2026,Pleural Effusion,T3_2017,out_of_sample_prospective,analytic_weight,0.038041215292713454,0.15046170176980164,0.027097235400161256,0.02273673078620444,0.7632897140140616,0.09173349419800168,0.5518940691773602,-1.4920743855768872,2436,85,0.03489326765188834,21.511648745519715
densenet121,weighted_bce,ensemble,Pleural Effusion,T1_2015,out_of_sample_cross_fitted,raw,0.09204396362495829,0.31887402050643904,0.19637642006093428,0.1963764200609343,0.9327942344796278,0.4553783696655403,1.272911207120157,-2.573997989001193,1879,99,0.05268759978712081,21.511648745519715
densenet121,weighted_bce,ensemble,Pleural Effusion,T1_2015,out_of_sample_cross_fitted,temperature,0.09107673122932744,0.3160858267169038,0.19326301424589526,0.1932630142458953,0.9331120190670752,0.45220225957498567,1.2479580213043369,-2.578350464173281,1879,99,0.05268759978712081,21.511648745519715
densenet121,weighted_bce,ensemble,Pleural Effusion,T1_2015,out_of_sample_cross_fitted,offset,0.03542302794258692,0.12548933435263482,0.011705430076863796,0.014029722450303164,0.9295936897060493,0.4829839909405707,1.1376002477171527,0.25141625099816556,1879,99,0.05268759978712081,21.511648745519715
densenet121,weighted_bce,ensemble,Pleural Effusion,T1_2015,out_of_sample_cross_fitted,platt,0.03566888202094342,0.127648709856986,0.018970016798287484,0.01825184705499813,0.9317954829190784,0.4858346786366614,1.342545674014323,0.6764125971747319,1879,99,0.05268759978712081,21.511648745519715
densenet121,weighted_bce,ensemble,Pleural Effusion,T1_2015,out_of_sample_cross_fitted,analytic_weight,0.035931253886652297,0.12681023644247405,0.015097482161095313,0.00814474851507376,0.9280615140165702,0.48186468223811285,1.1287457561345609,0.44810362396001263,1879,99,0.05268759978712081,21.511648745519715
densenet121,weighted_bce,ensemble,Pleural Effusion,T2_2016,out_of_sample_prospective,raw,0.1110711685383671,0.36713358155446196,0.22237036305266555,0.2223703630526656,0.8996737695923603,0.34401329907591705,1.0634253785936694,-2.817627096745195,3987,177,0.04439428141459744,21.511648745519715
densenet121,weighted_bce,ensemble,Pleural Effusion,T2_2016,out_of_sample_prospective,temperature,0.11003450665761037,0.36438808462207717,0.21881492025655014,0.21881492025655017,0.8999332710529828,0.3377627669319806,1.0417888771923252,-2.8152598882750826,3987,177,0.04439428141459744,21.511648745519715
densenet121,weighted_bce,ensemble,Pleural Effusion,T2_2016,out_of_sample_prospective,offset,0.03518117054059009,0.1293335317784309,0.014508525286717066,0.013192167700523408,0.895165858504975,0.33880983659770275,0.965740193615214,-0.3931526758341173,3987,177,0.04439428141459744,21.511648745519715
densenet121,weighted_bce,ensemble,Pleural Effusion,T2_2016,out_of_sample_prospective,platt,0.03445178670519738,0.12893195738862628,0.012567004034375565,0.011932049997889976,0.8978661565609385,0.3440636128363095,1.1400612874262963,-0.04156817038075222,3987,177,0.04439428141459744,21.511648745519715
densenet121,weighted_bce,ensemble,Pleural Effusion,T2_2016,out_of_sample_prospective,analytic_weight,0.034845537958434376,0.12872007657014398,0.009961291572567497,0.007614896068115192,0.892871865593072,0.3338070850040869,0.9559550807478518,-0.22608495012931135,3987,177,0.04439428141459744,21.511648745519715
densenet121,weighted_bce,ensemble,Pleural Effusion,T3_2017,out_of_sample_prospective,raw,0.10787237001541318,0.35715873363970013,0.222734161751921,0.22273416175192098,0.8691420421848024,0.3239694337679814,1.0483513451757105,-2.9638410445959353,2436,85,0.03489326765188834,21.511648745519715
densenet121,weighted_bce,ensemble,Pleural Effusion,T3_2017,out_of_sample_prospective,temperature,0.1067386255932643,0.3539749233093686,0.21897897301685243,0.21897897301685237,0.8695023394300299,0.3193305597196188,1.0289382756780048,-2.961548894578551,2436,85,0.03489326765188834,21.511648745519715
densenet121,weighted_bce,ensemble,Pleural Effusion,T3_2017,out_of_sample_prospective,offset,0.028858674196625918,0.1148051412112638,0.01832486186880001,0.016377805475656353,0.8653989541371632,0.32292353354686415,0.9423123478276847,-0.6012894679762176,2436,85,0.03489326765188834,21.511648745519715
densenet121,weighted_bce,ensemble,Pleural Effusion,T3_2017,out_of_sample_prospective,platt,0.02811589343379199,0.11360732745168006,0.017609877206674934,0.017638158780803267,0.8682713238421698,0.3193912954964228,1.127966346978137,-0.22882829401108193,2436,85,0.03489326765188834,21.511648745519715
densenet121,weighted_bce,ensemble,Pleural Effusion,T3_2017,out_of_sample_prospective,analytic_weight,0.028410847524386853,0.11339571658588365,0.01259110045853669,0.009720891087001714,0.8622963945254836,0.31627124082080826,0.9291819305427974,-0.44513643458325036,2436,85,0.03489326765188834,21.511648745519715
densenet121,weighted_bce,42,Pneumonia,T1_2015,out_of_sample_cross_fitted,raw,0.08474760212803749,0.2847238699671919,0.13933976165083858,0.13786340517728454,0.8304920721705851,0.23966962729603491,0.5671417731476233,-2.902576815785679,1879,50,0.026609898882384245,54.094298245614034
densenet121,weighted_bce,42,Pneumonia,T1_2015,out_of_sample_cross_fitted,temperature,0.08450694482856326,0.28332405503951485,0.14783408675813464,0.14681874680900558,0.8304702022963367,0.2438011869480939,0.6271457984716076,-2.904546528989817,1879,50,0.026609898882384245,54.094298245614034
densenet121,weighted_bce,42,Pneumonia,T1_2015,out_of_sample_cross_fitted,offset,0.025066501977755173,0.10930235338383291,0.01715312251659687,0.017099886661894142,0.8284472389283761,0.2316169147102165,0.5593795093097582,-1.055461643762694,1879,50,0.026609898882384245,54.094298245614034
densenet121,weighted_bce,42,Pneumonia,T1_2015,out_of_sample_cross_fitted,platt,0.023789163869506344,0.10057894868230265,0.006592202373651317,0.0028956002867147426,0.8261946418808093,0.17917084596086938,0.9589719492638188,-0.09914682516145858,1879,50,0.026609898882384245,54.094298245614034
densenet121,weighted_bce,42,Pneumonia,T1_2015,out_of_sample_cross_fitted,analytic_weight,0.02351744441138696,0.11201097830066171,0.010725326907767296,0.016681791274553406,0.8304920721705851,0.23966962729603491,0.5673216749650324,-0.6357351527476013,1879,50,0.026609898882384245,54.094298245614034
densenet121,weighted_bce,42,Pneumonia,T2_2016,out_of_sample_prospective,raw,0.0795712192254141,0.26761270987118635,0.14006481034163806,0.1400648103416381,0.8698822927328558,0.15085721311615383,0.6361450750254198,-3.197866579233503,3987,79,0.01981439678956609,54.094298245614034
densenet121,weighted_bce,42,Pneumonia,T2_2016,out_of_sample_prospective,temperature,0.07956626225985271,0.26769401179255625,0.1491866558595107,0.1491866558595107,0.8698822927328558,0.15085721311615383,0.7024963335452168,-3.1927339487271915,3987,79,0.01981439678956609,54.094298245614034
densenet121,weighted_bce,42,Pneumonia,T2_2016,out_of_sample_prospective,offset,0.02022424281564033,0.08097048762293513,0.010769881188720276,0.011343676734115368,0.8698822927328558,0.15085721311615383,0.6349305009664927,-1.098500880413711,3987,79,0.01981439678956609,54.094298245614034
densenet121,weighted_bce,42,Pneumonia,T2_2016,out_of_sample_prospective,platt,0.018041837585898248,0.0762332614786007,0.005559323306076468,0.006475805530867835,0.8698822927328558,0.15085721311615383,1.1204282768426579,0.05966697336330866,3987,79,0.01981439678956609,54.094298245614034
densenet121,weighted_bce,42,Pneumonia,T2_2016,out_of_sample_prospective,analytic_weight,0.018807840618022705,0.08155128639644507,0.005635456795269648,0.012326696456733116,0.8698822927328558,0.15085721311615383,0.6352261875631127,-0.6572442370129715,3987,79,0.01981439678956609,54.094298245614034
densenet121,weighted_bce,42,Pneumonia,T3_2017,out_of_sample_prospective,raw,0.08260109172408497,0.27565312755479326,0.1420185409677689,0.14178500075854328,0.874316848281643,0.21450039818932312,0.604800494173074,-3.212197972603401,2436,50,0.020525451559934318,54.094298245614034
densenet121,weighted_bce,42,Pneumonia,T3_2017,out_of_sample_prospective,temperature,0.08236769226930354,0.2749204090064439,0.15080319339970694,0.15080319339970694,0.874316848281643,0.21450039818932312,0.6681808620833545,-3.212374037074799,2436,50,0.020525451559934318,54.094298245614034
densenet121,weighted_bce,42,Pneumonia,T3_2017,out_of_sample_prospective,offset,0.020327196975149567,0.0841771873016894,0.014116418095087268,0.013243001798879226,0.874316848281643,0.21450039818932312,0.604121322659751,-1.2191806642439436,2436,50,0.020525451559934318,54.094298245614034
densenet121,weighted_bce,42,Pneumonia,T3_2017,out_of_sample_prospective,platt,0.01810337144419443,0.07757204758718926,0.007950081604316699,0.006752563065638778,0.874316848281643,0.21450039818932312,1.0660176632929934,-0.11761573606768849,2436,50,0.020525451559934318,54.094298245614034
densenet121,weighted_bce,42,Pneumonia,T3_2017,out_of_sample_prospective,analytic_weight,0.018803633772496473,0.08401018268232896,0.007339591737630713,0.011498646329864236,0.874316848281643,0.21450039818932312,0.6050304547985549,-0.7964158345789686,2436,50,0.020525451559934318,54.094298245614034
densenet121,weighted_bce,123,Pneumonia,T1_2015,out_of_sample_cross_fitted,raw,0.1894552410116325,0.5841261018607258,0.31156183098072543,0.3115618309807254,0.8294641880809186,0.2508898729018384,0.7400732409711372,-3.8177727144143243,1879,50,0.026609898882384245,54.094298245614034
densenet121,weighted_bce,123,Pneumonia,T1_2015,out_of_sample_cross_fitted,temperature,0.18368125152246118,0.5470792257554958,0.3510568865679354,0.3510568865679354,0.8309075997813011,0.24281541295191847,1.2511587346677744,-3.81655476521959,1879,50,0.026609898882384245,54.094298245614034
densenet121,weighted_bce,123,Pneumonia,T1_2015,out_of_sample_cross_fitted,offset,0.023255077360702942,0.10076405193097836,0.00803890353074922,0.008233828584300924,0.8265336249316566,0.23893397997949287,0.7263327051051646,-0.6996007750411186,1879,50,0.026609898882384245,54.094298245614034
densenet121,weighted_bce,123,Pneumonia,T1_2015,out_of_sample_cross_fitted,platt,0.023661965639948292,0.10070810243893522,0.008056766088270623,0.0016426294643227704,0.8171733187534171,0.17877948886487685,0.9424556010144289,-0.13884447662461744,1879,50,0.026609898882384245,54.094298245614034
densenet121,weighted_bce,123,Pneumonia,T1_2015,out_of_sample_cross_fitted,analytic_weight,0.023558288140004054,0.10070868656795408,0.013702298366404405,0.007068582600744232,0.8294641880809186,0.2508898729018384,0.7392982440296963,-0.8650831700639612,1879,50,0.026609898882384245,54.094298245614034
densenet121,weighted_bce,123,Pneumonia,T2_2016,out_of_sample_prospective,raw,0.18969718845150998,0.5816666904489828,0.3143361362866557,0.31433613628665574,0.8650172317738363,0.13019990774958154,0.7769531994641856,-4.151629783214685,3987,79,0.01981439678956609,54.094298245614034
densenet121,weighted_bce,123,Pneumonia,T2_2016,out_of_sample_prospective,temperature,0.18254877799894115,0.5426717920068802,0.35306047768239096,0.35306047768239096,0.8650172317738363,0.13019990774958154,1.3214060339853249,-4.152566280195423,3987,79,0.01981439678956609,54.094298245614034
densenet121,weighted_bce,123,Pneumonia,T2_2016,out_of_sample_prospective,offset,0.018955150709628478,0.07909745840024478,0.008120196660595115,0.005309307234964385,0.8650172317738363,0.13019990774958154,0.7771794723678113,-0.8337467216489759,3987,79,0.01981439678956609,54.094298245614034
densenet121,weighted_bce,123,Pneumonia,T2_2016,out_of_sample_prospective,platt,0.018362312871896602,0.07809414621346543,0.006095135941644635,0.006016474982195272,0.8650172317738363,0.13019990774958154,1.0506136305113427,-0.14176733561727978,3987,79,0.01981439678956609,54.094298245614034
densenet121,weighted_bce,123,Pneumonia,T2_2016,out_of_sample_prospective,analytic_weight,0.019731338354219686,0.0813982611371698,0.01359384868087295,0.011558021120081984,0.8650172317738363,0.13019990774958154,0.777233407556545,-1.0510664434456716,3987,79,0.01981439678956609,54.094298245614034
densenet121,weighted_bce,123,Pneumonia,T3_2017,out_of_sample_prospective,raw,0.18438280977735416,0.5691820322652869,0.30788772357294525,0.3078877235729452,0.8676026823134955,0.15895393032257776,0.7708755989226077,-4.097955190186686,2436,50,0.020525451559934318,54.094298245614034
densenet121,weighted_bce,123,Pneumonia,T3_2017,out_of_sample_prospective,temperature,0.17883340958882424,0.534378182328928,0.3480678571754003,0.3480678571754003,0.8676026823134955,0.15895393032257776,1.3111725402099665,-4.098593728172929,2436,50,0.020525451559934318,54.094298245614034
densenet121,weighted_bce,123,Pneumonia,T3_2017,out_of_sample_prospective,offset,0.01939038364414454,0.08063288272559738,0.010354990707953239,0.008126692154675208,0.8676026823134955,0.15895393032257776,0.7711001163629245,-0.805862957836171,2436,50,0.020525451559934318,54.094298245614034
densenet121,weighted_bce,123,Pneumonia,T3_2017,out_of_sample_prospective,platt,0.018749533309351456,0.07939684247272902,0.007661267201797833,0.005140180632347491,0.8676026823134955,0.15895393032257776,1.0423705765052587,-0.11937419140267105,2436,50,0.020525451559934318,54.094298245614034
densenet121,weighted_bce,123,Pneumonia,T3_2017,out_of_sample_prospective,analytic_weight,0.02022021431774243,0.0827215863378769,0.013937514522149478,0.011166932878663174,0.8676026823134955,0.15895393032257776,0.7711220236024479,-1.0219780210505718,2436,50,0.020525451559934318,54.094298245614034
densenet121,weighted_bce,2026,Pneumonia,T1_2015,out_of_sample_cross_fitted,raw,0.11982514394653149,0.3990210393539822,0.26710362048149167,0.26710362048149167,0.7942700929469657,0.19899148072108205,1.019458846383862,-3.1663269222492345,1879,50,0.026609898882384245,54.094298245614034
densenet121,weighted_bce,2026,Pneumonia,T1_2015,out_of_sample_cross_fitted,temperature,0.11048580624621628,0.3642620745806687,0.20049930404685334,0.2004334127685098,0.7959212684527064,0.19603681310071452,0.6032735352597163,-3.1692141980003954,1879,50,0.026609898882384245,54.094298245614034
densenet121,weighted_bce,2026,Pneumonia,T1_2015,out_of_sample_cross_fitted,offset,0.023875502573121307,0.10331843218641609,0.011156185697531205,0.005207136938419786,0.7904756697648989,0.18988968073975473,1.00033711682756,0.004864395525399453,1879,50,0.026609898882384245,54.094298245614034
densenet121,weighted_bce,2026,Pneumonia,T1_2015,out_of_sample_cross_fitted,platt,0.024457679156561118,0.10554965349178293,0.0086075179804857,0.0026587904057331184,0.7866812465828321,0.16826797457660247,0.9360836075573105,-0.1702875632169235,1879,50,0.026609898882384245,54.094298245614034
densenet121,weighted_bce,2026,Pneumonia,T1_2015,out_of_sample_cross_fitted,analytic_weight,0.024462956814278417,0.10900074936413398,0.015440576666127942,0.015124935898848054,0.7942700929469657,0.19899148072108205,1.0211955177290462,0.9093530980271876,1879,50,0.026609898882384245,54.094298245614034
densenet121,weighted_bce,2026,Pneumonia,T2_2016,out_of_sample_prospective,raw,0.12326139869590456,0.40808604433716555,0.2786422956519651,0.2786422956519651,0.8133235297928301,0.07610594639600389,0.9334099238157612,-3.456548384132433,3987,79,0.01981439678956609,54.094298245614034
densenet121,weighted_bce,2026,Pneumonia,T2_2016,out_of_sample_prospective,temperature,0.11277353214314234,0.3718313915243402,0.21189794691986372,0.21189794691986374,0.8133235297928301,0.07610594639600389,0.5522620918067442,-3.4570183188611625,3987,79,0.01981439678956609,54.094298245614034
densenet121,weighted_bce,2026,Pneumonia,T2_2016,out_of_sample_prospective,offset,0.01944375338365995,0.08674845725367927,0.007363491770018344,0.006313077594939146,0.8133235297928301,0.07610594639600389,0.9331815501957259,-0.5059460294516834,3987,79,0.01981439678956609,54.094298245614034
densenet121,weighted_bce,2026,Pneumonia,T2_2016,out_of_sample_prospective,platt,0.01949526917913709,0.08678214238016248,0.007384955937686139,0.0062729599604166835,0.8133235297928301,0.07610594639600389,0.9152873412451106,-0.5588060026490728,3987,79,0.01981439678956609,54.094298245614034
densenet121,weighted_bce,2026,Pneumonia,T2_2016,out_of_sample_prospective,analytic_weight,0.019135651899424334,0.08803702124588636,0.009296124418244393,0.00985981332990083,0.8133235297928301,0.07610594639600389,0.9341834997952445,0.27292763782313395,3987,79,0.01981439678956609,54.094298245614034
densenet121,weighted_bce,2026,Pneumonia,T3_2017,out_of_sample_prospective,raw,0.12252214031831037,0.40506972028619526,0.2776217159013214,0.27762171590132145,0.7851760268231349,0.1301278259044086,0.9953601741129776,-3.4114031828906763,2436,50,0.020525451559934318,54.094298245614034
densenet121,weighted_bce,2026,Pneumonia,T3_2017,out_of_sample_prospective,temperature,0.11200602919857179,0.3663032671876638,0.21117431375202653,0.21117431375202653,0.7851760268231349,0.1301278259044086,0.5888285421678383,-3.4116746435838197,2436,50,0.020525451559934318,54.094298245614034
densenet121,weighted_bce,2026,Pneumonia,T3_2017,out_of_sample_prospective,offset,0.01920677701388659,0.08748461008976775,0.005979809824802434,0.006351886275843737,0.7851760268231349,0.1301278259044086,1.001713772641057,-0.24065505869395631,2436,50,0.020525451559934318,54.094298245614034
densenet121,weighted_bce,2026,Pneumonia,T3_2017,out_of_sample_prospective,platt,0.01922419295850511,0.0874826453098286,0.006043433288780572,0.006465609226114314,0.7851760268231349,0.1301278259044086,0.9769261601006755,-0.31750281586011403,2436,50,0.020525451559934318,54.094298245614034
densenet121,weighted_bce,2026,Pneumonia,T3_2017,out_of_sample_prospective,analytic_weight,0.01932201523911028,0.08956596458317745,0.008833455920212924,0.009214769946921643,0.7851760268231349,0.1301278259044086,0.9956072819137601,0.5635843582554326,2436,50,0.020525451559934318,54.094298245614034
densenet121,weighted_bce,ensemble,Pneumonia,T1_2015,out_of_sample_cross_fitted,raw,0.11213256071791942,0.37394497849178626,0.2388429522131672,0.23884295221316715,0.8360962274466922,0.24405977365887713,0.9845808422045118,-3.2313734010319606,1879,50,0.026609898882384245,54.094298245614034
densenet121,weighted_bce,ensemble,Pneumonia,T1_2015,out_of_sample_cross_fitted,temperature,0.10687740314165478,0.3615829236436925,0.23276968204848358,0.23276968204848356,0.8381848004373975,0.26232130833867684,0.9927044713381201,-3.178718607001509,1879,50,0.026609898882384245,54.094298245614034
densenet121,weighted_bce,ensemble,Pneumonia,T1_2015,out_of_sample_cross_fitted,offset,0.02281282493818297,0.09637743889702399,0.005843950745425931,0.0049284142700866986,0.8293384363039912,0.26241228429415114,0.9090548281378938,-0.2427211012563393,1879,50,0.026609898882384245,54.094298245614034
densenet121,weighted_bce,ensemble,Pneumonia,T1_2015,out_of_sample_cross_fitted,platt,0.02350655330957994,0.09861084788267134,0.010891587662537689,0.005001673196786345,0.8277200656096226,0.1929132295526604,1.1357032418680586,0.4139068465079455,1879,50,0.026609898882384245,54.094298245614034
densenet121,weighted_bce,ensemble,Pneumonia,T1_2015,out_of_sample_cross_fitted,analytic_weight,0.022627271098260033,0.09669224789663106,0.006850680087633806,0.007803713794501013,0.8341060688901037,0.2757786872306715,0.8874010089788655,-0.027948406360361572,1879,50,0.026609898882384245,54.094298245614034
densenet121,weighted_bce,ensemble,Pneumonia,T2_2016,out_of_sample_prospective,raw,0.11119890933589646,0.3716046144017242,0.24434774742675297,0.24434774742675297,0.8804270370418357,0.12158933051188298,1.0172627630346007,-3.5346484557011766,3987,79,0.01981439678956609,54.094298245614034
densenet121,weighted_bce,ensemble,Pneumonia,T2_2016,out_of_sample_prospective,temperature,0.10568487388556311,0.3585746618381557,0.23804835989489193,0.23804835989489187,0.8782180013733593,0.12180349122856811,1.00882274537081,-3.4621376602765825,3987,79,0.01981439678956609,54.094298245614034
densenet121,weighted_bce,ensemble,Pneumonia,T2_2016,out_of_sample_prospective,offset,0.01853816507089383,0.07647437897304754,0.0055315981727445725,0.0067317618093571795,0.880193825065105,0.13591024007485117,0.9759199179410867,-0.33437716085034025,3987,79,0.01981439678956609,54.094298245614034
densenet121,weighted_bce,ensemble,Pneumonia,T2_2016,out_of_sample_prospective,platt,0.018249904178003613,0.07767219182352979,0.006680789743957735,0.007993187609119077,0.8788593343093686,0.12700972314646966,1.240196674630413,0.3994931626547726,3987,79,0.01981439678956609,54.094298245614034
densenet121,weighted_bce,ensemble,Pneumonia,T2_2016,out_of_sample_prospective,analytic_weight,0.018230824374456327,0.07561967766869467,0.0036456662123165676,0.0034765325467783037,0.8786423176087998,0.13805739147517718,0.943743864154479,-0.13239770514012367,3987,79,0.01981439678956609,54.094298245614034
densenet121,weighted_bce,ensemble,Pneumonia,T3_2017,out_of_sample_prospective,raw,0.11050119932432767,0.36857761124609856,0.2424314800776033,0.2424314800776033,0.8738306789606035,0.2113661506760757,1.0435850497264956,-3.5160700342130187,2436,50,0.020525451559934318,54.094298245614034
densenet121,weighted_bce,ensemble,Pneumonia,T3_2017,out_of_sample_prospective,temperature,0.10543862241809902,0.35689519998109104,0.23668178852742358,0.23668178852742355,0.8718524727577536,0.20936416953314224,1.029242244709387,-3.4465383399685705,2436,50,0.020525451559934318,54.094298245614034
densenet121,weighted_bce,ensemble,Pneumonia,T3_2017,out_of_sample_prospective,offset,0.01842628635960865,0.0780081063408024,0.005729941483053695,0.005397881844628845,0.8699497066219615,0.21439918802567356,0.9607032991147151,-0.36147750952303964,2436,50,0.020525451559934318,54.094298245614034
densenet121,weighted_bce,ensemble,Pneumonia,T3_2017,out_of_sample_prospective,platt,0.018249314331397166,0.07855477494459336,0.006078328982787743,0.00654187737291217,0.8760100586756077,0.20041565817628854,1.2402489146479483,0.41908210403985835,2436,50,0.020525451559934318,54.094298245614034
densenet121,weighted_bce,ensemble,Pneumonia,T3_2017,out_of_sample_prospective,analytic_weight,0.018261562427261457,0.07722265865765532,0.0036048849441312958,0.004883258617085471,0.8740737636211232,0.19900113339202533,0.9240909660179091,-0.1748864017370785,2436,50,0.020525451559934318,54.094298245614034
resnet50,unweighted_bce,42,Cardiomegaly,T1_2015,out_of_sample_cross_fitted,raw,0.054439809312406294,0.1851766578168439,0.013753769544000184,0.01595312029851725,0.8969595921509481,0.465786605653886,0.8539536332328365,-0.3716874924564198,1879,147,0.07823310271420969,1.0
resnet50,unweighted_bce,42,Cardiomegaly,T1_2015,out_of_sample_cross_fitted,temperature,0.05446502782912273,0.18532715781807996,0.014851656440430109,0.017177482782033106,0.8965943190209108,0.46361881558979723,0.8777393012459996,-0.3738239801695987,1879,147,0.07823310271420969,1.0
resnet50,unweighted_bce,42,Cardiomegaly,T1_2015,out_of_sample_cross_fitted,offset,0.054125473409106256,0.18495160052143816,0.007768249715021601,0.014054429402762194,0.8964725613108985,0.459174783712522,0.8493018202617006,-0.2043865756267742,1879,147,0.07823310271420969,1.0
resnet50,unweighted_bce,42,Cardiomegaly,T1_2015,out_of_sample_cross_fitted,platt,0.05423149231465225,0.1848534173855263,0.004868096411120424,0.00945011639544149,0.8952314182023849,0.4448250839976248,0.9834694628583284,-0.0146964915283398,1879,147,0.07823310271420969,1.0
resnet50,unweighted_bce,42,Cardiomegaly,T2_2016,out_of_sample_prospective,raw,0.06905735488809056,0.23347622487029962,0.013411043060137594,0.014462689214674525,0.8821610177941147,0.5115092389691706,0.829726754367534,-0.08149989548019393,3987,422,0.10584399297717582,1.0
resnet50,unweighted_bce,42,Cardiomegaly,T2_2016,out_of_sample_prospective,temperature,0.06898926527428934,0.23247380290452424,0.011149632537414248,0.012574657310894941,0.8821610177941147,0.5115092389691706,0.8551792347831216,-0.08157194899837707,3987,422,0.10584399297717582,1.0
resnet50,unweighted_bce,42,Cardiomegaly,T2_2016,out_of_sample_prospective,offset,0.06945322940486241,0.2364153719727475,0.020553938026166854,0.020561920735979507,0.8821610177941147,0.5115092389691706,0.8298634949639114,0.08184124140762326,3987,422,0.10584399297717582,1.0
resnet50,unweighted_bce,42,Cardiomegaly,T2_2016,out_of_sample_prospective,platt,0.06976432879582312,0.2339750687228405,0.020915734074643238,0.020688894751219686,0.8821610177941147,0.5115092389691706,0.9720475283568857,0.27953697111410764,3987,422,0.10584399297717582,1.0
resnet50,unweighted_bce,42,Cardiomegaly,T3_2017,out_of_sample_prospective,raw,0.06857020006298008,0.23154980780195591,0.013117749783546304,0.018568231444425626,0.8856064165260783,0.5027204924428769,0.8159635316760919,-0.13733188281918499,2436,258,0.10591133004926108,1.0
resnet50,unweighted_bce,42,Cardiomegaly,T3_2017,out_of_sample_prospective,temperature,0.06851611202223643,0.2305938206002664,0.012021882072900917,0.017242940406647575,0.8856064165260783,0.5027204924428769,0.8408769986561105,-0.13726087483341598,2436,258,0.10591133004926108,1.0
resnet50,unweighted_bce,42,Cardiomegaly,T3_2017,out_of_sample_prospective,offset,0.06879110564412352,0.23385341017125133,0.01737085397634827,0.02276015611131938,0.8856064165260783,0.5027204924428769,0.81590711182976,0.023406605128464066,2436,258,0.10591133004926108,1.0
resnet50,unweighted_bce,42,Cardiomegaly,T3_2017,out_of_sample_prospective,platt,0.06905394738237633,0.23125927038841457,0.018874169938126496,0.019322181117207682,0.8856064165260783,0.5027204924428769,0.9555308723006684,0.21777941851880891,2436,258,0.10591133004926108,1.0
resnet50,unweighted_bce,123,Cardiomegaly,T1_2015,out_of_sample_cross_fitted,raw,0.06147161138411847,0.217702923285622,0.04520055846343473,0.05103659370938469,0.8695935649086424,0.33212898821814646,1.36483983277342,-0.13952570925416244,1879,147,0.07823310271420969,1.0
resnet50,unweighted_bce,123,Cardiomegaly,T1_2015,out_of_sample_cross_fitted,temperature,0.058933359627365754,0.2025396039234972,0.010438315050155786,0.016847263960654252,0.8692773876294166,0.3317989621086757,0.9440927635544879,-0.14092695180532597,1879,147,0.07823310271420969,1.0
resnet50,unweighted_bce,123,Cardiomegaly,T1_2015,out_of_sample_cross_fitted,offset,0.06002911369722644,0.20643660393714383,0.022134579654729786,0.025322852323725213,0.8691124255706901,0.3254329108881257,1.3528028081087187,0.6415137832162805,1879,147,0.07823310271420969,1.0
resnet50,unweighted_bce,123,Cardiomegaly,T1_2015,out_of_sample_cross_fitted,platt,0.0596899439723495,0.204049846082776,0.012920335576801986,0.016553645335460356,0.8682090619157594,0.32199540873131216,0.9834587974809129,-0.014788624237148395,1879,147,0.07823310271420969,1.0
resnet50,unweighted_bce,123,Cardiomegaly,T2_2016,out_of_sample_prospective,raw,0.07744740431929152,0.2661395269573389,0.03032961545553089,0.02861463966076232,0.8411125808445723,0.4023942547822925,1.1382531032328165,-0.1407172972382377,3987,422,0.10584399297717582,1.0
resnet50,unweighted_bce,123,Cardiomegaly,T2_2016,out_of_sample_prospective,temperature,0.07637913556765762,0.2656310270457918,0.013830556426920984,0.0176370418707873,0.8411125808445723,0.4023942547822925,0.7879616867292162,-0.14112569196740582,3987,422,0.10584399297717582,1.0
resnet50,unweighted_bce,123,Cardiomegaly,T2_2016,out_of_sample_prospective,offset,0.07817064193734155,0.26470837702786415,0.025378837267038552,0.02078741394162734,0.8411125808445723,0.4023942547822925,1.1382864628260831,0.5177846687346145,3987,422,0.10584399297717582,1.0
resnet50,unweighted_bce,123,Cardiomegaly,T2_2016,out_of_sample_prospective,platt,0.07661826058610212,0.2652461362032396,0.017732766470668127,0.017732766470668123,0.8411125808445723,0.4023942547822925,0.8338389589942038,-0.024506999069151197,3987,422,0.10584399297717582,1.0
resnet50,unweighted_bce,123,Cardiomegaly,T3_2017,out_of_sample_prospective,raw,0.07701538314311616,0.2576325304556754,0.02685278275629087,0.02841936491299875,0.8564165260782597,0.38585500634446945,1.2595401868082574,0.011408272384171553,2436,258,0.10591133004926108,1.0
resnet50,unweighted_bce,123,Cardiomegaly,T3_2017,out_of_sample_prospective,temperature,0.07658796565333863,0.25396543199234056,0.015040522261101866,0.018356991504844784,0.8564165260782597,0.38585500634446945,0.8720922603865405,0.011214490767636772,2436,258,0.10591133004926108,1.0
resnet50,unweighted_bce,123,Cardiomegaly,T3_2017,out_of_sample_prospective,offset,0.07812970920089313,0.2566230572898798,0.025552873616681772,0.024339052973916156,0.8564165260782597,0.38585500634446945,1.259310946398989,0.7393879030913326,2436,258,0.10591133004926108,1.0
resnet50,unweighted_bce,123,Cardiomegaly,T3_2017,out_of_sample_prospective,platt,0.07680232384040449,0.25424418901165685,0.01896249716341199,0.019829350750809435,0.8564165260782597,0.38585500634446945,0.9226625747427717,0.1399199290302379,2436,258,0.10591133004926108,1.0
resnet50,unweighted_bce,2026,Cardiomegaly,T1_2015,out_of_sample_cross_fitted,raw,0.055712776099293176,0.1834192343757322,0.011085156515959994,0.01243693599906733,0.9027332642063753,0.4101584091544215,0.9662129216649146,-0.20404538335822803,1879,147,0.07823310271420969,1.0
resnet50,unweighted_bce,2026,Cardiomegaly,T1_2015,out_of_sample_cross_fitted,temperature,0.05577849689729441,0.18338165813842847,0.01070773031821064,0.012815587691327967,0.9026527470110446,0.41046001277549415,0.9265732711702356,-0.20509710388794677,1879,147,0.07823310271420969,1.0
resnet50,unweighted_bce,2026,Cardiomegaly,T1_2015,out_of_sample_cross_fitted,offset,0.055851144329667944,0.18356622538872922,0.01122554240383086,0.014075427054997985,0.9022403418642284,0.405529411186047,0.9584058527101458,-0.05523652467802998,1879,147,0.07823310271420969,1.0
resnet50,unweighted_bce,2026,Cardiomegaly,T1_2015,out_of_sample_cross_fitted,platt,0.056128067460627686,0.18455877127385756,0.01140605427070224,0.016049305481601432,0.9011955821589606,0.39784780165326716,0.9801342984028514,-0.02676966445829598,1879,147,0.07823310271420969,1.0
resnet50,unweighted_bce,2026,Cardiomegaly,T2_2016,out_of_sample_prospective,raw,0.06611155890251895,0.21592979862134878,0.010636726678142014,0.011456001456500985,0.90351196134084,0.538326859319592,1.05520334663522,0.21571858531016905,3987,422,0.10584399297717582,1.0
resnet50,unweighted_bce,2026,Cardiomegaly,T2_2016,out_of_sample_prospective,temperature,0.06622425372318151,0.21636999212963381,0.013564011153742304,0.014253344234713607,0.90351196134084,0.538326859319592,1.0133493327025895,0.21597052342443626,3987,422,0.10584399297717582,1.0
resnet50,unweighted_bce,2026,Cardiomegaly,T2_2016,out_of_sample_prospective,offset,0.06692749175644216,0.21820483861944245,0.020146948678455873,0.01897889712741047,0.90351196134084,0.538326859319592,1.0555521046377736,0.38575725649323495,3987,422,0.10584399297717582,1.0
resnet50,unweighted_bce,2026,Cardiomegaly,T2_2016,out_of_sample_prospective,platt,0.06708516266959677,0.21845193440411279,0.02043364908750339,0.0190349685176481,0.90351196134084,0.538326859319592,1.0930212912226123,0.4393618263479555,3987,422,0.10584399297717582,1.0
resnet50,unweighted_bce,2026,Cardiomegaly,T3_2017,out_of_sample_prospective,raw,0.06797098311457242,0.2246616686454294,0.012521352894783556,0.012889430635276998,0.8935594493205486,0.5074919402713209,0.9371961040879696,0.0023988389465129634,2436,258,0.10591133004926108,1.0
resnet50,unweighted_bce,2026,Cardiomegaly,T3_2017,out_of_sample_prospective,temperature,0.06810021207797239,0.2254745690497041,0.014215652690026018,0.01562739178175822,0.8935594493205486,0.5074919402713209,0.8993506381580726,0.0021989424008400623,2436,258,0.10591133004926108,1.0
resnet50,unweighted_bce,2026,Cardiomegaly,T3_2017,out_of_sample_prospective,offset,0.06841668715933533,0.2263446432000737,0.018448014832168565,0.016239807316542027,0.8935594493205486,0.5074919402713209,0.9369922381094388,0.15294130245899915,2436,258,0.10591133004926108,1.0
resnet50,unweighted_bce,2026,Cardiomegaly,T3_2017,out_of_sample_prospective,platt,0.06846992334962505,0.22615726417786688,0.019351989727651713,0.01705010233215859,0.8935594493205486,0.5074919402713209,0.9703389578810233,0.20075607893832012,2436,258,0.10591133004926108,1.0
resnet50,unweighted_bce,ensemble,Cardiomegaly,T1_2015,out_of_sample_cross_fitted,raw,0.053822840434577746,0.1862008206921191,0.023813764372254187,0.025540541912942166,0.9039331668002074,0.4373685966147936,1.2950902166110188,0.04434541954585826,1879,147,0.07823310271420969,1.0
resnet50,unweighted_bce,ensemble,Cardiomegaly,T1_2015,out_of_sample_cross_fitted,temperature,0.053391404200592935,0.180427678142927,0.012615541138354832,0.014465288117892878,0.9047697600980346,0.429793585222117,1.1278823051715192,0.05269441909268295,1879,147,0.07823310271420969,1.0
resnet50,unweighted_bce,ensemble,Cardiomegaly,T1_2015,out_of_sample_cross_fitted,offset,0.05395827952151838,0.18221614474991557,0.018621087935789003,0.021192714635890852,0.9041845375563621,0.43278804153553285,1.2478638018995487,0.3967449206882522,1879,147,0.07823310271420969,1.0
resnet50,unweighted_bce,ensemble,Cardiomegaly,T1_2015,out_of_sample_cross_fitted,platt,0.054449509898047595,0.18285041742508581,0.015421556139714552,0.019802542447085646,0.9032851015694962,0.4134336653025794,1.1993702800774848,0.3174359669358128,1879,147,0.07823310271420969,1.0
resnet50,unweighted_bce,ensemble,Cardiomegaly,T2_2016,out_of_sample_prospective,raw,0.06716119458032166,0.22556578166480368,0.020586599809319865,0.02259094665284167,0.8934918872928618,0.5347649412753877,1.2944187403368774,0.3496629935987287,3987,422,0.10584399297717582,1.0
resnet50,unweighted_bce,ensemble,Cardiomegaly,T2_2016,out_of_sample_prospective,temperature,0.06725355885244609,0.22242612721954447,0.01529884919470897,0.014285112444579452,0.8961108193800974,0.5293633515235693,1.1321769625299272,0.3514880570828424,3987,422,0.10584399297717582,1.0
resnet50,unweighted_bce,ensemble,Cardiomegaly,T2_2016,out_of_sample_prospective,offset,0.06864277178821367,0.226231433122947,0.02390189405244813,0.023668114569622697,0.8959227082682477,0.5393121855091227,1.267196855860384,0.7220955859710889,3987,422,0.10584399297717582,1.0
resnet50,unweighted_bce,ensemble,Cardiomegaly,T2_2016,out_of_sample_prospective,platt,0.06867606051270109,0.22569995543401766,0.02279164581869842,0.022008373738023928,0.8959885139222163,0.5305619328643989,1.2253793632873042,0.6369673386807344,3987,422,0.10584399297717582,1.0
resnet50,unweighted_bce,ensemble,Cardiomegaly,T3_2017,out_of_sample_prospective,raw,0.06724905011527696,0.2242181838694818,0.019963343420736374,0.019725268456304988,0.8969380200881258,0.5195589835472363,1.2643744608846172,0.27056909948901176,2436,258,0.10591133004926108,1.0
resnet50,unweighted_bce,ensemble,Cardiomegaly,T3_2017,out_of_sample_prospective,temperature,0.06742038160112473,0.22241866708144076,0.013988034268731936,0.013219441420913382,0.8964219360625281,0.5161677667301874,1.0925176870161437,0.2613667406455043,2436,258,0.10591133004926108,1.0
resnet50,unweighted_bce,ensemble,Cardiomegaly,T3_2017,out_of_sample_prospective,offset,0.06855021162084622,0.22503331865482193,0.02474737790724761,0.02130685150791951,0.8975751169197259,0.5203174333384046,1.2259350824825477,0.6150887750927834,2436,258,0.10591133004926108,1.0
resnet50,unweighted_bce,ensemble,Cardiomegaly,T3_2017,out_of_sample_prospective,platt,0.06868453308591284,0.22522299240522012,0.024522647839004583,0.019565932601678257,0.8964593076643815,0.5155207120651767,1.1830028601023836,0.5378443671634157,2436,258,0.10591133004926108,1.0
resnet50,unweighted_bce,42,Edema,T1_2015,out_of_sample_cross_fitted,raw,0.0021375560869804733,0.017562483069702144,0.0020831696312519224,3.707574364026061e-05,0.5984666666666667,0.011042415632191873,0.24856889250884853,-4.1867183873958425,1879,4,0.0021287919105907396,1.0
resnet50,unweighted_bce,42,Edema,T1_2015,out_of_sample_cross_fitted,temperature,0.002169867573535522,0.01940599417084863,0.0033125193626969067,0.0011105764816444945,0.5024666666666666,0.009877458569415767,0.04745837178419793,-5.784648245635266,1879,4,0.0021287919105907396,1.0
resnet50,unweighted_bce,42,Edema,T1_2015,out_of_sample_cross_fitted,offset,0.0021484906378092038,0.018243921950770927,0.00226574710781816,0.00014121284403645438,0.5602,0.009919025577852472,0.17835669771172954,-4.727679024869317,1879,4,0.0021287919105907396,1.0
resnet50,unweighted_bce,42,Edema,T1_2015,out_of_sample_cross_fitted,platt,0.0021137838393275187,0.018610232580842153,0.00257910293089757,0.00014673967672026783,0.5169999999999999,0.027354571162702113,-0.11002992566005865,-6.964852252441329,1879,4,0.0021287919105907396,1.0
resnet50,unweighted_bce,42,Edema,T2_2016,out_of_sample_prospective,raw,0.003240571803402387,0.01929907686829186,0.0021098461279964106,0.0010840716193657595,0.8795342805156595,0.01893980002633047,0.689202145693284,-1.11629529742357,3987,13,0.0032605969400551793,1.0
resnet50,unweighted_bce,42,Edema,T2_2016,out_of_sample_prospective,temperature,0.0032524058196723407,0.018882165937898775,0.002657842810550993,0.00022926833513071558,0.8795342805156595,0.01893980002633047,0.7816455329676282,-1.0366162531202072,3987,13,0.0032605969400551793,1.0
resnet50,unweighted_bce,42,Edema,T2_2016,out_of_sample_prospective,offset,0.0032410171759513647,0.019281024631274027,0.002133582173418232,0.001045458596471676,0.8795342805156595,0.01893980002633047,0.6893192428884497,-1.1281801439958197,3987,13,0.0032605969400551793,1.0
resnet50,unweighted_bce,42,Edema,T2_2016,out_of_sample_prospective,platt,0.0032391927362690758,0.020111909261240124,0.003142472483882542,0.0010394192294013896,0.8795342805156595,0.01893980002633047,2.7649187736063965,10.450407544841475,3987,13,0.0032605969400551793,1.0
resnet50,unweighted_bce,42,Edema,T3_2017,out_of_sample_prospective,raw,3.790226005340514e-05,0.0020482341560537107,0.0020288513912511477,0.0020288513912511477,,,,,2436,0,0.0,1.0
resnet50,unweighted_bce,42,Edema,T3_2017,out_of_sample_prospective,temperature,7.606506201513136e-05,0.0032432608762508405,0.003204123129740611,0.0032041231297406116,,,,,2436,0,0.0,1.0
resnet50,unweighted_bce,42,Edema,T3_2017,out_of_sample_prospective,offset,3.9237939505469106e-05,0.0020849014435816494,0.002064827780631155,0.002064827780631155,,,,,2436,0,0.0,1.0
resnet50,unweighted_bce,42,Edema,T3_2017,out_of_sample_prospective,platt,6.4340319045923024e-06,0.0021830673788061673,0.0021798421970181696,0.002179842197018169,,,,,2436,0,0.0,1.0
resnet50,unweighted_bce,123,Edema,T1_2015,out_of_sample_cross_fitted,raw,0.00213596768390432,0.016428208837802563,0.0029101237088089453,0.0001855518210657184,0.5302666666666667,0.0036650389925380455,0.10900276001649897,-5.4184510296720685,1879,4,0.0021287919105907396,1.0
resnet50,unweighted_bce,123,Edema,T1_2015,out_of_sample_cross_fitted,temperature,0.0021423128630287448,0.017657472345683593,0.003110183757080434,0.000446587370186516,0.43879999999999997,0.0028577997701541976,-0.19013964731984165,-7.458271360769571,1879,4,0.0021287919105907396,1.0
resnet50,unweighted_bce,123,Edema,T1_2015,out_of_sample_cross_fitted,offset,0.002137442245387268,0.017020668214159984,0.0035270656156455157,0.00018751010140717443,0.48119999999999996,0.0035947968264115507,-0.14846110561930176,-7.207798499386806,1879,4,0.0021287919105907396,1.0
resnet50,unweighted_bce,123,Edema,T1_2015,out_of_sample_cross_fitted,platt,0.00212901883176514,0.017177433883753843,0.002768743937681932,0.00023225721902402812,0.4934666666666667,0.006866246310820573,-0.36030651807952735,-8.54218771243506,1879,4,0.0021287919105907396,1.0
resnet50,unweighted_bce,123,Edema,T2_2016,out_of_sample_prospective,raw,0.003216044434749068,0.018089560043227187,0.0020615937607466432,0.0008159955128073486,0.9208509155665673,0.0314367627470839,1.5453312411671132,3.0552872577850634,3987,13,0.0032605969400551793,1.0
resnet50,unweighted_bce,123,Edema,T2_2016,out_of_sample_prospective,temperature,0.003213691292216959,0.01805075278602751,0.002028976820959794,0.0005143583843266629,0.9208509155665673,0.0314367627470839,1.5905076612504472,3.1002591589939836,3987,13,0.0032605969400551793,1.0
resnet50,unweighted_bce,123,Edema,T2_2016,out_of_sample_prospective,offset,0.0032181931774118845,0.018166593807761183,0.002123873917606009,0.0010118961028132106,0.9208509155665673,0.0314367627470839,1.528846371670007,3.10343574628462,3987,13,0.0032605969400551793,1.0
resnet50,unweighted_bce,123,Edema,T2_2016,out_of_sample_prospective,platt,0.0032481295964489187,0.021514520168256283,0.003914711907915238,0.0011200885302899907,0.9208509155665673,0.0314367627470839,0.9127951845164709,-0.1435235147130643,3987,13,0.0032605969400551793,1.0
resnet50,unweighted_bce,123,Edema,T3_2017,out_of_sample_prospective,raw,1.9110473500558286e-05,0.002393590719588255,0.002383927991789898,0.0023839279917898977,,,,,2436,0,0.0,1.0
resnet50,unweighted_bce,123,Edema,T3_2017,out_of_sample_prospective,temperature,2.309136748635231e-05,0.0026907758919807122,0.0026790923250044514,0.002679092325004451,,,,,2436,0,0.0,1.0
resnet50,unweighted_bce,123,Edema,T3_2017,out_of_sample_prospective,offset,1.6193186043459686e-05,0.002201102454387501,0.00219292198560814,0.00219292198560814,,,,,2436,0,0.0,1.0
resnet50,unweighted_bce,123,Edema,T3_2017,out_of_sample_prospective,platt,4.6420964771503515e-06,0.0021368721327997783,0.002134547652823893,0.002134547652823893,,,,,2436,0,0.0,1.0
resnet50,unweighted_bce,2026,Edema,T1_2015,out_of_sample_cross_fitted,raw,0.002125730260815523,0.018498431353000905,0.0019179617346746667,0.0014482238270739484,0.5404666666666667,0.008251621899480288,0.12144584789514233,-5.1117667803754285,1879,4,0.0021287919105907396,1.0
resnet50,unweighted_bce,2026,Edema,T1_2015,out_of_sample_cross_fitted,temperature,0.002140188330065183,0.01814299097828222,0.0026697091067710925,0.0005608101244156919,0.48373333333333335,0.006815830908969553,-0.17098220908691522,-7.350448050902795,1879,4,0.0021287919105907396,1.0
resnet50,unweighted_bce,2026,Edema,T1_2015,out_of_sample_cross_fitted,offset,0.0021558503952292356,0.01907089085612706,0.0034895554150623166,0.0001826089821989655,0.4792,0.0037750768350755344,-0.08692896402555905,-6.834093116962709,1879,4,0.0021287919105907396,1.0
resnet50,unweighted_bce,2026,Edema,T1_2015,out_of_sample_cross_fitted,platt,0.0021286604896344464,0.018558939298306838,0.0026251302298653644,0.00017440813985486036,0.4346666666666667,0.0036157163383488027,-0.31180681972222823,-8.41902778306702,1879,4,0.0021287919105907396,1.0
resnet50,unweighted_bce,2026,Edema,T2_2016,out_of_sample_prospective,raw,0.003242760558977816,0.020710737723953813,0.002650720354966959,0.0025422128835173837,0.8893383918547482,0.0230783573766872,0.9694865097610998,1.3446479398857043,3987,13,0.0032605969400551793,1.0
resnet50,unweighted_bce,2026,Edema,T2_2016,out_of_sample_prospective,temperature,0.0032203805532697687,0.018436609317060027,0.0013018017264103516,0.0003678973444919526,0.8893383918547482,0.0230783573766872,1.2569373953466347,1.383225500813183,3987,13,0.0032605969400551793,1.0
resnet50,unweighted_bce,2026,Edema,T2_2016,out_of_sample_prospective,offset,0.003225498940176081,0.018503183227104227,0.0013539041147213268,0.0010110017142388864,0.8893383918547482,0.0230783573766872,0.9070090194515924,-0.11329958670443233,3987,13,0.0032605969400551793,1.0
resnet50,unweighted_bce,2026,Edema,T2_2016,out_of_sample_prospective,platt,0.0032467100312898512,0.02125296029992531,0.003339589145068422,0.0011052718493914132,0.8893383918547482,0.0230783573766872,7.9518213263514985,41.96912771366625,3987,13,0.0032605969400551793,1.0
resnet50,unweighted_bce,2026,Edema,T3_2017,out_of_sample_prospective,raw,3.864506197149374e-06,0.000716293088731598,0.0007143435819860515,0.0007143435819860516,,,,,2436,0,0.0,1.0
resnet50,unweighted_bce,2026,Edema,T3_2017,out_of_sample_prospective,temperature,3.262186849973357e-05,0.0028652071175318504,0.00284862040380191,0.00284862040380191,,,,,2436,0,0.0,1.0
resnet50,unweighted_bce,2026,Edema,T3_2017,out_of_sample_prospective,offset,3.654348627070359e-05,0.0022512585221855287,0.002232489071663511,0.002232489071663511,,,,,2436,0,0.0,1.0
resnet50,unweighted_bce,2026,Edema,T3_2017,out_of_sample_prospective,platt,4.828454556764633e-06,0.0021537312188697876,0.0021513132154087084,0.002151313215408708,,,,,2436,0,0.0,1.0
resnet50,unweighted_bce,ensemble,Edema,T1_2015,out_of_sample_cross_fitted,raw,0.002127485458252291,0.016310375103184834,0.0017469167902056698,0.0004332492534664064,0.5556000000000001,0.0075188027722804494,0.2745030746740468,-4.188262753576999,1879,4,0.0021287919105907396,1.0
resnet50,unweighted_bce,ensemble,Edema,T1_2015,out_of_sample_cross_fitted,temperature,0.0021423208430735915,0.017570825425160728,0.002810932326226986,0.0007059913254155673,0.4861333333333333,0.006988478027717097,-0.035563214730688734,-6.391485706696296,1879,4,0.0021287919105907396,1.0
resnet50,unweighted_bce,ensemble,Edema,T1_2015,out_of_sample_cross_fitted,offset,0.0021409273232671786,0.017277225659125334,0.0025010071745811585,4.870465083131256e-05,0.4958666666666667,0.005774843189855244,0.06621957456010193,-5.675872171477289,1879,4,0.0021287919105907396,1.0
resnet50,unweighted_bce,ensemble,Edema,T1_2015,out_of_sample_cross_fitted,platt,0.0021221488519037063,0.01733110656171487,0.003068033424782024,6.819624837956992e-05,0.5004,0.014861133726474669,-0.3682769495895409,-8.707642950145708,1879,4,0.0021287919105907396,1.0
resnet50,unweighted_bce,ensemble,Edema,T2_2016,out_of_sample_prospective,raw,0.003226333062622966,0.01859927735963497,0.002060539821954697,0.0014618667792501044,0.9082691339862956,0.023674191471356444,1.1156489434786134,1.2141186767545962,3987,13,0.0032605969400551793,1.0
resnet50,unweighted_bce,ensemble,Edema,T2_2016,out_of_sample_prospective,temperature,0.003219050283232218,0.018167470311815023,0.0014662722793478155,0.00021766245894035748,0.9076110100267121,0.023784470513843095,1.2209354705702005,1.1256093369189382,3987,13,0.0032605969400551793,1.0
resnet50,unweighted_bce,ensemble,Edema,T2_2016,out_of_sample_prospective,offset,0.003222301159713965,0.018255989764885766,0.0017228469624671608,0.0010035899317357771,0.9086949789013201,0.02378991030405344,1.115904252798933,0.9589088495081136,3987,13,0.0032605969400551793,1.0
resnet50,unweighted_bce,ensemble,Edema,T2_2016,out_of_sample_prospective,platt,0.0032444136126816895,0.020867896140407818,0.003634527445271969,0.0010882598707952999,0.8985521272889165,0.022709899145882007,5.124323113556686,24.763963438146273,3987,13,0.0032605969400551793,1.0
resnet50,unweighted_bce,ensemble,Edema,T3_2017,out_of_sample_prospective,raw,1.4829720007577678e-05,0.0017165418835573439,0.0017090409883423656,0.0017090409883423658,,,,,2436,0,0.0,1.0
resnet50,unweighted_bce,ensemble,Edema,T3_2017,out_of_sample_prospective,temperature,3.592071849003127e-05,0.0029288640797835797,0.002910611961146932,0.002910611961146932,,,,,2436,0,0.0,1.0
resnet50,unweighted_bce,ensemble,Edema,T3_2017,out_of_sample_prospective,offset,2.5068136048190774e-05,0.002176149284385786,0.0021634129420363443,0.0021634129420363443,,,,,2436,0,0.0,1.0
resnet50,unweighted_bce,ensemble,Edema,T3_2017,out_of_sample_prospective,platt,5.054872883188476e-06,0.0021577661247687064,0.0021552343557048543,0.0021552343557048543,,,,,2436,0,0.0,1.0
resnet50,unweighted_bce,42,Pleural Effusion,T1_2015,out_of_sample_cross_fitted,raw,0.03649139621624245,0.1253102050266587,0.014112241180513213,0.016062582839317815,0.9353393485415957,0.44269229199995186,0.9729364639831771,0.36446541722749703,1879,99,0.05268759978712081,1.0
resnet50,unweighted_bce,42,Pleural Effusion,T1_2015,out_of_sample_cross_fitted,temperature,0.03614874039099013,0.12422360733675836,0.008894108750486115,0.012682526855462417,0.9338241970264441,0.4390144437859957,1.108574081221036,0.3438744394839435,1879,99,0.05268759978712081,1.0
resnet50,unweighted_bce,42,Pleural Effusion,T1_2015,out_of_sample_cross_fitted,offset,0.0359262846415948,0.12318553921609418,0.0064769620831365594,0.007130345100932693,0.9347605266144593,0.438181884890414,0.9652509406516492,-0.04405653408199209,1879,99,0.05268759978712081,1.0
resnet50,unweighted_bce,42,Pleural Effusion,T1_2015,out_of_sample_cross_fitted,platt,0.03637447349794317,0.12455210252410509,0.005468865409470735,0.010200982857845388,0.9332113267506527,0.4227655886558985,0.9763365882381911,-0.027144540891672564,1879,99,0.05268759978712081,1.0
resnet50,unweighted_bce,42,Pleural Effusion,T2_2016,out_of_sample_prospective,raw,0.035898468078267645,0.13437747806410066,0.010180582205311485,0.012831399446642553,0.8851505849904355,0.30770643903723605,0.7526701097349178,-0.36628732552901355,3987,177,0.04439428141459744,1.0
resnet50,unweighted_bce,42,Pleural Effusion,T2_2016,out_of_sample_prospective,temperature,0.03585013309150552,0.13186089233928705,0.009980399975601672,0.007394629394228248,0.8851505849904355,0.30770643903723605,0.8680758660448951,-0.3657780916002398,3987,177,0.04439428141459744,1.0
resnet50,unweighted_bce,42,Pleural Effusion,T2_2016,out_of_sample_prospective,offset,0.037222291449095495,0.13537675175911487,0.016563440573763796,0.01602963520276542,0.8851505849904355,0.30770643903723605,0.7524609661413811,-0.6803396714527717,3987,177,0.04439428141459744,1.0
resnet50,unweighted_bce,42,Pleural Effusion,T2_2016,out_of_sample_prospective,platt,0.03702294637245797,0.13474135407306798,0.01600758511098909,0.014632539309547969,0.8851505849904355,0.30770643903723605,0.7738501609208119,-0.6472993426421018,3987,177,0.04439428141459744,1.0
resnet50,unweighted_bce,42,Pleural Effusion,T3_2017,out_of_sample_prospective,raw,0.028463081377151495,0.11525439701362829,0.012041411457212197,0.008625613054980101,0.8596792353691796,0.2940887832192466,0.7261527353227778,-0.6644198209576537,2436,85,0.03489326765188834,1.0
resnet50,unweighted_bce,42,Pleural Effusion,T3_2017,out_of_sample_prospective,temperature,0.028720134513756445,0.11448323622611005,0.014887496575860333,0.010979489634437432,0.8596792353691796,0.2940887832192466,0.8371768764367084,-0.662377160975754,2436,85,0.03489326765188834,1.0
resnet50,unweighted_bce,42,Pleural Effusion,T3_2017,out_of_sample_prospective,offset,0.030207256224173976,0.11910687696277739,0.021409325179790946,0.015700028067905658,0.8596792353691796,0.2940887832192466,0.7267353717842865,-0.9640515724910778,2436,85,0.03489326765188834,1.0
resnet50,unweighted_bce,42,Pleural Effusion,T3_2017,out_of_sample_prospective,platt,0.03002393230116985,0.11846070247563356,0.020879055383291455,0.01577656610180863,0.8596792353691796,0.2940887832192466,0.747248324114184,-0.9316960793017594,2436,85,0.03489326765188834,1.0
resnet50,unweighted_bce,123,Pleural Effusion,T1_2015,out_of_sample_cross_fitted,raw,0.039693770262170434,0.14073637390733912,0.021831023719939432,0.022763262031099338,0.9164056293269777,0.40995431185322956,1.6284813594327165,1.374531075471908,1879,99,0.05268759978712081,1.0
resnet50,unweighted_bce,123,Pleural Effusion,T1_2015,out_of_sample_cross_fitted,temperature,0.04013610697697197,0.14009632645306042,0.020393403246112038,0.018265325195513864,0.9154125524912042,0.4093060916673118,1.4836131870391114,1.3563258886173706,1879,99,0.05268759978712081,1.0
resnet50,unweighted_bce,123,Pleural Effusion,T1_2015,out_of_sample_cross_fitted,offset,0.03965685902581002,0.14123181758920567,0.021270941193448502,0.02193959924708874,0.9152479854727047,0.3964925267038554,1.6122778289864232,1.2551010091679686,1879,99,0.05268759978712081,1.0
resnet50,unweighted_bce,123,Pleural Effusion,T1_2015,out_of_sample_cross_fitted,platt,0.03839528532772893,0.13378037451267727,0.005156881093693039,0.003012245641852141,0.914294631710362,0.38873816204981126,0.9852377535399248,-0.015292362968517057,1879,99,0.05268759978712081,1.0
resnet50,unweighted_bce,123,Pleural Effusion,T2_2016,out_of_sample_prospective,raw,0.03778956367746341,0.14536865536923393,0.00985379407285353,0.009550740322985229,0.8426264513545976,0.2453958936950956,1.1337044125711815,0.08673413112633864,3987,177,0.04439428141459744,1.0
resnet50,unweighted_bce,123,Pleural Effusion,T2_2016,out_of_sample_prospective,temperature,0.0377073338693863,0.14413546331310806,0.006676048350385592,0.001334040198456845,0.8426264513545976,0.2453958936950956,1.0401575994898238,0.08680372053076361,3987,177,0.04439428141459744,1.0
resnet50,unweighted_bce,123,Pleural Effusion,T2_2016,out_of_sample_prospective,offset,0.03787888481345459,0.1460020501516544,0.012446760707569305,0.012268046158904214,0.8426264513545976,0.2453958936950956,1.13494511498673,0.017361194287167186,3987,177,0.04439428141459744,1.0
resnet50,unweighted_bce,123,Pleural Effusion,T2_2016,out_of_sample_prospective,platt,0.040370814190342656,0.1509122554318395,0.01901482195103296,0.018704398584149604,0.8426264513545976,0.2453958936950956,0.696138639676712,-0.8702894954730406,3987,177,0.04439428141459744,1.0
resnet50,unweighted_bce,123,Pleural Effusion,T3_2017,out_of_sample_prospective,raw,0.02931398920469084,0.12075188962717594,0.016688683407894832,0.01786782984329217,0.8424099882402982,0.29056217256657607,1.25035725137181,0.10500835780668163,2436,85,0.03489326765188834,1.0
resnet50,unweighted_bce,123,Pleural Effusion,T3_2017,out_of_sample_prospective,temperature,0.02900035772059713,0.11770170970649696,0.010371348560562026,0.01085552496099798,0.8424099882402982,0.29056217256657607,1.1473357602827985,0.10544277383244556,2436,85,0.03489326765188834,1.0
resnet50,unweighted_bce,123,Pleural Effusion,T3_2017,out_of_sample_prospective,offset,0.02944855671604634,0.12184721748716715,0.019384507278610026,0.02087427650004893,0.8424099882402982,0.29056217256657607,1.2505085873803903,0.025923723042465756,2436,85,0.03489326765188834,1.0
resnet50,unweighted_bce,123,Pleural Effusion,T3_2017,out_of_sample_prospective,platt,0.030896294640534887,0.12338641605595134,0.024810722472193743,0.0184855386703128,0.8424099882402982,0.29056217256657607,0.7664672919330557,-0.9534841817218749,2436,85,0.03489326765188834,1.0
resnet50,unweighted_bce,2026,Pleural Effusion,T1_2015,out_of_sample_cross_fitted,raw,0.035415647340420735,0.12215334225639636,0.01254240788064104,0.011205440094668888,0.9367041198501873,0.48264262460417917,1.1281076288564682,0.5464006061444291,1879,99,0.05268759978712081,1.0
resnet50,unweighted_bce,2026,Pleural Effusion,T1_2015,out_of_sample_cross_fitted,temperature,0.03535553086560614,0.12258573417914263,0.012884443487758176,0.008458827656693972,0.934996027692657,0.47969572574272823,1.1691783937795428,0.5278101294887565,1879,99,0.05268759978712081,1.0
resnet50,unweighted_bce,2026,Pleural Effusion,T1_2015,out_of_sample_cross_fitted,offset,0.034836403229201514,0.12121907085148631,0.006257356198534786,0.008600175727681677,0.9356713199409827,0.47652607300404526,1.1196719555077657,0.2076838379583553,1879,99,0.05268759978712081,1.0
resnet50,unweighted_bce,2026,Pleural Effusion,T1_2015,out_of_sample_cross_fitted,platt,0.03503644919899375,0.12150809721981867,0.004624085008249398,0.009459514603994303,0.9351208716377255,0.4656675621932,0.9831619405157304,-0.013411850455803342,1879,99,0.05268759978712081,1.0
resnet50,unweighted_bce,2026,Pleural Effusion,T2_2016,out_of_sample_prospective,raw,0.03542289515909275,0.1277235389789651,0.010393262335435909,0.00867389481602345,0.8988203805032845,0.31593448099071203,0.8783624997653345,-0.28548419811685827,3987,177,0.04439428141459744,1.0
resnet50,unweighted_bce,2026,Pleural Effusion,T2_2016,out_of_sample_prospective,temperature,0.03541478943704337,0.12760175664962742,0.010603043634628006,0.006228209180988264,0.8988203805032845,0.31593448099071203,0.9196502419773691,-0.2841042629970696,3987,177,0.04439428141459744,1.0
resnet50,unweighted_bce,2026,Pleural Effusion,T2_2016,out_of_sample_prospective,offset,0.03640688010545194,0.1298424104735769,0.014843470152130655,0.01272893357045102,0.8988203805032845,0.31593448099071203,0.8781851144220701,-0.5465628419586764,3987,177,0.04439428141459744,1.0
resnet50,unweighted_bce,2026,Pleural Effusion,T2_2016,out_of_sample_prospective,platt,0.037428036959724235,0.13202684995091468,0.01795058059281945,0.015403310427451274,0.8988203805032845,0.31593448099071203,0.7785932643026076,-0.7097714620102911,3987,177,0.04439428141459744,1.0
resnet50,unweighted_bce,2026,Pleural Effusion,T3_2017,out_of_sample_prospective,raw,0.027329765163340944,0.10745332278771777,0.011005680047171552,0.008182707379274283,0.8804038331623589,0.3601078255854848,0.8924616895379951,-0.43314475239502537,2436,85,0.03489326765188834,1.0
resnet50,unweighted_bce,2026,Pleural Effusion,T3_2017,out_of_sample_prospective,temperature,0.027435826093486698,0.1078447900744446,0.013285125752362396,0.011045447298176162,0.8804038331623589,0.3601078255854848,0.9338068534672479,-0.43564556070682614,2436,85,0.03489326765188834,1.0
resnet50,unweighted_bce,2026,Pleural Effusion,T3_2017,out_of_sample_prospective,offset,0.028419162040782008,0.11080385296243604,0.02019742436618239,0.0176726151140221,0.8804038331623589,0.3601078255854848,0.8916639484680573,-0.7021841262335974,2436,85,0.03489326765188834,1.0
resnet50,unweighted_bce,2026,Pleural Effusion,T3_2017,out_of_sample_prospective,platt,0.029155700798719066,0.11246714788509568,0.020779501996542216,0.016396060979822696,0.8804038331623589,0.3601078255854848,0.7894988798379005,-0.8694193935361314,2436,85,0.03489326765188834,1.0
resnet50,unweighted_bce,ensemble,Pleural Effusion,T1_2015,out_of_sample_cross_fitted,raw,0.03606656817304478,0.12408168017976925,0.01957115002508695,0.016199321654671407,0.94117012824878,0.4744832353251277,1.406105044363499,1.0499380755181298,1879,99,0.05268759978712081,1.0
resnet50,unweighted_bce,ensemble,Pleural Effusion,T1_2015,out_of_sample_cross_fitted,temperature,0.03607993911379757,0.12389637655109823,0.017856437231307355,0.01644174535147088,0.9410225854046079,0.47392089861031744,1.4164315753681131,1.0293157009067355,1879,99,0.05268759978712081,1.0
resnet50,unweighted_bce,ensemble,Pleural Effusion,T1_2015,out_of_sample_cross_fitted,offset,0.0351796892340671,0.1227670006535544,0.014182200056656786,0.01646485575972157,0.9413006469186245,0.46671136808673896,1.3755690474030937,0.6781826184837032,1879,99,0.05268759978712081,1.0
resnet50,unweighted_bce,ensemble,Pleural Effusion,T1_2015,out_of_sample_cross_fitted,platt,0.03506621611189422,0.12024952728691436,0.006917512725893667,0.012281995402529963,0.9400749063670412,0.45192043726204795,1.1484347122776992,0.25354633536794696,1879,99,0.05268759978712081,1.0
resnet50,unweighted_bce,ensemble,Pleural Effusion,T2_2016,out_of_sample_prospective,raw,0.035078581058204265,0.12876965770124915,0.006139789816232854,0.005360155363376589,0.8948159022495069,0.32146384839981035,1.087275987011838,0.12062137754865287,3987,177,0.04439428141459744,1.0
resnet50,unweighted_bce,ensemble,Pleural Effusion,T2_2016,out_of_sample_prospective,temperature,0.03505271568948786,0.12819046362243158,0.005671957283768,0.005834297810603555,0.8969067425893799,0.32254365467140594,1.1011364015690122,0.12028520770993188,3987,177,0.04439428141459744,1.0
resnet50,unweighted_bce,ensemble,Pleural Effusion,T2_2016,out_of_sample_prospective,offset,0.035352606727162075,0.12967656589620427,0.011140625652447934,0.011140625652447934,0.8964099826504737,0.3237779291706015,1.0733334562208405,-0.15514528993673382,3987,177,0.04439428141459744,1.0
resnet50,unweighted_bce,ensemble,Pleural Effusion,T2_2016,out_of_sample_prospective,platt,0.03632696981718052,0.13029731263551125,0.012780901599859267,0.011491753771099233,0.8961742070376797,0.320598964535062,0.8953389680155822,-0.4899408553377768,3987,177,0.04439428141459744,1.0
resnet50,unweighted_bce,ensemble,Pleural Effusion,T3_2017,out_of_sample_prospective,raw,0.027243782080451993,0.10867710653800271,0.010902136651568878,0.013641005520022979,0.8695774013561188,0.3404533330052391,1.0944743806294812,-0.07657094116142524,2436,85,0.03489326765188834,1.0
resnet50,unweighted_bce,ensemble,Pleural Effusion,T3_2017,out_of_sample_prospective,temperature,0.02728313313879021,0.1089031901602949,0.010723620887781192,0.014159250747618559,0.8712187554732655,0.34184936076259015,1.0973830405637057,-0.0957295674404492,2436,85,0.03489326765188834,1.0
resnet50,unweighted_bce,ensemble,Pleural Effusion,T3_2017,out_of_sample_prospective,offset,0.027747823790491292,0.11129108066278487,0.018876815932104028,0.020006205820587125,0.8704881527259989,0.34219223592887393,1.0754884193037986,-0.36310369464172976,2436,85,0.03489326765188834,1.0
resnet50,unweighted_bce,ensemble,Pleural Effusion,T3_2017,out_of_sample_prospective,platt,0.028420482111942282,0.11237220620405479,0.02035186044245591,0.017244439667476328,0.8715540320764631,0.34540395351225506,0.889102801088136,-0.7099210058983352,2436,85,0.03489326765188834,1.0
resnet50,unweighted_bce,42,Pneumonia,T1_2015,out_of_sample_cross_fitted,raw,0.023597987125440395,0.09564326700078288,0.007574659515848428,0.004230456049072317,0.8622744669218152,0.19305838479162699,0.8677227799197661,-0.46400972918536265,1879,50,0.026609898882384245,1.0
resnet50,unweighted_bce,42,Pneumonia,T1_2015,out_of_sample_cross_fitted,temperature,0.02363137591633268,0.09623721370414666,0.0071349200512170925,0.00443307957017469,0.8591580098414434,0.1916540173311774,0.8470729220249864,-0.4982361411690338,1879,50,0.026609898882384245,1.0
resnet50,unweighted_bce,42,Pneumonia,T1_2015,out_of_sample_cross_fitted,offset,0.023812624536021634,0.09650177807975732,0.004535483311907058,0.003963473088105821,0.8600437397484965,0.17772096155888475,0.8447304648931323,-0.39718380943654474,1879,50,0.026609898882384245,1.0
resnet50,unweighted_bce,42,Pneumonia,T1_2015,out_of_sample_cross_fitted,platt,0.024135738263357756,0.09784767507485559,0.006379608296945617,0.004916028369089975,0.8540623291416074,0.14281475211872904,0.9301928690460897,-0.18300775872574315,1879,50,0.026609898882384245,1.0
resnet50,unweighted_bce,42,Pneumonia,T2_2016,out_of_sample_prospective,raw,0.018857760500626257,0.08013220786590307,0.01079376399100438,0.009401637700293387,0.8594541544122412,0.12033235912868005,0.8552564209684635,-0.7959125727341675,3987,79,0.01981439678956609,1.0
resnet50,unweighted_bce,42,Pneumonia,T2_2016,out_of_sample_prospective,temperature,0.018823887141490317,0.07995392613938569,0.010347952699580353,0.008749484805902163,0.8594541544122412,0.12033235912868005,0.8461416269435654,-0.7942931695432667,3987,79,0.01981439678956609,1.0
resnet50,unweighted_bce,42,Pneumonia,T2_2016,out_of_sample_prospective,offset,0.018559052259681245,0.07899310616572347,0.008079235412770227,0.005858450128839361,0.8594541544122412,0.12033235912868005,0.8560886867047725,-0.6631710525447353,3987,79,0.01981439678956609,1.0
resnet50,unweighted_bce,42,Pneumonia,T2_2016,out_of_sample_prospective,platt,0.018368151457888563,0.07867404818638453,0.0069418716243428175,0.006113623488737375,0.8594541544122412,0.12033235912868005,0.9871866699282631,-0.3317371791018934,3987,79,0.01981439678956609,1.0
resnet50,unweighted_bce,42,Pneumonia,T3_2017,out_of_sample_prospective,raw,0.019045982418765175,0.07796240194988678,0.008945058970389427,0.008088351813681241,0.8846982397317686,0.16194001364667546,0.9610789636439261,-0.45192834697160106,2436,50,0.020525451559934318,1.0
resnet50,unweighted_bce,42,Pneumonia,T3_2017,out_of_sample_prospective,temperature,0.0190209424017246,0.07778588019703718,0.008515033127020673,0.006952553068009509,0.8846982397317686,0.16194001364667546,0.9499817555142452,-0.45415591092947777,2436,50,0.020525451559934318,1.0
resnet50,unweighted_bce,42,Pneumonia,T3_2017,out_of_sample_prospective,offset,0.018830928097287744,0.07708565369218853,0.006413814617399753,0.004163449801446601,0.8846982397317686,0.16194001364667546,0.9614188959039919,-0.3085029551353056,2436,50,0.020525451559934318,1.0
resnet50,unweighted_bce,42,Pneumonia,T3_2017,out_of_sample_prospective,platt,0.018704520915174935,0.07727642984908938,0.005668132543879381,0.004862449789054785,0.8846982397317686,0.16194001364667546,1.1086757732781314,0.06496186693192654,2436,50,0.020525451559934318,1.0
resnet50,unweighted_bce,123,Pneumonia,T1_2015,out_of_sample_cross_fitted,raw,0.02488542939397803,0.10613361694907766,0.013485183929497508,0.011114154099734866,0.8270913067249863,0.14170405977935957,1.405091953659745,2.0273140583875344,1879,50,0.026609898882384245,1.0
resnet50,unweighted_bce,123,Pneumonia,T1_2015,out_of_sample_cross_fitted,temperature,0.02464435801350922,0.10476955358472487,0.01409036274239025,0.0028108669388120493,0.8202241662110441,0.1321082226431731,1.5292141771666756,1.8253076913841395,1879,50,0.026609898882384245,1.0
resnet50,unweighted_bce,123,Pneumonia,T1_2015,out_of_sample_cross_fitted,offset,0.02454297588115876,0.10396773658715894,0.010625387116687646,0.0007533076630191603,0.8197867687260799,0.12302477302453317,1.325739100868965,0.9926392379391685,1879,50,0.026609898882384245,1.0
resnet50,unweighted_bce,123,Pneumonia,T1_2015,out_of_sample_cross_fitted,platt,0.024787766188277452,0.10361870574032202,0.005348718148446809,0.003171430152028269,0.8191634773100054,0.11334988938256321,0.9296675440929882,-0.2019983326754401,1879,50,0.026609898882384245,1.0
resnet50,unweighted_bce,123,Pneumonia,T2_2016,out_of_sample_prospective,raw,0.018733992698651232,0.0823233217310063,0.009195861086235407,0.005014165733674301,0.8574702330824147,0.09577834299866259,1.4491694481472472,1.887879041361033,3987,79,0.01981439678956609,1.0
resnet50,unweighted_bce,123,Pneumonia,T2_2016,out_of_sample_prospective,temperature,0.01861080127300627,0.08292550862338233,0.009774785298271131,0.0036236675550434354,0.8574702330824147,0.09577834299866259,1.6438585146440505,1.8919296188179817,3987,79,0.01981439678956609,1.0
resnet50,unweighted_bce,123,Pneumonia,T2_2016,out_of_sample_prospective,offset,0.018590458451132476,0.0825697451067475,0.007610698319064109,0.00852414810195815,0.8574702330824147,0.09577834299866259,1.450966681830194,1.071630089037446,3987,79,0.01981439678956609,1.0
resnet50,unweighted_bce,123,Pneumonia,T2_2016,out_of_sample_prospective,platt,0.018856144178533357,0.08100171203707973,0.006224934054753004,0.006275763105491711,0.8574702330824147,0.09577834299866259,1.0234508886163922,-0.2294739622745093,3987,79,0.01981439678956609,1.0
resnet50,unweighted_bce,123,Pneumonia,T3_2017,out_of_sample_prospective,raw,0.019362904037686455,0.0847261040519029,0.010695526193208564,0.005479336897637707,0.8609513830678961,0.1205773998388245,1.4917114916270506,2.0959093440668646,2436,50,0.020525451559934318,1.0
resnet50,unweighted_bce,123,Pneumonia,T3_2017,out_of_sample_prospective,temperature,0.019213647356377546,0.08496446510616626,0.01068959542888401,0.0026643737722736867,0.8609513830678961,0.1205773998388245,1.6886942259583186,2.091166351929114,2436,50,0.020525451559934318,1.0
resnet50,unweighted_bce,123,Pneumonia,T3_2017,out_of_sample_prospective,offset,0.019147000340746016,0.08442535280597976,0.00918577557442407,0.005992277101549783,0.8609513830678961,0.1205773998388245,1.4926433046117003,1.2545473728095164,2436,50,0.020525451559934318,1.0
resnet50,unweighted_bce,123,Pneumonia,T3_2017,out_of_sample_prospective,platt,0.019245338750277556,0.08261057555173543,0.00724503406168559,0.004884274050662002,0.8609513830678961,0.1205773998388245,1.062581950356109,-0.05409906021450205,2436,50,0.020525451559934318,1.0
resnet50,unweighted_bce,2026,Pneumonia,T1_2015,out_of_sample_cross_fitted,raw,0.024036255887111585,0.1054301445729399,0.017456421470041013,0.01569881650425733,0.8401257517769273,0.2544828373621677,0.9068738186229074,0.6577050115954628,1879,50,0.026609898882384245,1.0
resnet50,unweighted_bce,2026,Pneumonia,T1_2015,out_of_sample_cross_fitted,temperature,0.023415874179690172,0.09783546447914426,0.00873121833389011,0.0033180665694161494,0.8357244395844723,0.2481508203893148,1.1649000943933359,0.5707719613830162,1879,50,0.026609898882384245,1.0
resnet50,unweighted_bce,2026,Pneumonia,T1_2015,out_of_sample_cross_fitted,offset,0.02339896094492962,0.09788936800356092,0.0061830978335939545,0.006860336969029043,0.8362930563149262,0.23714618784718255,0.8789782996453365,-0.32628350977232895,1879,50,0.026609898882384245,1.0
resnet50,unweighted_bce,2026,Pneumonia,T1_2015,out_of_sample_cross_fitted,platt,0.023649328899396943,0.09854421553054303,0.0056535086378972236,0.004019431242384988,0.8331547293603062,0.19461764957928093,0.9568356005379055,-0.11153492864923491,1879,50,0.026609898882384245,1.0
resnet50,unweighted_bce,2026,Pneumonia,T2_2016,out_of_sample_prospective,raw,0.018370921092177077,0.07936619810755914,0.009901630250928758,0.009871101032064266,0.8808643094982056,0.14556314083603353,0.9726083830001836,0.6277789897399242,3987,79,0.01981439678956609,1.0
resnet50,unweighted_bce,2026,Pneumonia,T2_2016,out_of_sample_prospective,temperature,0.01804225944293562,0.076783344599457,0.0071608688354135,0.0058962055507208976,0.8808643094982056,0.14556314083603353,1.2800949203776362,0.6261722717198832,3987,79,0.01981439678956609,1.0
resnet50,unweighted_bce,2026,Pneumonia,T2_2016,out_of_sample_prospective,offset,0.01836926473504612,0.07621747649920976,0.00744534239440052,0.005426176580958368,0.8808643094982056,0.14556314083603353,0.972049728422726,-0.34214802955614826,3987,79,0.01981439678956609,1.0
resnet50,unweighted_bce,2026,Pneumonia,T2_2016,out_of_sample_prospective,platt,0.018195683663188432,0.07632113547693206,0.007108314770599726,0.006453644343222265,0.8808643094982056,0.14556314083603353,1.0726447801607664,-0.07750257141908415,3987,79,0.01981439678956609,1.0
resnet50,unweighted_bce,2026,Pneumonia,T3_2017,out_of_sample_prospective,raw,0.018787229340969516,0.07994283669673184,0.01202974205044451,0.010534835980724076,0.8936295054484493,0.18622217184750695,1.0307834223850387,0.8681675628146818,2436,50,0.020525451559934318,1.0
resnet50,unweighted_bce,2026,Pneumonia,T3_2017,out_of_sample_prospective,temperature,0.018384538872307545,0.07737119711099465,0.008953349980581194,0.00598567336580206,0.8936295054484493,0.18622217184750695,1.358525429637194,0.8699325875098246,2436,50,0.020525451559934318,1.0
resnet50,unweighted_bce,2026,Pneumonia,T3_2017,out_of_sample_prospective,offset,0.01850982626000788,0.07621723370531948,0.006726068120049719,0.005714076955881654,0.8936295054484493,0.18622217184750695,1.0309114624600817,-0.15823912137092402,2436,50,0.020525451559934318,1.0
resnet50,unweighted_bce,2026,Pneumonia,T3_2017,out_of_sample_prospective,platt,0.018405448538375554,0.07652849275295459,0.006510056291229082,0.0055040609017877355,0.8936295054484493,0.18622217184750695,1.13735281476226,0.123110559132475,2436,50,0.020525451559934318,1.0
resnet50,unweighted_bce,ensemble,Pneumonia,T1_2015,out_of_sample_cross_fitted,raw,0.023575017363226574,0.09621150154822947,0.008722668274402798,0.007736542825053645,0.8551886276653909,0.23310065154918774,1.121059977714077,0.7503686099314619,1879,50,0.026609898882384245,1.0
resnet50,unweighted_bce,ensemble,Pneumonia,T1_2015,out_of_sample_cross_fitted,temperature,0.0234360147023042,0.0961659029288448,0.009807577034385655,0.004287163032236576,0.847840349917988,0.2257113811069134,1.247974489374653,0.726799973988366,1879,50,0.026609898882384245,1.0
resnet50,unweighted_bce,ensemble,Pneumonia,T1_2015,out_of_sample_cross_fitted,offset,0.023480777594772895,0.0960981798635693,0.009692365658595634,0.003615710681151913,0.8475123018042646,0.19829036929799707,1.1164226860951132,0.31721532550764986,1879,50,0.026609898882384245,1.0
resnet50,unweighted_bce,ensemble,Pneumonia,T1_2015,out_of_sample_cross_fitted,platt,0.023899523764217286,0.09798684607893345,0.010255506335212532,0.004121746261610498,0.8425369054127938,0.16684668419845256,1.048197011474296,0.1391328956519792,1879,50,0.026609898882384245,1.0
resnet50,unweighted_bce,ensemble,Pneumonia,T2_2016,out_of_sample_prospective,raw,0.018128628077648853,0.0761285098679344,0.004183117838320866,0.0020531587058528816,0.8781273078268531,0.12907204593078656,1.1587536431732959,0.578826465900634,3987,79,0.01981439678956609,1.0
resnet50,unweighted_bce,ensemble,Pneumonia,T2_2016,out_of_sample_prospective,temperature,0.018096983505708635,0.07728701065805282,0.005816057488245362,0.0076797064158727266,0.8817323763004806,0.12981720571830543,1.3246864366436355,0.6612629980887584,3987,79,0.01981439678956609,1.0
resnet50,unweighted_bce,ensemble,Pneumonia,T2_2016,out_of_sample_prospective,offset,0.018116901583167276,0.07669417690013655,0.006033358115527625,0.006399781584249565,0.882593964992291,0.13278460768326392,1.2072065211743468,0.28529197001081386,3987,79,0.01981439678956609,1.0
resnet50,unweighted_bce,ensemble,Pneumonia,T2_2016,out_of_sample_prospective,platt,0.018188013302693425,0.07679176918886142,0.005884849118296089,0.007594040528616963,0.8803233872743997,0.1255291542981871,1.1770342997188326,0.19540011736720783,3987,79,0.01981439678956609,1.0
resnet50,unweighted_bce,ensemble,Pneumonia,T3_2017,out_of_sample_prospective,raw,0.018575265371018466,0.07614364206938827,0.00714634407374452,0.0026964412106686387,0.8963788767812239,0.1843662699894023,1.2648677763388572,0.9638619926366855,2436,50,0.020525451559934318,1.0
resnet50,unweighted_bce,ensemble,Pneumonia,T3_2017,out_of_sample_prospective,temperature,0.018497451260903276,0.07746651028788497,0.007586554279428329,0.006076708557726254,0.8972254819782062,0.18493808201548256,1.437151761231628,1.0281304165489267,2436,50,0.020525451559934318,1.0
resnet50,unweighted_bce,ensemble,Pneumonia,T3_2017,out_of_sample_prospective,offset,0.018433989199342336,0.07663533936364637,0.006109170538442181,0.0053694392829699835,0.8982313495389774,0.18647625413197216,1.3081168198688735,0.6098117285751371,2436,50,0.020525451559934318,1.0
resnet50,unweighted_bce,ensemble,Pneumonia,T3_2017,out_of_sample_prospective,platt,0.018494407707713805,0.07668795030234826,0.005762764503871237,0.005928586931768463,0.8955322715842414,0.18846816808657643,1.2801336865058546,0.5244093742792876,2436,50,0.020525451559934318,1.0
resnet50,weighted_bce,42,Cardiomegaly,T1_2015,out_of_sample_cross_fitted,raw,0.15277294850979695,0.48355771519281965,0.2851540205621313,0.2851540205621313,0.7759304645645788,0.23240775393918695,2.3851996430929843,-1.571650302115751,1879,147,0.07823310271420969,9.476647206005005
resnet50,weighted_bce,42,Cardiomegaly,T1_2015,out_of_sample_cross_fitted,temperature,0.09203799918463793,0.3173414070127089,0.11274403950497983,0.1077244094740998,0.775099762768849,0.23159639232442172,0.4253061411726834,-1.581823782395082,1879,147,0.07823310271420969,9.476647206005005
resnet50,weighted_bce,42,Cardiomegaly,T1_2015,out_of_sample_cross_fitted,offset,0.06911872129659875,0.25366525252189237,0.035278339540668155,0.03688407476898234,0.7470719234576046,0.16057433607093885,2.1736544608312562,2.686880070281033,1879,147,0.07823310271420969,9.476647206005005
resnet50,weighted_bce,42,Cardiomegaly,T1_2015,out_of_sample_cross_fitted,platt,0.06764997476609953,0.24754286482141755,0.019782182547619067,0.010386106300196098,0.7486351353474414,0.16734418844401241,0.9110933680624834,-0.17954493742074837,1879,147,0.07823310271420969,9.476647206005005
resnet50,weighted_bce,42,Cardiomegaly,T1_2015,out_of_sample_cross_fitted,analytic_weight,0.06960101814380296,0.25469869560377356,0.03909034414629256,0.017337648361820206,0.7759304645645788,0.23240775393918695,2.3892245949032636,3.801451998209859,1879,147,0.07823310271420969,9.476647206005005
resnet50,weighted_bce,42,Cardiomegaly,T2_2016,out_of_sample_prospective,raw,0.16220727359552298,0.5036388105019153,0.2662001210911419,0.26620012109114183,0.742912930478653,0.23694899105499603,2.1087766259910348,-1.356493885637281,3987,422,0.10584399297717582,9.476647206005005
resnet50,weighted_bce,42,Cardiomegaly,T2_2016,out_of_sample_prospective,temperature,0.11263058778250182,0.3745959488454596,0.11222123886197863,0.11061955350300713,0.742912930478653,0.23694899105499603,0.38386440701670754,-1.3539901564660852,3987,422,0.10584399297717582,9.476647206005005
resnet50,weighted_bce,42,Cardiomegaly,T2_2016,out_of_sample_prospective,offset,0.0912348248903768,0.3157646167800788,0.03854581148143841,0.03500282142466905,0.742912930478653,0.23694899105499603,2.113309567258604,2.820138479108003,3987,422,0.10584399297717582,9.476647206005005
resnet50,weighted_bce,42,Cardiomegaly,T2_2016,out_of_sample_prospective,platt,0.08897599269166494,0.3079151823644849,0.023145744451536287,0.02198521617805459,0.742912930478653,0.23694899105499603,0.8861366204111196,0.03738085750877891,3987,422,0.10584399297717582,9.476647206005005
resnet50,weighted_bce,42,Cardiomegaly,T2_2016,out_of_sample_prospective,analytic_weight,0.09309022898068739,0.3251021804801434,0.04904280422244417,0.04281266747669257,0.742912930478653,0.23694899105499603,2.1025199144438305,3.37013938859581,3987,422,0.10584399297717582,9.476647206005005
resnet50,weighted_bce,42,Cardiomegaly,T3_2017,out_of_sample_prospective,raw,0.16199077238417864,0.5028833832526717,0.2635803794459934,0.2635803794459934,0.7274844996832311,0.20880363341297103,1.8563826899733362,-1.4022089637596051,2436,258,0.10591133004926108,9.476647206005005
resnet50,weighted_bce,42,Cardiomegaly,T3_2017,out_of_sample_prospective,temperature,0.11227160630019968,0.38665637724923785,0.11341572920875481,0.11009793224406096,0.7274844996832311,0.20880363341297103,0.33698517088093094,-1.401748955264339,2436,258,0.10591133004926108,9.476647206005005
resnet50,weighted_bce,42,Cardiomegaly,T3_2017,out_of_sample_prospective,offset,0.09155405491549902,0.3181452008818728,0.03665876308951545,0.03777233439410481,0.7274844996832311,0.20880363341297103,1.857964382331649,2.2693026042214712,2436,258,0.10591133004926108,9.476647206005005
resnet50,weighted_bce,42,Cardiomegaly,T3_2017,out_of_sample_prospective,platt,0.08941507488257389,0.3139422502258303,0.025826737795124323,0.023276319280445493,0.7274844996832311,0.20880363341297103,0.7788031622056151,-0.17775236022139076,2436,258,0.10591133004926108,9.476647206005005
resnet50,weighted_bce,42,Cardiomegaly,T3_2017,out_of_sample_prospective,analytic_weight,0.09337163732905945,0.327664545983201,0.046693768565602645,0.04407182929437907,0.7274844996832311,0.20880363341297103,1.856851634111452,2.7735346087002735,2436,258,0.10591133004926108,9.476647206005005
resnet50,weighted_bce,123,Cardiomegaly,T1_2015,out_of_sample_cross_fitted,raw,0.14349787659340546,0.43825985272251433,0.22364386325293062,0.2236438632529306,0.8858285808549748,0.37104612858097974,0.90301665121464,-2.415108882040185,1879,147,0.07823310271420969,9.476647206005005
resnet50,weighted_bce,123,Cardiomegaly,T1_2015,out_of_sample_cross_fitted,temperature,0.14284315834477104,0.43684775053328023,0.23724322698017775,0.23724322698017775,0.8848447000047133,0.3647004928630124,1.0637010256322788,-2.4132848249187013,1879,147,0.07823310271420969,9.476647206005005
resnet50,weighted_bce,123,Cardiomegaly,T1_2015,out_of_sample_cross_fitted,offset,0.058858460800448355,0.1955827151402335,0.015043235127751381,0.014496242664500836,0.8850253727356994,0.36462104814171026,0.8957108737354689,-0.1604678747186953,1879,147,0.07823310271420969,9.476647206005005
resnet50,weighted_bce,123,Cardiomegaly,T1_2015,out_of_sample_cross_fitted,platt,0.05886755509169414,0.19614440101931557,0.012185527219737445,0.017553160506143032,0.8836821102574981,0.3561749214946202,0.9817997176016545,-0.027006169684317023,1879,147,0.07823310271420969,9.476647206005005
resnet50,weighted_bce,123,Cardiomegaly,T1_2015,out_of_sample_cross_fitted,analytic_weight,0.05932286073034804,0.1966461401882874,0.020025391963615857,0.018564647810337852,0.8858285808549748,0.37104612858097974,0.9020327235912996,-0.38418320575799897,1879,147,0.07823310271420969,9.476647206005005
resnet50,weighted_bce,123,Cardiomegaly,T2_2016,out_of_sample_prospective,raw,0.1483891491864025,0.4470946633569752,0.2176426433439561,0.21764264334395614,0.8807611520642369,0.4850708971575579,0.9419286685274736,-2.1408929822731175,3987,422,0.10584399297717582,9.476647206005005
resnet50,weighted_bce,123,Cardiomegaly,T2_2016,out_of_sample_prospective,temperature,0.14649987548487511,0.4422912050468071,0.22824497450487657,0.22824497450487666,0.8807611520642369,0.4850708971575579,1.1342835338616566,-2.14070645178052,3987,422,0.10584399297717582,9.476647206005005
resnet50,weighted_bce,123,Cardiomegaly,T2_2016,out_of_sample_prospective,offset,0.07055684867460034,0.235793268270701,0.019890499947471156,0.02116770694059688,0.8807611520642369,0.4850708971575579,0.9415268149279964,0.21864451557497758,3987,422,0.10584399297717582,9.476647206005005
resnet50,weighted_bce,123,Cardiomegaly,T2_2016,out_of_sample_prospective,platt,0.07093057223814096,0.23566183085007633,0.021301016324432213,0.021287536048805195,0.8807611520642369,0.4850708971575579,1.0433323121508913,0.3791668386145819,3987,422,0.10584399297717582,9.476647206005005
resnet50,weighted_bce,123,Cardiomegaly,T2_2016,out_of_sample_prospective,analytic_weight,0.0697382878244752,0.23271808820716314,0.004835632126926489,0.008142495242497542,0.8807611520642369,0.4850708971575579,0.941682170381219,-0.022674817774942218,3987,422,0.10584399297717582,9.476647206005005
resnet50,weighted_bce,123,Cardiomegaly,T3_2017,out_of_sample_prospective,raw,0.1481404667034345,0.45196745884693085,0.21794727464630664,0.21794727464630662,0.8834264064179498,0.45375219555341867,0.9044236360800535,-2.1329309984906013,2436,258,0.10591133004926108,9.476647206005005
resnet50,weighted_bce,123,Cardiomegaly,T3_2017,out_of_sample_prospective,temperature,0.1465531029605732,0.4462927868528786,0.22890689847013101,0.228906898470131,0.8834264064179498,0.45375219555341867,1.0893447884550145,-2.1331662086901546,2436,258,0.10591133004926108,9.476647206005005
resnet50,weighted_bce,123,Cardiomegaly,T3_2017,out_of_sample_prospective,offset,0.07253690782114423,0.23781738540839067,0.018533190647524133,0.023055634557119505,0.8834264064179498,0.45375219555341867,0.9042352038243671,0.13313773203799426,2436,258,0.10591133004926108,9.476647206005005
resnet50,weighted_bce,123,Cardiomegaly,T3_2017,out_of_sample_prospective,platt,0.07258306980063463,0.23721809922378198,0.020236939807625306,0.022171170597087547,0.8834264064179498,0.45375219555341867,1.001641624884143,0.2863239291037231,2436,258,0.10591133004926108,9.476647206005005
resnet50,weighted_bce,123,Cardiomegaly,T3_2017,out_of_sample_prospective,analytic_weight,0.07187238632528474,0.23519982021112865,0.011084538191088828,0.013448822319935952,0.8834264064179498,0.45375219555341867,0.9042050605213059,-0.09966171080058236,2436,258,0.10591133004926108,9.476647206005005
resnet50,weighted_bce,2026,Cardiomegaly,T1_2015,out_of_sample_cross_fitted,raw,0.12821609197541098,0.4062147285697596,0.22610889532223757,0.22610889532223757,0.8276421423072693,0.31974658210451584,1.3129072734752143,-1.9104661534343428,1879,147,0.07823310271420969,9.476647206005005
resnet50,weighted_bce,2026,Cardiomegaly,T1_2015,out_of_sample_cross_fitted,temperature,0.12558936964485448,0.37854126349488754,0.17893624496921312,0.17863975864319115,0.8264127822029503,0.3168568203443904,0.7800352138146972,-1.91521524267707,1879,147,0.07823310271420969,9.476647206005005
resnet50,weighted_bce,2026,Cardiomegaly,T1_2015,out_of_sample_cross_fitted,offset,0.0631784593273778,0.2227781972847424,0.015256238212098205,0.017141072657464857,0.8252776861321895,0.3018729271473421,1.2956701241855708,0.5839791335018728,1879,147,0.07823310271420969,9.476647206005005
resnet50,weighted_bce,2026,Cardiomegaly,T1_2015,out_of_sample_cross_fitted,platt,0.06316854221207938,0.22266407277967037,0.008485226158856007,0.01253958592837106,0.8210318769540148,0.2859660112256755,0.9631043027696,-0.05989308472781164,1879,147,0.07823310271420969,9.476647206005005
resnet50,weighted_bce,2026,Cardiomegaly,T1_2015,out_of_sample_cross_fitted,analytic_weight,0.06414949087287593,0.22514516863867495,0.024809992877630686,0.019820744393788926,0.8276421423072693,0.31974658210451584,1.3162419077575593,1.0503894961368898,1879,147,0.07823310271420969,9.476647206005005
resnet50,weighted_bce,2026,Cardiomegaly,T2_2016,out_of_sample_prospective,raw,0.14726284435635628,0.45127203966145135,0.22319783791274705,0.22319783791274703,0.7900789667847623,0.29230075419867024,1.085538872555399,-1.6814477155161651,3987,422,0.10584399297717582,9.476647206005005
resnet50,weighted_bce,2026,Cardiomegaly,T2_2016,out_of_sample_prospective,temperature,0.1483752562208629,0.43921754105856853,0.1831605961583209,0.18178227903746053,0.7900789667847623,0.29230075419867024,0.6522853133869553,-1.6813818399948894,3987,422,0.10584399297717582,9.476647206005005
resnet50,weighted_bce,2026,Cardiomegaly,T2_2016,out_of_sample_prospective,offset,0.08477804957008045,0.2874838551628812,0.02273113452836428,0.018794819917321924,0.7900789667847623,0.29230075419867024,1.0861270385440058,0.4033781066447533,3987,422,0.10584399297717582,9.476647206005005
resnet50,weighted_bce,2026,Cardiomegaly,T2_2016,out_of_sample_prospective,platt,0.08445559233526587,0.2884488572844769,0.020037254440470414,0.01855785539122646,0.7900789667847623,0.29230075419867024,0.827274087299264,-0.09997979209399274,3987,422,0.10584399297717582,9.476647206005005
resnet50,weighted_bce,2026,Cardiomegaly,T2_2016,out_of_sample_prospective,analytic_weight,0.08711074485893448,0.29727783415622433,0.042376073847758634,0.040099638618693756,0.7900789667847623,0.29230075419867024,1.0863624532491087,0.7627304099795208,3987,422,0.10584399297717582,9.476647206005005
resnet50,weighted_bce,2026,Cardiomegaly,T3_2017,out_of_sample_prospective,raw,0.14646130498747786,0.44846153862681587,0.21983672482279615,0.21983672482279618,0.7861525757931678,0.274805387232364,1.069971000207428,-1.6620612031204098,2436,258,0.10591133004926108,9.476647206005005
resnet50,weighted_bce,2026,Cardiomegaly,T3_2017,out_of_sample_prospective,temperature,0.14793256264564952,0.43686836351480807,0.178827709545398,0.178827709545398,0.7861525757931678,0.274805387232364,0.6429012487163357,-1.6621431640651765,2436,258,0.10591133004926108,9.476647206005005
resnet50,weighted_bce,2026,Cardiomegaly,T3_2017,out_of_sample_prospective,offset,0.08542146090102677,0.28908941858735,0.020969116771846017,0.021684056733832783,0.7861525757931678,0.274805387232364,1.07086804098035,0.3936732292228141,2436,258,0.10591133004926108,9.476647206005005
resnet50,weighted_bce,2026,Cardiomegaly,T3_2017,out_of_sample_prospective,platt,0.08518234057485576,0.29038908170761324,0.02182670056933942,0.020666529716984433,0.7861525757931678,0.274805387232364,0.8155205506908229,-0.10294609643330925,2436,258,0.10591133004926108,9.476647206005005
resnet50,weighted_bce,2026,Cardiomegaly,T3_2017,out_of_sample_prospective,analytic_weight,0.08777022097859642,0.29930304676526337,0.04109513289177575,0.041660298334561946,0.7861525757931678,0.274805387232364,1.070893017934285,0.747463831501731,2436,258,0.10591133004926108,9.476647206005005
resnet50,weighted_bce,ensemble,Cardiomegaly,T1_2015,out_of_sample_cross_fitted,raw,0.1259190087419586,0.41143891279549083,0.24496892637909984,0.24496892637909978,0.8749391211449938,0.389099703420066,1.998848458389538,-1.9604243046979404,1879,147,0.07823310271420969,9.476647206005005
resnet50,weighted_bce,ensemble,Cardiomegaly,T1_2015,out_of_sample_cross_fitted,temperature,0.10362189484417265,0.33200813317501243,0.17152492096604802,0.17193482856877473,0.8655009347849995,0.37540015402165505,1.2994079469435174,-1.6779996603868763,1879,147,0.07823310271420969,9.476647206005005
resnet50,weighted_bce,ensemble,Cardiomegaly,T1_2015,out_of_sample_cross_fitted,offset,0.06043332238563816,0.2120708173531848,0.03398045205338641,0.029740582786947842,0.8676100925358597,0.372549296621014,1.7507324151652113,1.4730095642304981,1879,147,0.07823310271420969,9.476647206005005
resnet50,weighted_bce,ensemble,Cardiomegaly,T1_2015,out_of_sample_cross_fitted,platt,0.06043069200237883,0.21044359877468077,0.022677659178530315,0.02196046431662207,0.8587964053981869,0.35213128683962003,1.432847548395814,0.8101645712795125,1879,147,0.07823310271420969,9.476647206005005
resnet50,weighted_bce,ensemble,Cardiomegaly,T1_2015,out_of_sample_cross_fitted,analytic_weight,0.059976575264816416,0.20784960130489807,0.032575897345821975,0.031316481424349854,0.8734112582677412,0.3896542658812976,1.6781279386186074,1.4841840185090427,1879,147,0.07823310271420969,9.476647206005005
resnet50,weighted_bce,ensemble,Cardiomegaly,T2_2016,out_of_sample_prospective,raw,0.13632267285551755,0.43568596280070643,0.235680200782615,0.23568020078261503,0.8630504576484117,0.40312442361024314,1.909088912668489,-1.6819964747430203,3987,422,0.10584399297717582,9.476647206005005
resnet50,weighted_bce,ensemble,Cardiomegaly,T2_2016,out_of_sample_prospective,temperature,0.11784410246770395,0.3678017331445064,0.16634877303895287,0.16634877303895285,0.8441874995845602,0.37368808938754505,1.192043955919455,-1.422877347885524,3987,422,0.10584399297717582,9.476647206005005
resnet50,weighted_bce,ensemble,Cardiomegaly,T2_2016,out_of_sample_prospective,offset,0.07844419455875279,0.26146238570992086,0.04250474004303849,0.04102867106181305,0.8639046017428529,0.4492912216236572,1.8029200284208062,1.8240992398160356,3987,422,0.10584399297717582,9.476647206005005
resnet50,weighted_bce,ensemble,Cardiomegaly,T2_2016,out_of_sample_prospective,platt,0.07818057436174318,0.259870044003882,0.03194051133984396,0.02649178155550137,0.8539579774399606,0.42364613170057164,1.4584675036541734,1.091867628303227,3987,422,0.10584399297717582,9.476647206005005
resnet50,weighted_bce,ensemble,Cardiomegaly,T2_2016,out_of_sample_prospective,analytic_weight,0.07837901447515655,0.2587411520752213,0.04322836163817223,0.038948871717915105,0.871078082729007,0.4582486609355555,1.7328745591956312,1.8621616975527375,3987,422,0.10584399297717582,9.476647206005005
resnet50,weighted_bce,ensemble,Cardiomegaly,T3_2017,out_of_sample_prospective,raw,0.13620335443062523,0.43506984600473997,0.23378812630503204,0.233788126305032,0.8571995501170977,0.41610742384754595,1.8445332128098333,-1.6716255840541983,2436,258,0.10591133004926108,9.476647206005005
resnet50,weighted_bce,ensemble,Cardiomegaly,T3_2017,out_of_sample_prospective,temperature,0.11767564838603209,0.36838922676014213,0.16454859077041564,0.16454859077041567,0.8399783600629266,0.3838078820269368,1.1519506304661382,-1.4151648794105365,2436,258,0.10591133004926108,9.476647206005005
resnet50,weighted_bce,ensemble,Cardiomegaly,T3_2017,out_of_sample_prospective,offset,0.0791639991673312,0.2658141689086555,0.03829354631648764,0.03828007625400629,0.8486770452943813,0.4325542619797554,1.6453321160480867,1.5294267566449375,2436,258,0.10591133004926108,9.476647206005005
resnet50,weighted_bce,ensemble,Cardiomegaly,T3_2017,out_of_sample_prospective,platt,0.07897590363441642,0.26609091352917397,0.02844556013019167,0.024898774753818263,0.8382663847780126,0.41286971625814867,1.3111151807978787,0.8358771776807387,2436,258,0.10591133004926108,9.476647206005005
resnet50,weighted_bce,ensemble,Cardiomegaly,T3_2017,out_of_sample_prospective,analytic_weight,0.07904876357653903,0.26291242282944355,0.04220436418580797,0.03684370091889583,0.8580181661577009,0.44030543830607566,1.59401176393404,1.5902264085774558,2436,258,0.10591133004926108,9.476647206005005
resnet50,weighted_bce,42,Edema,T1_2015,out_of_sample_cross_fitted,raw,0.11232212932076685,0.3492006557525471,0.26168157694038185,0.26168157694038185,0.5542666666666667,0.0032752206437194047,0.14718865297523526,-5.9299587699027185,1879,4,0.0021287919105907396,1091.304347826087
resnet50,weighted_bce,42,Edema,T1_2015,out_of_sample_cross_fitted,temperature,0.0743889456255643,0.22774422889904664,0.14616982309482332,0.14404113655943215,0.5261333333333333,0.002945796514810288,0.029851715946161088,-5.881330436650268,1879,4,0.0021287919105907396,1091.304347826087
resnet50,weighted_bce,42,Edema,T1_2015,out_of_sample_cross_fitted,offset,0.0021304046713753644,0.01724616997953621,0.0036034484241776613,5.649317518231214e-05,0.4826666666666667,0.0025746818637742237,0.0529333907011418,-5.766988031547452,1879,4,0.0021287919105907396,1091.304347826087
resnet50,weighted_bce,42,Edema,T1_2015,out_of_sample_cross_fitted,platt,0.02794883007664527,0.09865219174281721,0.06291717183886321,0.06078975456073658,0.5006666666666666,0.007790161335715239,-0.08995683256171039,-6.7446675357091745,1879,4,0.0021287919105907396,1091.304347826087
resnet50,weighted_bce,42,Edema,T1_2015,out_of_sample_cross_fitted,analytic_weight,0.0021270555517160375,0.01805080280307933,0.0023634814881623055,0.001695837269324252,0.5542666666666667,0.0032752206437194047,0.15454613522230454,-4.825183852592305,1879,4,0.0021287919105907396,1091.304347826087
resnet50,weighted_bce,42,Edema,T2_2016,out_of_sample_prospective,raw,0.1180595880275232,0.3626479162119265,0.2711854958114989,0.2711854958114989,0.808243970423135,0.00960964684031652,2.594412458762309,-4.805285810992921,3987,13,0.0032605969400551793,1091.304347826087
resnet50,weighted_bce,42,Edema,T2_2016,out_of_sample_prospective,temperature,0.0856833097415572,0.24556743782222212,0.16336303967693966,0.16293061219360921,0.808243970423135,0.00960964684031652,0.21091667129100014,-4.793913064254766,3987,13,0.0032605969400551793,1091.304347826087
resnet50,weighted_bce,42,Edema,T2_2016,out_of_sample_prospective,offset,0.0032412943218834947,0.020047808506426023,0.0018733558944006123,0.001019983240730553,0.808243970423135,0.00960964684031652,2.5811633823076288,9.107218445563271,3987,13,0.0032605969400551793,1091.304347826087
resnet50,weighted_bce,42,Edema,T2_2016,out_of_sample_prospective,platt,0.0032482938919392813,0.021489744332037458,0.0028084185088993194,0.0011375522253508014,0.808243970423135,0.00960964684031652,0.911171126075296,-0.14331702515742986,3987,13,0.0032605969400551793,1091.304347826087
resnet50,weighted_bce,42,Edema,T2_2016,out_of_sample_prospective,analytic_weight,0.0032552654236455173,0.023461687302818824,0.002895899128940702,0.0028048694101994003,0.808243970423135,0.00960964684031652,2.7099716778939476,14.142281034824808,3987,13,0.0032605969400551793,1091.304347826087
resnet50,weighted_bce,42,Edema,T3_2017,out_of_sample_prospective,raw,0.1169292572743799,0.35970273516059476,0.2724613465220343,0.27246134652203424,,,,,2436,0,0.0,1091.304347826087
resnet50,weighted_bce,42,Edema,T3_2017,out_of_sample_prospective,temperature,0.08364058553140635,0.23865926270811927,0.16352652697520942,0.16352652697520942,,,,,2436,0,0.0,1091.304347826087
resnet50,weighted_bce,42,Edema,T3_2017,out_of_sample_prospective,offset,8.588814426395255e-06,0.00222735412211727,0.0022230476583536113,0.0022230476583536113,,,,,2436,0,0.0,1091.304347826087
resnet50,weighted_bce,42,Edema,T3_2017,out_of_sample_prospective,platt,4.818613352758924e-06,0.002118877676075937,0.0021164645379825346,0.0021164645379825346,,,,,2436,0,0.0,1091.304347826087
resnet50,weighted_bce,42,Edema,T3_2017,out_of_sample_prospective,analytic_weight,3.554998317126523e-07,0.00045233193687012146,0.0004521540856596165,0.0004521540856596164,,,,,2436,0,0.0,1091.304347826087
resnet50,weighted_bce,123,Edema,T1_2015,out_of_sample_cross_fitted,raw,0.020627284014489152,0.07537375790433874,0.03807853270240488,0.03611222192767567,0.6315333333333333,0.012145255679475083,0.22803263541801844,-4.929893565687122,1879,4,0.0021287919105907396,1091.304347826087
resnet50,weighted_bce,123,Edema,T1_2015,out_of_sample_cross_fitted,temperature,0.020707060482821123,0.07621890123674172,0.040208714572919295,0.038171778510604035,0.6124,0.012188831445657744,0.23235382101091692,-4.967224355971113,1879,4,0.0021287919105907396,1091.304347826087
resnet50,weighted_bce,123,Edema,T1_2015,out_of_sample_cross_fitted,offset,0.0028360778234381655,0.03428040279021333,0.004529160287516455,0.0031835103674697452,0.22426666666666664,0.0016723441121624522,-0.39687571032278557,-11.533450802590849,1879,4,0.0021287919105907396,1091.304347826087
resnet50,weighted_bce,123,Edema,T1_2015,out_of_sample_cross_fitted,platt,0.005552406061530484,0.026486947478506523,0.011253670807526426,0.009734808586630344,0.5334666666666666,0.04121266025855129,0.40103578017211766,-3.8404948508730334,1879,4,0.0021287919105907396,1091.304347826087
resnet50,weighted_bce,123,Edema,T1_2015,out_of_sample_cross_fitted,analytic_weight,0.002137926634094247,0.02421871516103145,0.0018779441463330688,0.0019770413420164227,0.6315333333333334,0.012145255679475083,0.23115282221670344,-3.2985207699510486,1879,4,0.0021287919105907396,1091.304347826087
resnet50,weighted_bce,123,Edema,T2_2016,out_of_sample_prospective,raw,0.018730126855890455,0.06740932718422388,0.036368696226585506,0.036368696226585506,0.8813441214045139,0.030874458807192938,0.4547018163490935,-3.810826219809141,3987,13,0.0032605969400551793,1091.304347826087
resnet50,weighted_bce,123,Edema,T2_2016,out_of_sample_prospective,temperature,0.01887179353377324,0.068237038140354,0.03837736879843173,0.03837736879843174,0.8813441214045139,0.030874458807192938,0.48137071361383366,-3.8101215599515332,3987,13,0.0032605969400551793,1091.304347826087
resnet50,weighted_bce,123,Edema,T2_2016,out_of_sample_prospective,offset,0.003432662708437289,0.023157178424324777,0.0017507660394431692,0.003104493714863595,0.8813441214045139,0.030874458807192938,0.45448967619332126,-1.7034189742655839,3987,13,0.0032605969400551793,1091.304347826087
resnet50,weighted_bce,123,Edema,T2_2016,out_of_sample_prospective,platt,0.0032333176084763213,0.01969344956380509,0.0025735159632267494,0.0010944240007833101,0.8813441214045139,0.030874458807192938,1.9873329821052275,5.986669413204233,3987,13,0.0032605969400551793,1091.304347826087
resnet50,weighted_bce,123,Edema,T2_2016,out_of_sample_prospective,analytic_weight,0.0032609942805656997,0.029346606126920624,0.003081453302330159,0.0031542713170805226,0.881344121404514,0.030874458807192934,0.4544263484915164,-0.6394812194140498,3987,13,0.0032605969400551793,1091.304347826087
resnet50,weighted_bce,123,Edema,T3_2017,out_of_sample_prospective,raw,0.02034221930058705,0.07031678152739015,0.042720458755887515,0.042720458755887536,,,,,2436,0,0.0,1091.304347826087
resnet50,weighted_bce,123,Edema,T3_2017,out_of_sample_prospective,temperature,0.020394865077806062,0.07103703579226289,0.044707274580045066,0.044707274580045066,,,,,2436,0,0.0,1091.304347826087
resnet50,weighted_bce,123,Edema,T3_2017,out_of_sample_prospective,offset,0.00038652010188718495,0.002313803720756787,0.0020260296751102172,0.0020260296751102172,,,,,2436,0,0.0,1091.304347826087
resnet50,weighted_bce,123,Edema,T3_2017,out_of_sample_prospective,platt,8.403604025379748e-06,0.002220515265515207,0.0022162945712847736,0.0022162945712847736,,,,,2436,0,0.0,1091.304347826087
resnet50,weighted_bce,123,Edema,T3_2017,out_of_sample_prospective,analytic_weight,1.1681793555344373e-05,0.00025503574386131,0.00024870571527839614,0.0002487057152783962,,,,,2436,0,0.0,1091.304347826087
resnet50,weighted_bce,2026,Edema,T1_2015,out_of_sample_cross_fitted,raw,0.07501883598290723,0.2332171033522521,0.16359483584742054,0.16170433680671256,0.4613333333333334,0.003927731976141645,-0.0528890376110859,-6.314369730276795,1879,4,0.0021287919105907396,1091.304347826087
resnet50,weighted_bce,2026,Edema,T1_2015,out_of_sample_cross_fitted,temperature,0.07510684085402224,0.22609248472683996,0.1474519968091421,0.14534278593925717,0.4534666666666667,0.003916983287354729,-0.057924570175519184,-6.415693907007643,1879,4,0.0021287919105907396,1091.304347826087
resnet50,weighted_bce,2026,Edema,T1_2015,out_of_sample_cross_fitted,offset,0.002145734095228749,0.03183541949933812,0.003724890151121807,0.0005310808133432228,0.16706666666666667,0.0015828637418043934,-0.30847331621856006,-9.900371975074764,1879,4,0.0021287919105907396,1091.304347826087
resnet50,weighted_bce,2026,Edema,T1_2015,out_of_sample_cross_fitted,platt,0.06092127205885281,0.19497226917545588,0.13149105722791848,0.12937411155078474,0.4514666666666667,0.004601210445937839,-0.16837878772684825,-6.9949792673481985,1879,4,0.0021287919105907396,1091.304347826087
resnet50,weighted_bce,2026,Edema,T1_2015,out_of_sample_cross_fitted,analytic_weight,0.0021272570675796533,0.022353404590506002,0.002268475772776302,0.001815131067357248,0.4613333333333334,0.003927731976141645,-0.055227934899143044,-6.713406250594343,1879,4,0.0021287919105907396,1091.304347826087
resnet50,weighted_bce,2026,Edema,T2_2016,out_of_sample_prospective,raw,0.0880294039613701,0.26368092101221846,0.184091461339426,0.184091461339426,0.8034435368355852,0.015407738799516272,0.5961060923260614,-4.863195670687554,3987,13,0.0032605969400551793,1091.304347826087
resnet50,weighted_bce,2026,Edema,T2_2016,out_of_sample_prospective,temperature,0.0892254656233762,0.25736238328136796,0.1684636287305594,0.16846362873055945,0.8034435368355852,0.015407738799516272,0.4331272413152133,-4.86585290887144,3987,13,0.0032605969400551793,1091.304347826087
resnet50,weighted_bce,2026,Edema,T2_2016,out_of_sample_prospective,offset,0.0032384398589427694,0.02051688772573153,0.00157769880456682,0.0007443396975700361,0.8034435368355852,0.015407738799516272,0.5968809506976843,-1.8331558267023869,3987,13,0.0032605969400551793,1091.304347826087
resnet50,weighted_bce,2026,Edema,T2_2016,out_of_sample_prospective,platt,0.08802940401924376,0.2636809211936132,0.18409146139026947,0.18409146139026947,0.8034435368355852,0.015407738799516272,0.5961060851138696,-4.863195672688645,3987,13,0.0032605969400551793,1091.304347826087
resnet50,weighted_bce,2026,Edema,T2_2016,out_of_sample_prospective,analytic_weight,0.003254267060005128,0.02462915388991333,0.0028957749795362844,0.0028896644140818765,0.8034435368355852,0.015407738799516272,0.6790425716151756,-0.061659736031271395,3987,13,0.0032605969400551793,1091.304347826087
resnet50,weighted_bce,2026,Edema,T3_2017,out_of_sample_prospective,raw,0.08643980654007202,0.25847819656466114,0.18594028581614305,0.18594028581614305,,,,,2436,0,0.0,1091.304347826087
resnet50,weighted_bce,2026,Edema,T3_2017,out_of_sample_prospective,temperature,0.08732407136341311,0.2504341902046522,0.17073778896128372,0.1707377889612837,,,,,2436,0,0.0,1091.304347826087
resnet50,weighted_bce,2026,Edema,T3_2017,out_of_sample_prospective,offset,2.134121670513668e-05,0.002447654456843528,0.002436888488670017,0.002436888488670017,,,,,2436,0,0.0,1091.304347826087
resnet50,weighted_bce,2026,Edema,T3_2017,out_of_sample_prospective,platt,0.0864398065413001,0.25847819650593606,0.18594028586310246,0.1859402858631025,,,,,2436,0,0.0,1091.304347826087
resnet50,weighted_bce,2026,Edema,T3_2017,out_of_sample_prospective,analytic_weight,4.666435289592537e-07,0.0003591778625003791,0.000358944231686536,0.000358944231686536,,,,,2436,0,0.0,1091.304347826087
resnet50,weighted_bce,ensemble,Edema,T1_2015,out_of_sample_cross_fitted,raw,0.04905240318311463,0.19363649408891734,0.15316604521987312,0.1531660452198731,0.6182666666666666,0.010444954947832335,0.2051078446897266,-5.671131465094492,1879,4,0.0021287919105907396,1091.304347826087
resnet50,weighted_bce,ensemble,Edema,T1_2015,out_of_sample_cross_fitted,temperature,0.04199023396076266,0.15190922232124532,0.11128847512809384,0.10918521630451085,0.5094666666666666,0.007906854632429697,0.0058951985062336044,-6.1153964546546415,1879,4,0.0021287919105907396,1091.304347826087
resnet50,weighted_bce,ensemble,Edema,T1_2015,out_of_sample_cross_fitted,offset,0.0022194547794651665,0.019555265559014642,0.00376339200100068,0.0008472513359671246,0.4126666666666667,0.0021966867653809554,-0.069338035586778,-6.706862863055386,1879,4,0.0021287919105907396,1091.304347826087
resnet50,weighted_bce,ensemble,Edema,T1_2015,out_of_sample_cross_fitted,platt,0.01833203754323408,0.09073626719873978,0.0685426093108309,0.06643685380128819,0.5070666666666667,0.03757058318939105,-0.06977492491094665,-6.48112623128388,1879,4,0.0021287919105907396,1091.304347826087
resnet50,weighted_bce,ensemble,Edema,T1_2015,out_of_sample_cross_fitted,analytic_weight,0.0021285212392739296,0.01926700454169561,0.002126377702960598,0.001793515770609842,0.6065333333333334,0.006929006834968739,0.13624903557353069,-4.903717042117393,1879,4,0.0021287919105907396,1091.304347826087
resnet50,weighted_bce,ensemble,Edema,T2_2016,out_of_sample_prospective,raw,0.05313391904641138,0.20545189637788322,0.16388188443705506,0.16388188443705512,0.8476830165305255,0.02967039568028919,1.4168077611699836,-4.130284310735053,3987,13,0.0032605969400551793,1091.304347826087
resnet50,weighted_bce,ensemble,Edema,T2_2016,out_of_sample_prospective,temperature,0.04662749574290464,0.16292518589191704,0.12325718648983772,0.12325718648983772,0.8302040184274708,0.0438075207981178,0.7113562559939027,-4.353321478140548,3987,13,0.0032605969400551793,1091.304347826087
resnet50,weighted_bce,ensemble,Edema,T2_2016,out_of_sample_prospective,offset,0.0032501745040767653,0.01935650228930087,0.0013960379796492469,0.0014018393224319939,0.8551740157175487,0.025212810624945004,0.8957366843834711,-0.11279713176921001,3987,13,0.0032605969400551793,1091.304347826087
resnet50,weighted_bce,ensemble,Edema,T2_2016,out_of_sample_prospective,platt,0.012280505425137974,0.07616672802647016,0.06061982837194262,0.06061982837194264,0.8050985250280671,0.015881491931883256,0.7841853629309141,-3.543505937333198,3987,13,0.0032605969400551793,1091.304347826087
resnet50,weighted_bce,ensemble,Edema,T2_2016,out_of_sample_prospective,analytic_weight,0.0032551439542124745,0.023757299183700835,0.00296696350871276,0.002925074617918394,0.8423599550927181,0.02326725024564591,0.9823557310496778,2.174310401937144,3987,13,0.0032605969400551793,1091.304347826087
resnet50,weighted_bce,ensemble,Edema,T3_2017,out_of_sample_prospective,raw,0.053006898317838495,0.20441892417621937,0.16704069703135493,0.16704069703135493,,,,,2436,0,0.0,1091.304347826087
resnet50,weighted_bce,ensemble,Edema,T3_2017,out_of_sample_prospective,temperature,0.04557523149269462,0.16003492345512327,0.12632384669963542,0.12632384669963545,,,,,2436,0,0.0,1091.304347826087
resnet50,weighted_bce,ensemble,Edema,T3_2017,out_of_sample_prospective,offset,5.4677836437897174e-05,0.00225849794571568,0.0022286550003323452,0.0022286550003323452,,,,,2436,0,0.0,1091.304347826087
resnet50,weighted_bce,ensemble,Edema,T3_2017,out_of_sample_prospective,platt,0.009860429511084541,0.06905294840783835,0.06342434834479871,0.06342434834479871,,,,,2436,0,0.0,1091.304347826087
resnet50,weighted_bce,ensemble,Edema,T3_2017,out_of_sample_prospective,analytic_weight,1.5790356331011057e-06,0.0003540732850145256,0.0003532659605442996,0.0003532659605442996,,,,,2436,0,0.0,1091.304347826087
resnet50,weighted_bce,42,Pleural Effusion,T1_2015,out_of_sample_cross_fitted,raw,0.14422119737136346,0.4605413926365859,0.30079599154155423,0.30079599154155423,0.8356259221427761,0.2259411501495121,4.120117678462776,-1.7988411065118255,1879,99,0.05268759978712081,21.511648745519715
resnet50,weighted_bce,42,Pleural Effusion,T1_2015,out_of_sample_cross_fitted,temperature,0.08019682695144655,0.2546211689648888,0.1082647244128574,0.10601339321625765,0.8347605266144591,0.21632362261910013,0.45028684550241654,-1.8054654567683608,1879,99,0.05268759978712081,21.511648745519715
resnet50,weighted_bce,42,Pleural Effusion,T1_2015,out_of_sample_cross_fitted,offset,0.04780008646904294,0.1849116486712017,0.03400142966301744,0.0003094869154540644,0.8185308137555328,0.1527742688105389,3.6243964041910064,6.803847788627495,1879,99,0.05268759978712081,21.511648745519715
resnet50,weighted_bce,42,Pleural Effusion,T1_2015,out_of_sample_cross_fitted,platt,0.045826621804325895,0.16935294058560896,0.008605502107018676,0.0062228710448176084,0.8312365225286573,0.18452941007311624,0.9683260324380829,-0.06394229586006395,1879,99,0.05268759978712081,21.511648745519715
resnet50,weighted_bce,42,Pleural Effusion,T1_2015,out_of_sample_cross_fitted,analytic_weight,0.049201078699342704,0.1937339386234261,0.036212079346483794,0.02533364826048803,0.8356259221427761,0.2259411501495121,4.0856954718964085,10.735305804966215,1879,99,0.05268759978712081,21.511648745519715
resnet50,weighted_bce,42,Pleural Effusion,T2_2016,out_of_sample_prospective,raw,0.14892284726942237,0.4709251869381724,0.31557741395085404,0.3155774139508541,0.8130032474754214,0.15597751158204096,3.3929245572516056,-2.138119225567405,3987,177,0.04439428141459744,21.511648745519715
resnet50,weighted_bce,42,Pleural Effusion,T2_2016,out_of_sample_prospective,temperature,0.08720964811578281,0.2744133546900393,0.13649809834863907,0.12860474959112903,0.8130032474754215,0.15597751158204096,0.37809676650148527,-2.1359090628196338,3987,177,0.04439428141459744,21.511648745519715
resnet50,weighted_bce,42,Pleural Effusion,T2_2016,out_of_sample_prospective,offset,0.04096175418544344,0.16580043937739997,0.029241074482259318,0.009708365241106735,0.8130032474754214,0.15597751158204096,3.3971798769123076,5.947700638129176,3987,177,0.04439428141459744,21.511648745519715
resnet50,weighted_bce,42,Pleural Effusion,T2_2016,out_of_sample_prospective,platt,0.04031207578612598,0.15752742202998757,0.018030982189312206,0.012331434159078275,0.8130032474754214,0.15597751158204096,0.823627429702626,-0.6562213715383539,3987,177,0.04439428141459744,21.511648745519715
resnet50,weighted_bce,42,Pleural Effusion,T2_2016,out_of_sample_prospective,analytic_weight,0.04168749226942413,0.16898616498928842,0.02664358424939517,0.016286247375630055,0.8130032474754214,0.15597751158204096,3.395234839381221,8.281797474824513,3987,177,0.04439428141459744,21.511648745519715
resnet50,weighted_bce,42,Pleural Effusion,T3_2017,out_of_sample_prospective,raw,0.14857831611421046,0.47017050375805036,0.32391494905727297,0.3239149490572729,0.76979758300598,0.10892591952068055,2.4445098223458093,-2.5033483370371674,2436,85,0.03489326765188834,21.511648745519715
resnet50,weighted_bce,42,Pleural Effusion,T3_2017,out_of_sample_prospective,temperature,0.08594964692893692,0.2763381915655335,0.1383393274122398,0.13450418286373755,0.7695373683288713,0.10890050876112074,0.2765671092387659,-2.4976902422668408,2436,85,0.03489326765188834,21.511648745519715
resnet50,weighted_bce,42,Pleural Effusion,T3_2017,out_of_sample_prospective,offset,0.03311686314639239,0.14396992191066127,0.021966906463897873,0.0189702919460122,0.76979758300598,0.10892591952068055,2.490135305951677,3.431208874312589,2436,85,0.03489326765188834,21.511648745519715
resnet50,weighted_bce,42,Pleural Effusion,T3_2017,out_of_sample_prospective,platt,0.03367374353680503,0.1436477643754078,0.02408217762576455,0.020902101350967293,0.76979758300598,0.10892591952068055,0.5942951890647666,-1.433489942465618,2436,85,0.03489326765188834,21.511648745519715
resnet50,weighted_bce,42,Pleural Effusion,T3_2017,out_of_sample_prospective,analytic_weight,0.03306267023923822,0.14073427152281454,0.017780035738334327,0.006912955120754502,0.76979758300598,0.10892591952068055,2.4492091272492775,5.013457212924822,2436,85,0.03489326765188834,21.511648745519715
resnet50,weighted_bce,123,Pleural Effusion,T1_2015,out_of_sample_cross_fitted,raw,0.08801614336864567,0.2975338950673417,0.16444205917085575,0.16444205917085578,0.9347718760640109,0.5199542935468024,0.9457400436811233,-2.62433037161831,1879,99,0.05268759978712081,21.511648745519715
resnet50,weighted_bce,123,Pleural Effusion,T1_2015,out_of_sample_cross_fitted,temperature,0.08737662598227565,0.2964889932940564,0.15422858207685078,0.15422858207685078,0.9346214958574509,0.5171652802787813,0.8371536157885355,-2.6208228587615006,1879,99,0.05268759978712081,21.511648745519715
resnet50,weighted_bce,123,Pleural Effusion,T1_2015,out_of_sample_cross_fitted,offset,0.03443081788292685,0.12126452734324353,0.004810362015265669,0.010843822955973375,0.9339291794347975,0.5141930054257642,0.9331478807727275,-0.10578617934990642,1879,99,0.05268759978712081,21.511648745519715
resnet50,weighted_bce,123,Pleural Effusion,T1_2015,out_of_sample_cross_fitted,platt,0.0347698322729889,0.12240164746720743,0.005675214628002894,0.010385627759939127,0.9332482124616956,0.503897274387887,0.9713282696281544,-0.03666994726344666,1879,99,0.05268759978712081,21.511648745519715
resnet50,weighted_bce,123,Pleural Effusion,T1_2015,out_of_sample_cross_fitted,analytic_weight,0.034795742299030125,0.12226544519344526,0.012868018820049306,0.016618342309170996,0.9347718760640109,0.5199542935468024,0.9458919183820902,0.2786401485084376,1879,99,0.05268759978712081,21.511648745519715
resnet50,weighted_bce,123,Pleural Effusion,T2_2016,out_of_sample_prospective,raw,0.11114185452787984,0.36394764135773705,0.1893122303433322,0.18931223034333217,0.8988515206785593,0.31734369841564075,0.7380915091435101,-2.7903355064624855,3987,177,0.04439428141459744,21.511648745519715
resnet50,weighted_bce,123,Pleural Effusion,T2_2016,out_of_sample_prospective,temperature,0.11174267149975872,0.3693118284105089,0.1799521282144179,0.1799521282144179,0.8988515206785593,0.31734369841564075,0.6583344024504937,-2.787819381290975,3987,177,0.04439428141459744,21.511648745519715
resnet50,weighted_bce,123,Pleural Effusion,T2_2016,out_of_sample_prospective,offset,0.03858142110206936,0.13565858122980703,0.016835761208736824,0.013942941488249858,0.8988515206785593,0.31734369841564075,0.737578566532144,-0.8160842133019423,3987,177,0.04439428141459744,21.511648745519715
resnet50,weighted_bce,123,Pleural Effusion,T2_2016,out_of_sample_prospective,platt,0.038023090144159444,0.13408446732141557,0.015478024392936149,0.012312099447010998,0.8988515206785593,0.31734369841564075,0.7798791200848703,-0.7412151038704891,3987,177,0.04439428141459744,21.511648745519715
resnet50,weighted_bce,123,Pleural Effusion,T2_2016,out_of_sample_prospective,analytic_weight,0.03728355082944108,0.133281937739766,0.013208483366728398,0.014175198916323316,0.8988515206785593,0.31734369841564075,0.7374708274739545,-0.5253828123921861,3987,177,0.04439428141459744,21.511648745519715
resnet50,weighted_bce,123,Pleural Effusion,T3_2017,out_of_sample_prospective,raw,0.1046395584248775,0.35049739623988846,0.1864747536527132,0.1864747536527132,0.8689643956263919,0.26535465674255276,0.7011692105790698,-2.967107610945123,2436,85,0.03489326765188834,21.511648745519715
resnet50,weighted_bce,123,Pleural Effusion,T3_2017,out_of_sample_prospective,temperature,0.10468090245909958,0.35441406406304676,0.17641046843534747,0.17641046843534744,0.8689643956263919,0.26535465674255276,0.6255561485595336,-2.9633554644969484,2436,85,0.03489326765188834,21.511648745519715
resnet50,weighted_bce,123,Pleural Effusion,T3_2017,out_of_sample_prospective,offset,0.03199434158096339,0.12178545676375035,0.021448775126851113,0.016801437192961975,0.8689643956263919,0.26535465674255276,0.7007109518467771,-1.0913230028425376,2436,85,0.03489326765188834,21.511648745519715
resnet50,weighted_bce,123,Pleural Effusion,T3_2017,out_of_sample_prospective,platt,0.031504351177062524,0.12007576072176653,0.020749974069516973,0.016866349781064015,0.8689643956263919,0.26535465674255276,0.7412409452985543,-1.0195599883242183,2436,85,0.03489326765188834,21.511648745519715
resnet50,weighted_bce,123,Pleural Effusion,T3_2017,out_of_sample_prospective,analytic_weight,0.030497968465389075,0.11746164227647819,0.011946348973333663,0.009714830502600998,0.8689643956263919,0.26535465674255276,0.700030957991119,-0.8162837581897915,2436,85,0.03489326765188834,21.511648745519715
resnet50,weighted_bce,2026,Pleural Effusion,T1_2015,out_of_sample_cross_fitted,raw,0.14453206253158124,0.44291798469587734,0.2790402394327247,0.2790402394327248,0.8661729656111679,0.29998522802052585,1.6147486935327113,-2.734347058197436,1879,99,0.05268759978712081,21.511648745519715
resnet50,weighted_bce,2026,Pleural Effusion,T1_2015,out_of_sample_cross_fitted,temperature,0.14456550118691,0.42809464630988125,0.2479969660941479,0.24799696609414787,0.865795596413574,0.29988964691110376,1.0923615536666493,-2.74341727748795,1879,99,0.05268759978712081,21.511648745519715
resnet50,weighted_bce,2026,Pleural Effusion,T1_2015,out_of_sample_cross_fitted,offset,0.04373242478831354,0.16036704717915654,0.02134867985702495,0.012735209123477061,0.8654494382022472,0.28987847446018244,1.6041934814966579,1.3708284480014457,1879,99,0.05268759978712081,21.511648745519715
resnet50,weighted_bce,2026,Pleural Effusion,T1_2015,out_of_sample_cross_fitted,platt,0.04294652063359055,0.15579930281575025,0.0081549450869827,0.00985376457854392,0.864445011916922,0.28048896301524584,0.987363869805222,-0.013944215980207505,1879,99,0.05268759978712081,21.511648745519715
resnet50,weighted_bce,2026,Pleural Effusion,T1_2015,out_of_sample_cross_fitted,analytic_weight,0.04541568881477487,0.16548655386527067,0.02636193007194143,0.019839692764081967,0.8661729656111679,0.29998522802052585,1.6166604478105533,2.2251145587771886,1879,99,0.05268759978712081,21.511648745519715
resnet50,weighted_bce,2026,Pleural Effusion,T2_2016,out_of_sample_prospective,raw,0.16507488030503203,0.49092914855684067,0.3087112136264478,0.3087112136264478,0.8281952044130076,0.18328327677590267,1.2687451651952284,-2.9477064760519034,3987,177,0.04439428141459744,21.511648745519715
resnet50,weighted_bce,2026,Pleural Effusion,T2_2016,out_of_sample_prospective,temperature,0.1693341270126322,0.49158835488259,0.2816378470352104,0.2816378470352104,0.8281952044130076,0.18328327677590267,0.8636586741118768,-2.950099304145359,3987,177,0.04439428141459744,21.511648745519715
resnet50,weighted_bce,2026,Pleural Effusion,T2_2016,out_of_sample_prospective,offset,0.03932639866542435,0.1526046008425453,0.013974242161342503,0.014600524160227751,0.8281952044130076,0.18328327677590267,1.2703466116922986,0.28693244756655106,3987,177,0.04439428141459744,21.511648745519715
resnet50,weighted_bce,2026,Pleural Effusion,T2_2016,out_of_sample_prospective,platt,0.0409828214401445,0.1540080352106018,0.018507116234980574,0.01671546376982991,0.8281952044130076,0.18328327677590267,0.7865400373340101,-0.7987445533816018,3987,177,0.04439428141459744,21.511648745519715
resnet50,weighted_bce,2026,Pleural Effusion,T2_2016,out_of_sample_prospective,analytic_weight,0.03946066969101279,0.15140436658333986,0.011503217165288985,0.00805493797164374,0.8281952044130076,0.18328327677590267,1.270662727926593,0.9500280254807095,3987,177,0.04439428141459744,21.511648745519715
resnet50,weighted_bce,2026,Pleural Effusion,T3_2017,out_of_sample_prospective,raw,0.16452883443425909,0.4887009259652915,0.3149659218305435,0.3149659218305435,0.8184302049190582,0.16914144200074224,1.2703384594239557,-3.1753273897508802,2436,85,0.03489326765188834,21.511648745519715
resnet50,weighted_bce,2026,Pleural Effusion,T3_2017,out_of_sample_prospective,temperature,0.16899432404812828,0.4883147843628291,0.28747315596942435,0.2874731559694243,0.8184302049190582,0.16914144200074224,0.8671168708400484,-3.1802631479555536,2436,85,0.03489326765188834,21.511648745519715
resnet50,weighted_bce,2026,Pleural Effusion,T3_2017,out_of_sample_prospective,offset,0.03193790018023808,0.13282515000123346,0.0219672314384157,0.02455085675650366,0.8184302049190582,0.16914144200074224,1.2758248484038337,0.07123453964373337,2436,85,0.03489326765188834,21.511648745519715
resnet50,weighted_bce,2026,Pleural Effusion,T3_2017,out_of_sample_prospective,platt,0.03327825434231936,0.13419510417960845,0.026195960524962453,0.023307420835835386,0.8184302049190582,0.16914144200074224,0.7878679943617647,-1.0255634634674864,2436,85,0.03489326765188834,21.511648745519715
resnet50,weighted_bce,2026,Pleural Effusion,T3_2017,out_of_sample_prospective,analytic_weight,0.031429771619925585,0.12733718429975946,0.009560367859679592,0.004961003079267384,0.8184302049190582,0.16914144200074224,1.2745190068198449,0.7326659848716109,2436,85,0.03489326765188834,21.511648745519715
resnet50,weighted_bce,ensemble,Pleural Effusion,T1_2015,out_of_sample_cross_fitted,raw,0.11010975595263317,0.37253973862136697,0.24809276338171157,0.2480927633817116,0.9280785381908977,0.4669499964536171,2.640904360896363,-2.504903407484063,1879,99,0.05268759978712081,21.511648745519715
resnet50,weighted_bce,ensemble,Pleural Effusion,T1_2015,out_of_sample_cross_fitted,temperature,0.0876170702147726,0.2843722974919166,0.16909068353816403,0.16909068353816403,0.9167858358869595,0.42468253855599875,1.5910682848507518,-2.181822286119793,1879,99,0.05268759978712081,21.511648745519715
resnet50,weighted_bce,ensemble,Pleural Effusion,T1_2015,out_of_sample_cross_fitted,offset,0.03843054765505529,0.13985983527142679,0.03905663445938994,0.03882720184090094,0.9263023493360572,0.48969228005279836,2.020163540693225,2.2296315173561894,1879,99,0.05268759978712081,21.511648745519715
resnet50,weighted_bce,ensemble,Pleural Effusion,T1_2015,out_of_sample_cross_fitted,platt,0.0379611040895933,0.13514712438943277,0.02764638072729783,0.0203075085943042,0.9191408466689365,0.4562124640794835,1.6133386384218267,1.182901502324955,1879,99,0.05268759978712081,21.511648745519715
resnet50,weighted_bce,ensemble,Pleural Effusion,T1_2015,out_of_sample_cross_fitted,analytic_weight,0.04024287138550519,0.14051300749828302,0.034265357519161925,0.01915883813731168,0.9281012370900011,0.5111552253786821,1.8539743978855456,2.756824168344915,1879,99,0.05268759978712081,21.511648745519715
resnet50,weighted_bce,ensemble,Pleural Effusion,T2_2016,out_of_sample_prospective,raw,0.12537336872049065,0.40673324758707885,0.2712002859735447,0.27120028597354473,0.8939988433649184,0.28838096969126176,2.0663867253626744,-2.6958291044843685,3987,177,0.04439428141459744,21.511648745519715
resnet50,weighted_bce,ensemble,Pleural Effusion,T2_2016,out_of_sample_prospective,temperature,0.10448782024274211,0.3248418186278414,0.19673048656451103,0.19673048656451106,0.8847294511914824,0.2724249436741296,1.3128899950466781,-2.4555845021690064,3987,177,0.04439428141459744,21.511648745519715
resnet50,weighted_bce,ensemble,Pleural Effusion,T2_2016,out_of_sample_prospective,offset,0.03606993592330625,0.13827675731236538,0.02265993150951799,0.02207199522149979,0.8927636164123554,0.31104842595216625,1.6129130062865629,1.036264315938336,3987,177,0.04439428141459744,21.511648745519715
resnet50,weighted_bce,ensemble,Pleural Effusion,T2_2016,out_of_sample_prospective,platt,0.03635061626433491,0.13562824398880838,0.013707020340305978,0.014739137927276637,0.8843676320121001,0.29466297588788365,1.2808766228869408,0.2054811926894736,3987,177,0.04439428141459744,21.511648745519715
resnet50,weighted_bce,ensemble,Pleural Effusion,T2_2016,out_of_sample_prospective,analytic_weight,0.036673541142477575,0.1357229057517986,0.020192231032761444,0.008043591563718578,0.8942880021353263,0.3158952224460176,1.4614179831459215,1.4264886680461915,3987,177,0.04439428141459744,21.511648745519715
resnet50,weighted_bce,ensemble,Pleural Effusion,T3_2017,out_of_sample_prospective,raw,0.12272523388803698,0.4015340887310412,0.2751185415135099,0.2751185415135099,0.869247128881327,0.27931882575843625,1.9498358459882927,-2.8526225703630836,2436,85,0.03489326765188834,21.511648745519715
resnet50,weighted_bce,ensemble,Pleural Effusion,T3_2017,out_of_sample_prospective,temperature,0.10075315066133304,0.3186902660726146,0.1993020417434255,0.1993020417434255,0.8620662046188106,0.2602251046253079,1.1839596967696453,-2.607965972223321,2436,85,0.03489326765188834,21.511648745519715
resnet50,weighted_bce,ensemble,Pleural Effusion,T3_2017,out_of_sample_prospective,offset,0.02911966269365767,0.12082450143859777,0.02292358961400969,0.025643919414419323,0.8685165261340607,0.27066411507059773,1.5504349945859006,0.700830991550057,2436,85,0.03489326765188834,21.511648745519715
resnet50,weighted_bce,ensemble,Pleural Effusion,T3_2017,out_of_sample_prospective,platt,0.029736808928785594,0.12112012393720378,0.022307657041525143,0.020516920105696536,0.8637075587359571,0.2622412524250503,1.1776844967189992,-0.19112667497490685,2436,85,0.03489326765188834,21.511648745519715
resnet50,weighted_bce,ensemble,Pleural Effusion,T3_2017,out_of_sample_prospective,analytic_weight,0.029130990077649715,0.11493138172193461,0.01575611233499057,0.011957866415264445,0.8689518853053769,0.26589860615755484,1.405205876318822,1.0751202939292832,2436,85,0.03489326765188834,21.511648745519715
resnet50,weighted_bce,42,Pneumonia,T1_2015,out_of_sample_cross_fitted,raw,0.23376749512367428,0.6710058683278516,0.4467025587611174,0.4467025587611174,0.8120010934937123,0.15460552249990062,1.2072372665028042,-3.877218297551871,1879,50,0.026609898882384245,54.094298245614034
resnet50,weighted_bce,42,Pneumonia,T1_2015,out_of_sample_cross_fitted,temperature,0.23616235856595288,0.6707567452765556,0.45443917860878213,0.45443917860878225,0.8119792236194641,0.15295527395753425,1.530456913593903,-3.867706971847148,1879,50,0.026609898882384245,54.094298245614034
resnet50,weighted_bce,42,Pneumonia,T1_2015,out_of_sample_cross_fitted,offset,0.024710712573234234,0.10780629713967681,0.009691191452692654,0.004286211383607815,0.79332422088573,0.1429498802731213,1.1410068405819043,0.4507760560814823,1879,50,0.026609898882384245,54.094298245614034
resnet50,weighted_bce,42,Pneumonia,T1_2015,out_of_sample_cross_fitted,platt,0.024981187236181746,0.10767024432598504,0.006726977809299102,0.0049325357013574826,0.792263531984691,0.14246170310392647,0.9479461864120616,-0.16513447269255688,1879,50,0.026609898882384245,54.094298245614034
resnet50,weighted_bce,42,Pneumonia,T1_2015,out_of_sample_cross_fitted,analytic_weight,0.02466821272543612,0.10699247696779758,0.013442509110517375,0.006086511010806681,0.8120010934937123,0.15460552249990062,1.2080593100974204,0.9438127670802281,1879,50,0.026609898882384245,54.094298245614034
resnet50,weighted_bce,42,Pneumonia,T2_2016,out_of_sample_prospective,raw,0.2347053249805543,0.671080589850222,0.4520015727382804,0.4520015727382804,0.8025212805928768,0.10356129677392721,1.1406915094973318,-4.09815552907854,3987,79,0.01981439678956609,54.094298245614034
resnet50,weighted_bce,42,Pneumonia,T2_2016,out_of_sample_prospective,temperature,0.23624398641801078,0.6691988682693966,0.45945613041374356,0.4594561304137436,0.8025212805928768,0.10356129677392721,1.5275351379793136,-4.095210578729438,3987,79,0.01981439678956609,54.094298245614034
resnet50,weighted_bce,42,Pneumonia,T2_2016,out_of_sample_prospective,offset,0.018860936078160473,0.08836081218264762,0.009266251827778673,0.00567572779933858,0.8025212805928768,0.10356129677392721,1.1410396082049765,0.1980617084028726,3987,79,0.01981439678956609,54.094298245614034
resnet50,weighted_bce,42,Pneumonia,T2_2016,out_of_sample_prospective,platt,0.019146029293119534,0.08813362876798647,0.009533714911423236,0.005357427993982727,0.8025212805928768,0.10356129677392721,0.9444720349705411,-0.4368245144829551,3987,79,0.01981439678956609,54.094298245614034
resnet50,weighted_bce,42,Pneumonia,T2_2016,out_of_sample_prospective,analytic_weight,0.0188028620364295,0.08764938098639945,0.007810832186972761,0.0008981992269380063,0.8025212805928768,0.10356129677392721,1.141333944468066,0.45675074040699515,3987,79,0.01981439678956609,54.094298245614034
resnet50,weighted_bce,42,Pneumonia,T3_2017,out_of_sample_prospective,raw,0.2387609111309573,0.6824528833807387,0.45383233146279767,0.45383233146279767,0.7774937133277451,0.06875848297902079,0.9658262696574593,-4.016149321847833,2436,50,0.020525451559934318,54.094298245614034
resnet50,weighted_bce,42,Pneumonia,T3_2017,out_of_sample_prospective,temperature,0.23944393398795197,0.6771527004637526,0.46081544712724165,0.46081544712724165,0.7774937133277451,0.06875848297902079,1.2950117881242647,-4.014179267554025,2436,50,0.020525451559934318,54.094298245614034
resnet50,weighted_bce,42,Pneumonia,T3_2017,out_of_sample_prospective,offset,0.020130224978859433,0.09359018084293895,0.011414230788548665,0.007040463803544006,0.7774937133277451,0.06875848297902079,0.9655272587747692,-0.3801986486144749,2436,50,0.020525451559934318,54.094298245614034
resnet50,weighted_bce,42,Pneumonia,T3_2017,out_of_sample_prospective,platt,0.020674731869577443,0.09416210504654529,0.012495833839745184,0.005695640278415456,0.7774937133277451,0.06875848297902079,0.8004675945311344,-0.9118543110092477,2436,50,0.020525451559934318,54.094298245614034
resnet50,weighted_bce,42,Pneumonia,T3_2017,out_of_sample_prospective,analytic_weight,0.019988004164152515,0.0928614019142491,0.009342889189077863,0.001293847095741233,0.7774937133277451,0.06875848297902079,0.9479622226256991,-0.22897082516821624,2436,50,0.020525451559934318,54.094298245614034
resnet50,weighted_bce,123,Pneumonia,T1_2015,out_of_sample_cross_fitted,raw,0.12692613805893788,0.4055239220563721,0.21563283726328666,0.21563283726328664,0.8481355932203389,0.20305321786720976,0.6907061368849584,-3.345847645165557,1879,50,0.026609898882384245,54.094298245614034
resnet50,weighted_bce,123,Pneumonia,T1_2015,out_of_sample_cross_fitted,temperature,0.12615969784847672,0.3991792152466726,0.23498444678101665,0.23498444678101665,0.8483214871514488,0.20035092803200213,0.8511091005406022,-3.3493362132212154,1879,50,0.026609898882384245,54.094298245614034
resnet50,weighted_bce,123,Pneumonia,T1_2015,out_of_sample_cross_fitted,offset,0.02391767901035686,0.10047636451395438,0.008242647537599065,0.006940286021467968,0.8452159650082012,0.1918259728710693,0.679229792045087,-0.7807800198653314,1879,50,0.026609898882384245,54.094298245614034
resnet50,weighted_bce,123,Pneumonia,T1_2015,out_of_sample_cross_fitted,platt,0.02395902781703407,0.09910552086564613,0.008193999459360146,0.003726448919886981,0.8344669218151997,0.16299938500658104,0.9273621562467617,-0.18694477073586332,1879,50,0.026609898882384245,54.094298245614034
resnet50,weighted_bce,123,Pneumonia,T1_2015,out_of_sample_cross_fitted,analytic_weight,0.023477348925056027,0.10002888500382878,0.0054596806265096555,0.009698759341574617,0.8481355932203389,0.20305321786720973,0.6891553228674504,-0.5938267979828182,1879,50,0.026609898882384245,54.094298245614034
resnet50,weighted_bce,123,Pneumonia,T2_2016,out_of_sample_prospective,raw,0.12667824819384535,0.3982912714047021,0.2188931845174091,0.21889318451740913,0.871479146962414,0.1450141897665536,0.7340539794230483,-3.6528285542151466,3987,79,0.01981439678956609,54.094298245614034
resnet50,weighted_bce,123,Pneumonia,T2_2016,out_of_sample_prospective,temperature,0.12532826372933342,0.3921482387829805,0.2374481342995764,0.2374481342995764,0.871479146962414,0.1450141897665536,0.9064440672584053,-3.6579722481493997,3987,79,0.01981439678956609,54.094298245614034
resnet50,weighted_bce,123,Pneumonia,T2_2016,out_of_sample_prospective,offset,0.018811860337942184,0.07826447430971903,0.009358222954423453,0.005780910251964521,0.871479146962414,0.1450141897665536,0.7352564908764173,-0.8887298668476675,3987,79,0.01981439678956609,54.094298245614034
resnet50,weighted_bce,123,Pneumonia,T2_2016,out_of_sample_prospective,platt,0.01810518755055373,0.07666157245822246,0.006150549789752893,0.005574756854264997,0.871479146962414,0.1450141897665536,1.064664580105094,-0.09198348631236707,3987,79,0.01981439678956609,54.094298245614034
resnet50,weighted_bce,123,Pneumonia,T2_2016,out_of_sample_prospective,analytic_weight,0.018432064686490574,0.07771648408074575,0.006215370070433653,0.007684582972337447,0.871479146962414,0.1450141897665536,0.7357057907933607,-0.7187984700989688,3987,79,0.01981439678956609,54.094298245614034
resnet50,weighted_bce,123,Pneumonia,T3_2017,out_of_sample_prospective,raw,0.12329857465852967,0.3930464465219068,0.21404324637794797,0.21404324637794797,0.8817141659681476,0.19338163653238483,0.7194910816856027,-3.6221420937591273,2436,50,0.020525451559934318,54.094298245614034
resnet50,weighted_bce,123,Pneumonia,T3_2017,out_of_sample_prospective,temperature,0.12245128191316686,0.38750599664974567,0.23340675590190602,0.23340675590190604,0.8817141659681476,0.19338163653238483,0.888452290603834,-3.626353543054808,2436,50,0.020525451559934318,54.094298245614034
resnet50,weighted_bce,123,Pneumonia,T3_2017,out_of_sample_prospective,offset,0.019415179743132564,0.07996978815057088,0.014784058395792297,0.011528115877407374,0.8817141659681476,0.19338163653238483,0.7212740085639028,-0.909627911434031,2436,50,0.020525451559934318,54.094298245614034
resnet50,weighted_bce,123,Pneumonia,T3_2017,out_of_sample_prospective,platt,0.018490815596924743,0.07772161345173087,0.010522302658723644,0.005473946216061096,0.8817141659681476,0.19338163653238483,1.0442985805621656,-0.13090062501150748,2436,50,0.020525451559934318,54.094298245614034
resnet50,weighted_bce,123,Pneumonia,T3_2017,out_of_sample_prospective,analytic_weight,0.018890592755333762,0.07938294644772849,0.012518630390190747,0.011122445284640403,0.8817141659681476,0.19338163653238483,0.7200571379843796,-0.7508196613327806,2436,50,0.020525451559934318,54.094298245614034
resnet50,weighted_bce,2026,Pneumonia,T1_2015,out_of_sample_cross_fitted,raw,0.13944769867208648,0.4402812813096057,0.2942973586963971,0.2942973586963971,0.8445489338436304,0.22629507785847267,1.2337495557912295,-3.4247671902398347,1879,50,0.026609898882384245,54.094298245614034
resnet50,weighted_bce,2026,Pneumonia,T1_2015,out_of_sample_cross_fitted,temperature,0.13267432339577914,0.4247494256782438,0.25371827489038845,0.25371827489038845,0.8440841990158556,0.22105868932220604,0.8005810888317041,-3.4285289238340626,1879,50,0.026609898882384245,54.094298245614034
resnet50,weighted_bce,2026,Pneumonia,T1_2015,out_of_sample_cross_fitted,offset,0.023349589719481232,0.097297964412742,0.012234017094376659,0.010430505890248047,0.8426298523783489,0.2117898997094237,1.1968875275463233,0.5687538543793842,1879,50,0.026609898882384245,54.094298245614034
resnet50,weighted_bce,2026,Pneumonia,T1_2015,out_of_sample_cross_fitted,platt,0.02388114435978011,0.0986836070046744,0.009313730737818781,0.008219892600513734,0.8355002733734281,0.19555866587483783,0.9296128353178655,-0.19428096872647818,1879,50,0.026609898882384245,54.094298245614034
resnet50,weighted_bce,2026,Pneumonia,T1_2015,out_of_sample_cross_fitted,analytic_weight,0.024002242118710083,0.10077868346041896,0.015806113123325166,0.012458058440299893,0.8445489338436304,0.22629507785847267,1.2366095019132817,1.5060768825077706,1879,50,0.026609898882384245,54.094298245614034
resnet50,weighted_bce,2026,Pneumonia,T2_2016,out_of_sample_prospective,raw,0.14279428359121238,0.4474746414753764,0.30571665101360257,0.30571665101360257,0.8338235103584987,0.11539715625022573,1.1512851242229951,-3.614207349476147,3987,79,0.01981439678956609,54.094298245614034
resnet50,weighted_bce,2026,Pneumonia,T2_2016,out_of_sample_prospective,temperature,0.13499701757685484,0.4254315113179695,0.2647948779085098,0.26479487790850975,0.8338235103584987,0.11539715625022573,0.7653937691744762,-3.616105678092453,3987,79,0.01981439678956609,54.094298245614034
resnet50,weighted_bce,2026,Pneumonia,T2_2016,out_of_sample_prospective,offset,0.01855081264977045,0.08308720270269972,0.006956108137701244,0.005475909971058132,0.8338235103584987,0.11539715625022573,1.1522127192970104,0.2124242354553808,3987,79,0.01981439678956609,54.094298245614034
resnet50,weighted_bce,2026,Pneumonia,T2_2016,out_of_sample_prospective,platt,0.018763372969656626,0.0827580572944982,0.005814318031458536,0.004580455215429613,0.8338235103584987,0.11539715625022573,0.9328332723109855,-0.4202424228549665,3987,79,0.01981439678956609,54.094298245614034
resnet50,weighted_bce,2026,Pneumonia,T2_2016,out_of_sample_prospective,analytic_weight,0.01867486229355396,0.08391339056594722,0.00914599828443297,0.0068051667887656635,0.8338235103584987,0.11539715625022573,1.1516552586139688,0.9819726391288781,3987,79,0.01981439678956609,54.094298245614034
resnet50,weighted_bce,2026,Pneumonia,T3_2017,out_of_sample_prospective,raw,0.14537551623457173,0.45335643649167284,0.3079801922093461,0.307980192209346,0.8105699916177703,0.13614446545658426,1.097219713947226,-3.590684173441974,2436,50,0.020525451559934318,54.094298245614034
resnet50,weighted_bce,2026,Pneumonia,T3_2017,out_of_sample_prospective,temperature,0.13818185017016457,0.43357101680568666,0.2682509789492228,0.26825097894922284,0.8105699916177703,0.13614446545658426,0.7293864087123795,-3.592263255588086,2436,50,0.020525451559934318,54.094298245614034
resnet50,weighted_bce,2026,Pneumonia,T3_2017,out_of_sample_prospective,offset,0.018988787627039268,0.08580434156533033,0.005638050136913556,0.005960034390093113,0.8105699916177703,0.13614446545658426,1.0983983745116603,0.057685059623285975,2436,50,0.020525451559934318,54.094298245614034
resnet50,weighted_bce,2026,Pneumonia,T3_2017,out_of_sample_prospective,platt,0.019172292963920767,0.08579150153926629,0.006808233808649897,0.004473940760088103,0.8105699916177703,0.13614446545658426,0.8881150454574497,-0.5507970787464548,2436,50,0.020525451559934318,54.094298245614034
resnet50,weighted_bce,2026,Pneumonia,T3_2017,out_of_sample_prospective,analytic_weight,0.019167354470601985,0.08677290595905027,0.010403457930955668,0.00684261163817793,0.8105699916177703,0.13614446545658426,1.0974243466780493,0.7888916315577633,2436,50,0.020525451559934318,54.094298245614034
resnet50,weighted_bce,ensemble,Pneumonia,T1_2015,out_of_sample_cross_fitted,raw,0.14346069812861967,0.46401256784044764,0.3188775848915752,0.3188775848915752,0.854029524330235,0.22774057160958397,1.4327646160284422,-3.551045218457986,1879,50,0.026609898882384245,54.094298245614034
resnet50,weighted_bce,ensemble,Pneumonia,T1_2015,out_of_sample_cross_fitted,temperature,0.14041235859179685,0.45679094748074267,0.3143806334267291,0.31438063342672906,0.8551448879168945,0.22484431479368278,1.4434304826312214,-3.530523809765002,1879,50,0.026609898882384245,54.094298245614034
resnet50,weighted_bce,ensemble,Pneumonia,T1_2015,out_of_sample_cross_fitted,offset,0.023039591262286847,0.09504317357630743,0.009844640514374987,0.007473007410693313,0.8471733187534171,0.22279877848963525,1.2548203323134755,0.7218570877705962,1879,50,0.026609898882384245,54.094298245614034
resnet50,weighted_bce,ensemble,Pneumonia,T1_2015,out_of_sample_cross_fitted,platt,0.023423123007470077,0.09635190619459907,0.011359455539112866,0.011091526317794751,0.8420667031164571,0.20176435501711565,1.21285057682304,0.6151765792604519,1879,50,0.026609898882384245,54.094298245614034
resnet50,weighted_bce,ensemble,Pneumonia,T1_2015,out_of_sample_cross_fitted,analytic_weight,0.023307149857856008,0.09543961115153751,0.01077194291271295,0.0072520159906967925,0.8498523783488244,0.23392605073395503,1.257317190889702,1.1636493351175066,1879,50,0.026609898882384245,54.094298245614034
resnet50,weighted_bce,ensemble,Pneumonia,T2_2016,out_of_sample_prospective,raw,0.1445937093825743,0.46593040194204527,0.3255371360444953,0.32553713604449536,0.8724945907777619,0.1417301991399436,1.406508135565923,-3.759695679415405,3987,79,0.01981439678956609,54.094298245614034
resnet50,weighted_bce,ensemble,Pneumonia,T2_2016,out_of_sample_prospective,temperature,0.1409835517798623,0.45724545742116324,0.32056638085478856,0.3205663808547885,0.8734501120713112,0.12673657294758955,1.4211968672768323,-3.7243776835792612,3987,79,0.01981439678956609,54.094298245614034
resnet50,weighted_bce,ensemble,Pneumonia,T2_2016,out_of_sample_prospective,offset,0.01798323327388138,0.07799610924545616,0.007153925479310072,0.005142878723915471,0.8694531179145666,0.15742718462219463,1.326596690417114,0.7052476431753314,3987,79,0.01981439678956609,54.094298245614034
resnet50,weighted_bce,ensemble,Pneumonia,T2_2016,out_of_sample_prospective,platt,0.018063688599038192,0.07827773278266238,0.007891424555068213,0.005682868615115411,0.8701236023476672,0.15372031702862474,1.3090956278560382,0.6646138576106764,3987,79,0.01981439678956609,54.094298245614034
resnet50,weighted_bce,ensemble,Pneumonia,T2_2016,out_of_sample_prospective,analytic_weight,0.018058698606188722,0.07726712190464058,0.007176802093375697,0.0017950053038068541,0.8693818586994544,0.1568697732544518,1.2960957128173802,1.0646488073482534,3987,79,0.01981439678956609,54.094298245614034
resnet50,weighted_bce,ensemble,Pneumonia,T3_2017,out_of_sample_prospective,raw,0.14521173562109302,0.4683827516105666,0.32528525667154834,0.3252852566715483,0.8776529756915339,0.1465178356516466,1.3066687948130742,-3.7095399781748184,2436,50,0.020525451559934318,54.094298245614034
resnet50,weighted_bce,ensemble,Pneumonia,T3_2017,out_of_sample_prospective,temperature,0.14197999297126837,0.4602677105058082,0.32082439374869876,0.32082439374869876,0.8756496227996647,0.14820418502495014,1.3297582462289166,-3.6766216442421635,2436,50,0.020525451559934318,54.094298245614034
resnet50,weighted_bce,ensemble,Pneumonia,T3_2017,out_of_sample_prospective,offset,0.01862402738469592,0.08148166461206656,0.009042402686620413,0.007352228987587719,0.8701089689857503,0.19507871975222194,1.2037757021291513,0.3469254962564041,2436,50,0.020525451559934318,54.094298245614034
resnet50,weighted_bce,ensemble,Pneumonia,T3_2017,out_of_sample_prospective,platt,0.018779726404891686,0.08157078058694568,0.007656361697398795,0.006479379241513424,0.8720368818105615,0.1780273140285961,1.1986478852472071,0.33999605096773183,2436,50,0.020525451559934318,54.094298245614034
resnet50,weighted_bce,ensemble,Pneumonia,T3_2017,out_of_sample_prospective,analytic_weight,0.018646840713015807,0.08088859255850386,0.009934688402738954,0.002339298223842652,0.8718943839061191,0.2007473837775519,1.1716290822948163,0.6581686564206083,2436,50,0.020525451559934318,54.094298245614034
