coverage,retained_samples,deferred_samples,p_defer_given_pos,p_defer_given_neg,retained_positives,retained_prevalence,automated_false_negatives,automated_false_positives,sensitivity_retained,specificity_retained,ppv_retained,npv_retained,brier_score,ece,ece_equal_width,ece_equal_mass,auroc,auprc,architecture,loss_type,seed,target,temporal_bin,calibration_method,threshold_method,threshold_value
0.5,940,939,0.9191919191919192,0.4764044943820225,8.0,0.00851063829787234,0.0,2.0,1.0,0.9978540772532188,0.8,1.0,0.0020498078198640892,0.005104536853564051,0.008469278931228497,0.005104536853564051,0.9986587982832619,0.8385912698412699,densenet121,unweighted_bce,ensemble,Pleural Effusion,T1_2015,raw,youden_validation,0.020260223798685823
0.6,1128,751,0.8080808080808081,0.37696629213483146,19.0,0.016843971631205674,0.0,12.0,1.0,0.9891794409377818,0.6129032258064516,1.0,0.006214601623971569,0.0059155469838642425,0.012020517844476317,0.0059155469838642425,0.9967253571259076,0.7846402753308688,densenet121,unweighted_bce,ensemble,Pleural Effusion,T1_2015,raw,youden_validation,0.020260223798685823
0.7,1316,563,0.5555555555555556,0.2853932584269663,44.0,0.03343465045592705,0.0,24.0,1.0,0.9811320754716981,0.6470588235294118,1.0,0.014931218651675874,0.016391817699830474,0.01916901288629488,0.016391817699830474,0.9910305889079474,0.7068158371082146,densenet121,unweighted_bce,ensemble,Pleural Effusion,T1_2015,raw,youden_validation,0.020260223798685823
0.8,1504,375,0.26262626262626265,0.1960674157303371,73.0,0.04853723404255319,1.0,108.0,0.9863013698630136,0.9245283018867925,0.4,0.9992447129909365,0.028046572592445446,0.025329230552049567,0.026322386508774682,0.025329230552049567,0.9803471085456095,0.6456866156567375,densenet121,unweighted_bce,ensemble,Pleural Effusion,T1_2015,raw,youden_validation,0.020260223798685823
0.9,1692,187,0.16161616161616163,0.09606741573033707,83.0,0.04905437352245863,1.0,269.0,0.9879518072289156,0.8328154133001865,0.2336182336182336,0.9992542878448919,0.030437422097865707,0.02344814155502134,0.02280853190967098,0.02344814155502134,0.971246078159749,0.6068254968300392,densenet121,unweighted_bce,ensemble,Pleural Effusion,T1_2015,raw,youden_validation,0.020260223798685823
1.0,1879,0,0.0,0.0,99.0,0.05268759978712081,1.0,432.0,0.98989898989899,0.7573033707865169,0.18490566037735848,0.9992587101556709,0.035556949456184185,0.026132167197926444,0.01807169685386915,0.026132167197926444,0.9449211213256157,0.541540308916199,densenet121,unweighted_bce,ensemble,Pleural Effusion,T1_2015,raw,youden_validation,0.020260223798685823
0.5,940,939,1.0,0.47191011235955055,0.0,0.0,0.0,0.0,,1.0,,1.0,2.8223261919281894e-05,0.004935771902233736,0.004935771902233736,0.004935771902233736,,,densenet121,unweighted_bce,ensemble,Pleural Effusion,T1_2015,raw,fixed_0.5,0.5
0.6,1128,751,1.0,0.36629213483146067,0.0,0.0,0.0,0.0,,1.0,,1.0,4.2400095355381666e-05,0.0058806759693338356,0.005880675969333836,0.0058806759693338356,,,densenet121,unweighted_bce,ensemble,Pleural Effusion,T1_2015,raw,fixed_0.5,0.5
0.7,1316,563,0.98989898989899,0.2612359550561798,1.0,0.0007598784194528875,1.0,0.0,0.0,1.0,,0.9992401215805471,0.0008041447251160756,0.006438266719972905,0.006438266719972904,0.006438266719972905,0.9604562737642586,0.018867924528301886,densenet121,unweighted_bce,ensemble,Pleural Effusion,T1_2015,raw,fixed_0.5,0.5
0.8,1504,375,0.8585858585858586,0.16292134831460675,14.0,0.009308510638297872,14.0,0.0,0.0,1.0,,0.9906914893617021,0.009007547799626805,0.01093768334084607,3.838250304661825e-05,0.01093768334084607,0.936673058485139,0.13895090487506678,densenet121,unweighted_bce,ensemble,Pleural Effusion,T1_2015,raw,fixed_0.5,0.5
0.9,1692,187,0.7373737373737373,0.06404494382022471,26.0,0.015366430260047281,26.0,0.0,0.0,1.0,,0.9846335697399528,0.014658934099180057,0.011548402930029313,0.001860135518652023,0.011548402930029313,0.8903638378428295,0.0990561971610559,densenet121,unweighted_bce,ensemble,Pleural Effusion,T1_2015,raw,fixed_0.5,0.5
1.0,1879,0,0.0,0.0,99.0,0.05268759978712081,84.0,4.0,0.15151515151515152,0.9977528089887641,0.7894736842105263,0.9548387096774194,0.03555694945618418,0.026132167197926447,0.01807169685386915,0.026132167197926447,0.9449211213256157,0.541540308916199,densenet121,unweighted_bce,ensemble,Pleural Effusion,T1_2015,raw,fixed_0.5,0.5
0.5,940,939,0.9090909090909091,0.47696629213483144,9.0,0.009574468085106383,0.0,2.0,1.0,0.9978517722878625,0.8181818181818182,1.0,0.0024053279584629753,0.007991507191015722,0.010384234504810127,0.007991507191015722,0.9985678481919082,0.8363235529902198,densenet121,unweighted_bce,ensemble,Pleural Effusion,T1_2015,temperature,youden_validation,0.030135552088419598
0.6,1128,751,0.7676767676767676,0.3792134831460674,23.0,0.020390070921985817,0.0,13.0,1.0,0.9882352941176471,0.6388888888888888,1.0,0.007724388587930659,0.010619398036244232,0.012984603833856518,0.010619398036244232,0.9952783789100925,0.7593810769817286,densenet121,unweighted_bce,ensemble,Pleural Effusion,T1_2015,temperature,youden_validation,0.030135552088419598
0.7,1316,563,0.5151515151515151,0.2876404494382023,48.0,0.0364741641337386,0.0,27.0,1.0,0.9787066246056783,0.64,1.0,0.01663807591967108,0.0212001571014262,0.02316600580048164,0.0212001571014262,0.9899940851735015,0.701763338349888,densenet121,unweighted_bce,ensemble,Pleural Effusion,T1_2015,temperature,youden_validation,0.030135552088419598
0.8,1504,375,0.25252525252525254,0.19662921348314608,74.0,0.04920212765957447,1.0,112.0,0.9864864864864865,0.9216783216783216,0.3945945945945946,0.9992418498862775,0.028120464053749506,0.024917552636358937,0.026617469283234208,0.024917552636358937,0.9787563787563788,0.6398301153623548,densenet121,unweighted_bce,ensemble,Pleural Effusion,T1_2015,temperature,youden_validation,0.030135552088419598
0.9,1692,187,0.1414141414141414,0.09719101123595505,85.0,0.050236406619385346,1.0,270.0,0.9882352941176471,0.8319850653391413,0.23728813559322035,0.9992526158445441,0.031098453342718914,0.023300447480641282,0.025308160955061165,0.023300447480641282,0.9670046487792379,0.5952307675516892,densenet121,unweighted_bce,ensemble,Pleural Effusion,T1_2015,temperature,youden_validation,0.030135552088419598
1.0,1879,0,0.0,0.0,99.0,0.05268759978712081,1.0,433.0,0.98989898989899,0.7567415730337078,0.18455743879472694,0.9992581602373887,0.03504878753913469,0.026840212178007104,0.019018620592164266,0.026840212178007104,0.9447849279309953,0.539581165163661,densenet121,unweighted_bce,ensemble,Pleural Effusion,T1_2015,temperature,youden_validation,0.030135552088419598
0.5,940,939,1.0,0.47191011235955055,0.0,0.0,0.0,0.0,,1.0,,1.0,7.509054435871205e-05,0.008050193339212657,0.008050193339212655,0.008050193339212657,,,densenet121,unweighted_bce,ensemble,Pleural Effusion,T1_2015,temperature,fixed_0.5,0.5
0.6,1128,751,1.0,0.36629213483146067,0.0,0.0,0.0,0.0,,1.0,,1.0,0.0001101271062891883,0.009513876022598372,0.009513876022598374,0.009513876022598372,,,densenet121,unweighted_bce,ensemble,Pleural Effusion,T1_2015,temperature,fixed_0.5,0.5
0.7,1316,563,0.98989898989899,0.2612359550561798,1.0,0.0007598784194528875,1.0,0.0,0.0,1.0,,0.9992401215805471,0.0008957050465944572,0.010710715835025805,0.010710715835025803,0.010710715835025805,0.9460076045627377,0.013888888888888888,densenet121,unweighted_bce,ensemble,Pleural Effusion,T1_2015,temperature,fixed_0.5,0.5
0.8,1504,375,0.8585858585858586,0.16292134831460675,14.0,0.009308510638297872,14.0,0.0,0.0,1.0,,0.9906914893617021,0.008963767624093682,0.013754474913378334,0.005096056146290169,0.013754474913378334,0.9404122722914668,0.1066458564304645,densenet121,unweighted_bce,ensemble,Pleural Effusion,T1_2015,temperature,fixed_0.5,0.5
0.9,1692,187,0.7474747474747475,0.06348314606741573,25.0,0.014775413711583925,25.0,0.0,0.0,1.0,,0.985224586288416,0.01414084867225385,0.01326283280484112,0.005369410538055664,0.01326283280484112,0.886502699460108,0.10027318972329899,densenet121,unweighted_bce,ensemble,Pleural Effusion,T1_2015,temperature,fixed_0.5,0.5
1.0,1879,0,0.0,0.0,99.0,0.05268759978712081,86.0,3.0,0.13131313131313133,0.998314606741573,0.8125,0.9538378958668814,0.03504878753913469,0.026840212178007104,0.019018620592164266,0.026840212178007104,0.9447849279309953,0.539581165163661,densenet121,unweighted_bce,ensemble,Pleural Effusion,T1_2015,temperature,fixed_0.5,0.5
0.5,940,939,0.8484848484848485,0.4803370786516854,15.0,0.015957446808510637,0.0,9.0,1.0,0.9902702702702703,0.625,1.0,0.005732460429050114,0.008836738453888073,0.009665300211361309,0.008836738453888073,0.9975495495495494,0.8131671722383796,densenet121,unweighted_bce,ensemble,Pleural Effusion,T1_2015,offset,youden_validation,0.03435454269250234
0.6,1128,751,0.696969696969697,0.3831460674157303,30.0,0.026595744680851064,0.0,17.0,1.0,0.9845173041894353,0.6382978723404256,1.0,0.009807027757701786,0.008177218097693398,0.012805310760423858,0.008177218097693398,0.9928051001821493,0.7198977378913689,densenet121,unweighted_bce,ensemble,Pleural Effusion,T1_2015,offset,youden_validation,0.03435454269250234
0.7,1316,563,0.46464646464646464,0.29044943820224717,53.0,0.04027355623100304,0.0,28.0,1.0,0.9778305621536025,0.654320987654321,1.0,0.01657519023736678,0.01748728570739862,0.021531101174466976,0.01748728570739862,0.988795769282481,0.691747243052687,densenet121,unweighted_bce,ensemble,Pleural Effusion,T1_2015,offset,youden_validation,0.03435454269250234
0.8,1504,375,0.24242424242424243,0.19719101123595506,75.0,0.049867021276595744,1.0,110.0,0.9866666666666667,0.9230230930720784,0.40217391304347827,0.9992424242424243,0.026453415818425266,0.01821313626443908,0.0207241814610512,0.01821313626443908,0.9781852111033356,0.6326568162758119,densenet121,unweighted_bce,ensemble,Pleural Effusion,T1_2015,offset,youden_validation,0.03435454269250234
0.9,1692,187,0.15151515151515152,0.09662921348314607,84.0,0.04964539007092199,1.0,259.0,0.9880952380952381,0.8389303482587065,0.24269005847953215,0.9992592592592593,0.02869134601088088,0.017287505554135513,0.018335739813218475,0.017287505554135513,0.968661158493248,0.5955870178491847,densenet121,unweighted_bce,ensemble,Pleural Effusion,T1_2015,offset,youden_validation,0.03435454269250234
1.0,1879,0,0.0,0.0,99.0,0.05268759978712081,1.0,418.0,0.98989898989899,0.7651685393258427,0.18992248062015504,0.9992663242846662,0.03333535184200217,0.01967424276351326,0.012802391964627022,0.01967424276351326,0.9451140619679945,0.5364085198551407,densenet121,unweighted_bce,ensemble,Pleural Effusion,T1_2015,offset,youden_validation,0.03435454269250234
0.5,940,939,1.0,0.47191011235955055,0.0,0.0,0.0,0.0,,1.0,,1.0,7.652295049139067e-05,0.00810495044239902,0.008104950442399018,0.00810495044239902,,,densenet121,unweighted_bce,ensemble,Pleural Effusion,T1_2015,offset,fixed_0.5,0.5
0.6,1128,751,1.0,0.36629213483146067,0.0,0.0,0.0,0.0,,1.0,,1.0,0.00011544526789212298,0.009678508485886805,0.009678508485886804,0.009678508485886805,,,densenet121,unweighted_bce,ensemble,Pleural Effusion,T1_2015,offset,fixed_0.5,0.5
0.7,1316,563,0.98989898989899,0.2612359550561798,1.0,0.0007598784194528875,1.0,0.0,0.0,1.0,,0.9992401215805471,0.0009071228243581856,0.01109009434831788,0.01109009434831788,0.01109009434831788,0.9650190114068441,0.02127659574468085,densenet121,unweighted_bce,ensemble,Pleural Effusion,T1_2015,offset,fixed_0.5,0.5
0.8,1504,375,0.8686868686868687,0.16235955056179777,13.0,0.008643617021276596,13.0,0.0,0.0,1.0,,0.9913563829787234,0.008337719640508105,0.014377095257973871,0.006609567036042117,0.014377095257973871,0.939121910952897,0.06953702292582736,densenet121,unweighted_bce,ensemble,Pleural Effusion,T1_2015,offset,fixed_0.5,0.5
0.9,1692,187,0.7474747474747475,0.06348314606741573,25.0,0.014775413711583925,25.0,0.0,0.0,1.0,,0.985224586288416,0.014185255188711585,0.015629438777787427,0.007479051015741271,0.015629438777787427,0.8879664067186562,0.10057962162950601,densenet121,unweighted_bce,ensemble,Pleural Effusion,T1_2015,offset,fixed_0.5,0.5
1.0,1879,0,0.0,0.0,99.0,0.05268759978712081,72.0,15.0,0.2727272727272727,0.9915730337078652,0.6428571428571429,0.9608056614044638,0.03333535184200216,0.019674242763513268,0.012802391964627017,0.019674242763513268,0.9451140619679945,0.5364085198551407,densenet121,unweighted_bce,ensemble,Pleural Effusion,T1_2015,offset,fixed_0.5,0.5
0.5,940,939,0.8383838383838383,0.48089887640449436,16.0,0.01702127659574468,0.0,8.0,1.0,0.9913419913419913,0.6666666666666666,1.0,0.006087990089231351,0.006389808970159213,0.008411621559615222,0.006389808970159213,0.9950622294372294,0.6822344635881534,densenet121,unweighted_bce,ensemble,Pleural Effusion,T1_2015,platt,youden_validation,0.027316883206367493
0.6,1128,751,0.696969696969697,0.3831460674157303,30.0,0.026595744680851064,0.0,15.0,1.0,0.9863387978142076,0.6666666666666666,1.0,0.00970210548316578,0.006015090274015065,0.010801199504353045,0.006015090274015065,0.9916211293260474,0.6513283074693345,densenet121,unweighted_bce,ensemble,Pleural Effusion,T1_2015,platt,youden_validation,0.027316883206367493
0.7,1316,563,0.494949494949495,0.28876404494382024,50.0,0.037993920972644375,1.0,31.0,0.98,0.9755134281200631,0.6125,0.9991909385113269,0.01619664613267612,0.008144122752968554,0.013681559012836558,0.008144122752968554,0.9880252764612955,0.6432934282397924,densenet121,unweighted_bce,ensemble,Pleural Effusion,T1_2015,platt,youden_validation,0.027316883206367493
0.8,1504,375,0.2727272727272727,0.19550561797752808,72.0,0.047872340425531915,1.0,113.0,0.9861111111111112,0.9210893854748603,0.3858695652173913,0.9992424242424243,0.024823138023788677,0.011252598509225796,0.0166183679648513,0.011252598509225796,0.9799813780260708,0.6117040466576268,densenet121,unweighted_bce,ensemble,Pleural Effusion,T1_2015,platt,youden_validation,0.027316883206367493
0.9,1692,187,0.1414141414141414,0.09719101123595505,85.0,0.050236406619385346,2.0,262.0,0.9764705882352941,0.8369632856253889,0.24057971014492754,0.9985152190051967,0.029101547472688512,0.010712760193872933,0.015441940306265983,0.010712760193872933,0.9667118122918116,0.5659616553666328,densenet121,unweighted_bce,ensemble,Pleural Effusion,T1_2015,platt,youden_validation,0.027316883206367493
1.0,1879,0,0.0,0.0,99.0,0.05268759978712081,2.0,427.0,0.9797979797979798,0.7601123595505618,0.1851145038167939,0.9985239852398524,0.03326237761659836,0.012602725151113995,0.010159507543471039,0.012602725151113995,0.9437351038474633,0.5139392438894069,densenet121,unweighted_bce,ensemble,Pleural Effusion,T1_2015,platt,youden_validation,0.027316883206367493
0.5,940,939,1.0,0.47191011235955055,0.0,0.0,0.0,0.0,,1.0,,1.0,2.5573037451213667e-05,0.004422005459212976,0.0044220054592129755,0.004422005459212976,,,densenet121,unweighted_bce,ensemble,Pleural Effusion,T1_2015,platt,fixed_0.5,0.5
0.6,1128,751,1.0,0.36629213483146067,0.0,0.0,0.0,0.0,,1.0,,1.0,4.5634140858142435e-05,0.005683232963452723,0.005683232963452723,0.005683232963452723,,,densenet121,unweighted_bce,ensemble,Pleural Effusion,T1_2015,platt,fixed_0.5,0.5
0.7,1316,563,0.98989898989899,0.2612359550561798,1.0,0.0007598784194528875,1.0,0.0,0.0,1.0,,0.9992401215805471,0.0008226092122078465,0.0068034106983798255,0.0068034106983798255,0.0068034106983798255,0.9262357414448669,0.01020408163265306,densenet121,unweighted_bce,ensemble,Pleural Effusion,T1_2015,platt,fixed_0.5,0.5
0.8,1504,375,0.8585858585858586,0.16292134831460675,14.0,0.009308510638297872,14.0,0.0,0.0,1.0,,0.9906914893617021,0.008936101271797545,0.010366052605656238,0.0014740063425632156,0.010366052605656238,0.9310642377756472,0.07276426382007432,densenet121,unweighted_bce,ensemble,Pleural Effusion,T1_2015,platt,fixed_0.5,0.5
0.9,1692,187,0.7272727272727273,0.06460674157303371,27.0,0.015957446808510637,26.0,1.0,0.037037037037037035,0.9993993993993994,0.5,0.9846153846153847,0.015050077381211962,0.011178701332881015,0.0032303881276063333,0.011178701332881015,0.8922255588922255,0.1302145694432256,densenet121,unweighted_bce,ensemble,Pleural Effusion,T1_2015,platt,fixed_0.5,0.5
1.0,1879,0,0.0,0.0,99.0,0.05268759978712081,69.0,17.0,0.30303030303030304,0.9904494382022472,0.6382978723404256,0.9623362445414847,0.03326237761659835,0.012602725151113995,0.010159507543471037,0.012602725151113995,0.9437351038474633,0.5139392438894069,densenet121,unweighted_bce,ensemble,Pleural Effusion,T1_2015,platt,fixed_0.5,0.5
0.5,940,939,,,,,0.48,,,,,,0.035551838418586536,,,,,,densenet121,unweighted_bce,ensemble,Pleural Effusion,T1_2015,random_baseline,youden_validation,0.020260223798685823
0.6,1128,751,,,,,0.68,,,,,,0.03561687825826862,,,,,,densenet121,unweighted_bce,ensemble,Pleural Effusion,T1_2015,random_baseline,youden_validation,0.020260223798685823
0.7,1316,563,,,,,0.7,,,,,,0.0355223996457229,,,,,,densenet121,unweighted_bce,ensemble,Pleural Effusion,T1_2015,random_baseline,youden_validation,0.020260223798685823
0.8,1504,375,,,,,0.77,,,,,,0.03527720130498743,,,,,,densenet121,unweighted_bce,ensemble,Pleural Effusion,T1_2015,random_baseline,youden_validation,0.020260223798685823
0.9,1692,187,,,,,0.93,,,,,,0.035434320638465334,,,,,,densenet121,unweighted_bce,ensemble,Pleural Effusion,T1_2015,random_baseline,youden_validation,0.020260223798685823
1.0,1879,0,,,,,1.0,,,,,,0.035556949456184164,,,,,,densenet121,unweighted_bce,ensemble,Pleural Effusion,T1_2015,random_baseline,youden_validation,0.020260223798685823
0.5,1994,1993,0.8700564971751412,0.4826771653543307,23.0,0.011534603811434303,5.0,12.0,0.782608695652174,0.9939117199391172,0.6,0.9974541751527495,0.005937476267090573,0.0027100920694133747,0.004937598131167125,0.0027100920694133747,0.9409701541923102,0.6007286457962832,densenet121,unweighted_bce,ensemble,Pleural Effusion,T2_2016,raw,youden_validation,0.020260223798685823
0.6,2393,1594,0.7062146892655368,0.38556430446194223,52.0,0.02173004596740493,8.0,44.0,0.8461538461538461,0.9812046134130713,0.5,0.996529284164859,0.012249354027417734,0.0031966631492444625,0.005853664769109247,0.0031966631492444625,0.9533072651398152,0.5499421948664147,densenet121,unweighted_bce,ensemble,Pleural Effusion,T2_2016,raw,youden_validation,0.020260223798685823
0.7,2791,1196,0.4576271186440678,0.2926509186351706,96.0,0.034396273737011825,13.0,135.0,0.8645833333333334,0.9499072356215214,0.38073394495412843,0.9949475320637389,0.022422987265890777,0.005639796396444255,0.008819696211972036,0.005639796396444255,0.9480287569573285,0.4769727515753997,densenet121,unweighted_bce,ensemble,Pleural Effusion,T2_2016,raw,youden_validation,0.020260223798685823
0.8,3190,797,0.1977401129943503,0.2,142.0,0.0445141065830721,18.0,376.0,0.8732394366197183,0.8766404199475065,0.248,0.9933085501858736,0.032262921744971834,0.009885221720265087,0.009395528458977818,0.009885221720265087,0.9306171675723633,0.41725150381616394,densenet121,unweighted_bce,ensemble,Pleural Effusion,T2_2016,raw,youden_validation,0.020260223798685823
0.9,3589,398,0.04519774011299435,0.10236220472440945,169.0,0.0470883254388409,18.0,716.0,0.893491124260355,0.7906432748538011,0.17416378316032297,0.9933872152828802,0.03571319720752643,0.011715696531244282,0.011264929841949278,0.011715696531244282,0.9120419391674451,0.3809417450309644,densenet121,unweighted_bce,ensemble,Pleural Effusion,T2_2016,raw,youden_validation,0.020260223798685823
1.0,3987,0,0.0,0.0,177.0,0.04439428141459744,18.0,1095.0,0.8983050847457628,0.7125984251968503,0.12679425837320574,0.9934138309549945,0.03412156913691426,0.01009783969784309,0.009629678578622092,0.01009783969784309,0.9030739801592598,0.3674306766691528,densenet121,unweighted_bce,ensemble,Pleural Effusion,T2_2016,raw,youden_validation,0.020260223798685823
0.5,1994,1993,0.9717514124293786,0.4779527559055118,5.0,0.0025075225677031092,5.0,0.0,0.0,1.0,,0.9974924774322969,0.0025055864130658564,0.0028363720336231457,0.00274296467205541,0.0028363720336231457,0.7286073403720462,0.00572681813611633,densenet121,unweighted_bce,ensemble,Pleural Effusion,T2_2016,raw,fixed_0.5,0.5
0.6,2393,1594,0.9491525423728814,0.3742782152230971,9.0,0.0037609694943585457,9.0,0.0,0.0,1.0,,0.9962390305056414,0.0037423621410194664,0.002656304107777259,0.0026563041077772593,0.002656304107777259,0.7527498135719612,0.011350205778048348,densenet121,unweighted_bce,ensemble,Pleural Effusion,T2_2016,raw,fixed_0.5,0.5
0.7,2791,1196,0.8983050847457628,0.2721784776902887,18.0,0.006449301325689717,18.0,0.0,0.0,1.0,,0.9935506986743102,0.006366313201025022,0.002856727890026877,0.001578985151135556,0.002856727890026877,0.7856312858115959,0.019211527045696033,densenet121,unweighted_bce,ensemble,Pleural Effusion,T2_2016,raw,fixed_0.5,0.5
0.8,3190,797,0.8305084745762712,0.17060367454068243,30.0,0.009404388714733543,30.0,0.0,0.0,1.0,,0.9905956112852664,0.00922332716749008,0.0035331518832553603,0.001036052104690122,0.0035331518832553603,0.7876898734177216,0.030404549520313667,densenet121,unweighted_bce,ensemble,Pleural Effusion,T2_2016,raw,fixed_0.5,0.5
0.9,3589,398,0.6214689265536724,0.07559055118110236,67.0,0.018668152688771245,67.0,0.0,0.0,1.0,,0.9813318473112288,0.017652601998282346,0.007059459197080498,0.003594621666398479,0.007059459197080498,0.8464449473247053,0.10305247061560478,densenet121,unweighted_bce,ensemble,Pleural Effusion,T2_2016,raw,fixed_0.5,0.5
1.0,3987,0,0.0,0.0,177.0,0.04439428141459744,157.0,14.0,0.11299435028248588,0.9963254593175853,0.5882352941176471,0.9602833291171262,0.03412156913691426,0.01009783969784309,0.009629678578622089,0.01009783969784309,0.9030739801592598,0.3674306766691528,densenet121,unweighted_bce,ensemble,Pleural Effusion,T2_2016,raw,fixed_0.5,0.5
0.5,1994,1993,0.864406779661017,0.48293963254593175,24.0,0.012036108324974924,5.0,14.0,0.7916666666666666,0.9928934010152284,0.5757575757575758,0.9974502804691484,0.006347789174950553,0.005713259644802647,0.006738769215575551,0.005713259644802647,0.9508248730964467,0.6028601939317074,densenet121,unweighted_bce,ensemble,Pleural Effusion,T2_2016,temperature,youden_validation,0.030135552088419598
0.6,2393,1594,0.6892655367231638,0.3863517060367454,55.0,0.022983702465524447,8.0,56.0,0.8545454545454545,0.9760479041916168,0.4563106796116505,0.9965065502183406,0.01342368626958702,0.006163152082049903,0.008100851854979616,0.006163152082049903,0.9559219223889882,0.5421601449249106,densenet121,unweighted_bce,ensemble,Pleural Effusion,T2_2016,temperature,youden_validation,0.030135552088419598
0.7,2791,1196,0.4293785310734463,0.29396325459317585,101.0,0.03618774632748119,12.0,160.0,0.8811881188118812,0.9405204460966543,0.357429718875502,0.995279307631786,0.023755246046340432,0.007531866573887791,0.010595369803749586,0.007531866573887791,0.9490117413228312,0.4711292428017981,densenet121,unweighted_bce,ensemble,Pleural Effusion,T2_2016,temperature,youden_validation,0.030135552088419598
0.8,3190,797,0.1751412429378531,0.2010498687664042,146.0,0.045768025078369905,15.0,404.0,0.8972602739726028,0.8672798948751642,0.24485981308411214,0.9943502824858758,0.033046779192427295,0.010128376921449082,0.007627189087573451,0.010128376921449082,0.9298080211689738,0.41194873276124255,densenet121,unweighted_bce,ensemble,Pleural Effusion,T2_2016,temperature,youden_validation,0.030135552088419598
0.9,3589,398,0.06779661016949153,0.10131233595800525,165.0,0.0459738088604068,15.0,749.0,0.9090909090909091,0.78125,0.1668520578420467,0.9944237918215614,0.03441233383952067,0.008048152293118307,0.007642796951794764,0.008048152293118307,0.9152984282073067,0.3843239986301705,densenet121,unweighted_bce,ensemble,Pleural Effusion,T2_2016,temperature,youden_validation,0.030135552088419598
1.0,3987,0,0.0,0.0,177.0,0.04439428141459744,15.0,1115.0,0.9152542372881356,0.7073490813648294,0.12685982772122162,0.9944649446494465,0.033904885533005226,0.00921448968875997,0.007480310356972777,0.00921448968875997,0.9035040111511484,0.3661450819438468,densenet121,unweighted_bce,ensemble,Pleural Effusion,T2_2016,temperature,youden_validation,0.030135552088419598
0.5,1994,1993,0.9717514124293786,0.4779527559055118,5.0,0.0025075225677031092,5.0,0.0,0.0,1.0,,0.9974924774322969,0.002533970278848795,0.005996995547145545,0.005996994808719773,0.005996995547145545,0.7649069884364001,0.007093882047841581,densenet121,unweighted_bce,ensemble,Pleural Effusion,T2_2016,temperature,fixed_0.5,0.5
0.6,2393,1594,0.9548022598870056,0.37401574803149606,8.0,0.003343083994985374,8.0,0.0,0.0,1.0,,0.9966569160050146,0.003381557195679683,0.0069527966702007445,0.006952796963452546,0.0069527966702007445,0.7331761006289308,0.007365094084300413,densenet121,unweighted_bce,ensemble,Pleural Effusion,T2_2016,temperature,fixed_0.5,0.5
0.7,2791,1196,0.903954802259887,0.2719160104986877,17.0,0.006091006807595844,17.0,0.0,0.0,1.0,,0.9939089931924041,0.0060589169183545965,0.006602016441285108,0.006602017432838326,0.006602016441285108,0.7845752576445142,0.02657192187689235,densenet121,unweighted_bce,ensemble,Pleural Effusion,T2_2016,temperature,fixed_0.5,0.5
0.8,3190,797,0.8248587570621468,0.17086614173228346,31.0,0.009717868338557993,31.0,0.0,0.0,1.0,,0.990282131661442,0.00955005380411749,0.006633454525104628,0.006419096444514478,0.006633454525104628,0.798496870181458,0.06074080918669447,densenet121,unweighted_bce,ensemble,Pleural Effusion,T2_2016,temperature,fixed_0.5,0.5
0.9,3589,398,0.6214689265536724,0.07559055118110236,67.0,0.018668152688771245,67.0,0.0,0.0,1.0,,0.9813318473112288,0.01754320818650283,0.007205413818965551,0.00480280104712146,0.007205413818965551,0.8477205115817844,0.10573696899633588,densenet121,unweighted_bce,ensemble,Pleural Effusion,T2_2016,temperature,fixed_0.5,0.5
1.0,3987,0,0.0,0.0,177.0,0.04439428141459744,158.0,12.0,0.10734463276836158,0.9968503937007874,0.6129032258064516,0.9600606673407482,0.033904885533005226,0.009214486799254013,0.007480309616960257,0.009214486799254013,0.9035040111511484,0.3661450819438468,densenet121,unweighted_bce,ensemble,Pleural Effusion,T2_2016,temperature,fixed_0.5,0.5
0.5,1994,1993,0.7966101694915254,0.4860892388451444,36.0,0.01805416248746239,5.0,29.0,0.8611111111111112,0.9851889683350358,0.5166666666666667,0.9974146845915202,0.010304273030596976,0.00946406391145682,0.00963001374394419,0.00946406391145682,0.9598371353989331,0.574163289359324,densenet121,unweighted_bce,ensemble,Pleural Effusion,T2_2016,offset,youden_validation,0.03435454269250234
0.6,2393,1594,0.6610169491525424,0.38766404199475063,60.0,0.025073129962390306,7.0,69.0,0.8833333333333333,0.9704243463351907,0.4344262295081967,0.9969176574196389,0.015601362721659929,0.012664718803476017,0.012803003220747714,0.012664718803476017,0.9560151450207173,0.5288575181304142,densenet121,unweighted_bce,ensemble,Pleural Effusion,T2_2016,offset,youden_validation,0.03435454269250234
0.7,2791,1196,0.4293785310734463,0.29396325459317585,101.0,0.03618774632748119,11.0,167.0,0.8910891089108911,0.937918215613383,0.35019455252918286,0.9956590370955012,0.02434400703516744,0.013195488459271466,0.013314055533834744,0.013195488459271466,0.9484301961794692,0.46862612591771996,densenet121,unweighted_bce,ensemble,Pleural Effusion,T2_2016,offset,youden_validation,0.03435454269250234
0.8,3190,797,0.2033898305084746,0.19973753280839895,141.0,0.044200626959247646,15.0,383.0,0.8936170212765957,0.8743850442768121,0.2475442043222004,0.9944050727340544,0.032162408344076965,0.012052020301887633,0.012933322479860815,0.012052020301887633,0.9314552614623095,0.41560868083774777,densenet121,unweighted_bce,ensemble,Pleural Effusion,T2_2016,offset,youden_validation,0.03435454269250234
0.9,3589,398,0.06779661016949153,0.10131233595800525,165.0,0.0459738088604068,17.0,710.0,0.896969696969697,0.7926401869158879,0.17249417249417248,0.9937751739289638,0.03483844975006877,0.011489830231675493,0.012273150018976072,0.011489830231675493,0.9151886859246673,0.3831457841204019,densenet121,unweighted_bce,ensemble,Pleural Effusion,T2_2016,offset,youden_validation,0.03435454269250234
1.0,3987,0,0.0,0.0,177.0,0.04439428141459744,18.0,1078.0,0.8983050847457628,0.7170603674540682,0.12853678253839934,0.9934545454545455,0.03429756607490748,0.012785945446290036,0.012277373551186207,0.012785945446290036,0.9031866779364445,0.36497056062585925,densenet121,unweighted_bce,ensemble,Pleural Effusion,T2_2016,offset,youden_validation,0.03435454269250234
0.5,1994,1993,0.9717514124293786,0.4779527559055118,5.0,0.0025075225677031092,5.0,0.0,0.0,1.0,,0.9974924774322969,0.0025386011454478314,0.006103783938379859,0.006103783980415482,0.006103783938379859,0.7359477124183007,0.005880614825999213,densenet121,unweighted_bce,ensemble,Pleural Effusion,T2_2016,offset,fixed_0.5,0.5
0.6,2393,1594,0.9491525423728814,0.3742782152230971,9.0,0.0037609694943585457,9.0,0.0,0.0,1.0,,0.9962390305056414,0.0037861265547739554,0.006804049102417469,0.006804048786982053,0.006804049102417469,0.7552665920954511,0.03711667365220794,densenet121,unweighted_bce,ensemble,Pleural Effusion,T2_2016,offset,fixed_0.5,0.5
0.7,2791,1196,0.8983050847457628,0.2721784776902887,18.0,0.006449301325689717,18.0,0.0,0.0,1.0,,0.9935506986743102,0.006406762249867756,0.0068140630533539,0.006814062065471248,0.0068140630533539,0.7893376607765356,0.02131645350727465,densenet121,unweighted_bce,ensemble,Pleural Effusion,T2_2016,offset,fixed_0.5,0.5
0.8,3190,797,0.8305084745762712,0.17060367454068243,30.0,0.009404388714733543,30.0,0.0,0.0,1.0,,0.9905956112852664,0.009298634920576598,0.007895168087293385,0.007895166527328072,0.007895168087293385,0.7880590717299578,0.026333758356916467,densenet121,unweighted_bce,ensemble,Pleural Effusion,T2_2016,offset,fixed_0.5,0.5
0.9,3589,398,0.6214689265536724,0.07559055118110236,67.0,0.018668152688771245,67.0,0.0,0.0,1.0,,0.9813318473112288,0.017504759717863843,0.007896260465434308,0.00822633125799285,0.007896260465434308,0.84641104528465,0.10792372547515584,densenet121,unweighted_bce,ensemble,Pleural Effusion,T2_2016,offset,fixed_0.5,0.5
1.0,3987,0,0.0,0.0,177.0,0.04439428141459744,138.0,39.0,0.22033898305084745,0.989763779527559,0.5,0.9646968534151957,0.03429756607490747,0.012785942370846591,0.012277374328573098,0.012785942370846591,0.9031866779364445,0.36497056062585925,densenet121,unweighted_bce,ensemble,Pleural Effusion,T2_2016,offset,fixed_0.5,0.5
0.5,1994,1993,0.7909604519774012,0.4863517060367454,37.0,0.018555667001003008,5.0,30.0,0.8648648648648649,0.9846704138988247,0.5161290322580645,0.9974120082815735,0.011387330522717098,0.00855079434992822,0.00865507175643352,0.00855079434992822,0.96456241627422,0.5739348821800471,densenet121,unweighted_bce,ensemble,Pleural Effusion,T2_2016,platt,youden_validation,0.027316883206367493
0.6,2393,1594,0.6497175141242938,0.38818897637795274,62.0,0.025908900961136648,8.0,74.0,0.8709677419354839,0.9682539682539683,0.421875,0.996467991169978,0.017743603901418045,0.012917985442719928,0.013054084098546439,0.012917985442719928,0.9578472481698289,0.5217261046626265,densenet121,unweighted_bce,ensemble,Pleural Effusion,T2_2016,platt,youden_validation,0.027316883206367493
0.7,2791,1196,0.4293785310734463,0.29396325459317585,101.0,0.03618774632748119,12.0,170.0,0.8811881188118812,0.9368029739776952,0.3436293436293436,0.995260663507109,0.02615218577298347,0.014540875591010662,0.015061916908918638,0.014540875591010662,0.947903861018072,0.4595724639459907,densenet121,unweighted_bce,ensemble,Pleural Effusion,T2_2016,platt,youden_validation,0.027316883206367493
0.8,3190,797,0.1977401129943503,0.2,142.0,0.0445141065830721,15.0,399.0,0.8943661971830986,0.8690944881889764,0.2414448669201521,0.9943693693693694,0.03402323533782303,0.01386439124093797,0.014366401755323978,0.01386439124093797,0.9297368858822225,0.405595915245714,densenet121,unweighted_bce,ensemble,Pleural Effusion,T2_2016,platt,youden_validation,0.027316883206367493
0.9,3589,398,0.07909604519774012,0.10078740157480315,163.0,0.04541655057118975,15.0,724.0,0.9079754601226994,0.7886748394629305,0.16972477064220184,0.9944792050055208,0.03571128183039199,0.013707597909735785,0.013857670714282065,0.013707597909735785,0.9154964382796299,0.37752788700536616,densenet121,unweighted_bce,ensemble,Pleural Effusion,T2_2016,platt,youden_validation,0.027316883206367493
1.0,3987,0,0.0,0.0,177.0,0.04439428141459744,15.0,1098.0,0.9152542372881356,0.7118110236220473,0.12857142857142856,0.9944994499449945,0.0355451729820232,0.014663689945434818,0.012579376165759064,0.014663689945434818,0.9020745288194908,0.3574164382834944,densenet121,unweighted_bce,ensemble,Pleural Effusion,T2_2016,platt,youden_validation,0.027316883206367493
0.5,1994,1993,0.9717514124293786,0.4779527559055118,5.0,0.0025075225677031092,5.0,0.0,0.0,1.0,,0.9974924774322969,0.0025014992392008084,0.002402344871188141,0.0023432878259879537,0.002402344871188141,0.7664152840623429,0.0076760782629720775,densenet121,unweighted_bce,ensemble,Pleural Effusion,T2_2016,platt,fixed_0.5,0.5
0.6,2393,1594,0.9491525423728814,0.3742782152230971,9.0,0.0037609694943585457,9.0,0.0,0.0,1.0,,0.9962390305056414,0.0037432212298362153,0.002699140298662484,0.0026991397655746876,0.002699140298662484,0.7632829977628635,0.019800345389042864,densenet121,unweighted_bce,ensemble,Pleural Effusion,T2_2016,platt,fixed_0.5,0.5
0.7,2791,1196,0.8983050847457628,0.2721784776902887,18.0,0.006449301325689717,18.0,0.0,0.0,1.0,,0.9935506986743102,0.0063596770225973235,0.0031517408819070314,0.002411151706267433,0.0031517408819070314,0.7961293424690468,0.02455191812046863,densenet121,unweighted_bce,ensemble,Pleural Effusion,T2_2016,platt,fixed_0.5,0.5
0.8,3190,797,0.8248587570621468,0.17086614173228346,31.0,0.009717868338557993,31.0,0.0,0.0,1.0,,0.990282131661442,0.009529072806937822,0.004047940785195212,0.0030891004249126563,0.004047940785195212,0.7970264170981016,0.030001902621526792,densenet121,unweighted_bce,ensemble,Pleural Effusion,T2_2016,platt,fixed_0.5,0.5
0.9,3589,398,0.5932203389830508,0.07690288713910762,72.0,0.020061298411813876,68.0,2.0,0.05555555555555555,0.9994313335228888,0.6666666666666666,0.9810214903711973,0.018117546103998468,0.0037277701390802335,0.004309426009650846,0.0037277701390802335,0.8577109594667173,0.17439133893417483,densenet121,unweighted_bce,ensemble,Pleural Effusion,T2_2016,platt,fixed_0.5,0.5
1.0,3987,0,0.0,0.0,177.0,0.04439428141459744,130.0,54.0,0.2655367231638418,0.9858267716535433,0.46534653465346537,0.9665465774575399,0.0355451729820232,0.014663695910384219,0.012579375702316877,0.014663695910384219,0.9020745288194908,0.3574164382834944,densenet121,unweighted_bce,ensemble,Pleural Effusion,T2_2016,platt,fixed_0.5,0.5
0.5,1994,1993,,,,,8.75,,,,,,0.03390000389105976,,,,,,densenet121,unweighted_bce,ensemble,Pleural Effusion,T2_2016,random_baseline,youden_validation,0.020260223798685823
0.6,2393,1594,,,,,11.21,,,,,,0.03463842063780446,,,,,,densenet121,unweighted_bce,ensemble,Pleural Effusion,T2_2016,random_baseline,youden_validation,0.020260223798685823
0.7,2791,1196,,,,,12.82,,,,,,0.03415847802199163,,,,,,densenet121,unweighted_bce,ensemble,Pleural Effusion,T2_2016,random_baseline,youden_validation,0.020260223798685823
0.8,3190,797,,,,,14.49,,,,,,0.03410608552655148,,,,,,densenet121,unweighted_bce,ensemble,Pleural Effusion,T2_2016,random_baseline,youden_validation,0.020260223798685823
0.9,3589,398,,,,,16.25,,,,,,0.034065312767231216,,,,,,densenet121,unweighted_bce,ensemble,Pleural Effusion,T2_2016,random_baseline,youden_validation,0.020260223798685823
1.0,3987,0,,,,,18.0,,,,,,0.034121569136914276,,,,,,densenet121,unweighted_bce,ensemble,Pleural Effusion,T2_2016,random_baseline,youden_validation,0.020260223798685823
0.5,1218,1218,0.8352941176470589,0.4878774989366227,14.0,0.011494252873563218,7.0,4.0,0.5,0.9966777408637874,0.6363636363636364,0.9942004971002486,0.007982675685538692,0.0055940522738901115,0.0015790773512983402,0.0055940522738901115,0.8054105363075463,0.3127009975853443,densenet121,unweighted_bce,ensemble,Pleural Effusion,T3_2017,raw,youden_validation,0.020260223798685823
0.6,1462,974,0.6588235294117647,0.39047213951509996,29.0,0.019835841313269494,7.0,21.0,0.7586206896551724,0.9853454291695743,0.5116279069767442,0.9950669485553206,0.011990879611271517,0.004728971155789491,0.002589834125758521,0.004728971155789491,0.8787689197969055,0.4655104759203538,densenet121,unweighted_bce,ensemble,Pleural Effusion,T3_2017,raw,youden_validation,0.020260223798685823
0.7,1706,730,0.4117647058823529,0.295618885580604,50.0,0.029308323563892145,11.0,59.0,0.78,0.9643719806763285,0.3979591836734694,0.9931592039800995,0.019409629555572426,0.005614480315067163,0.0027746108887291504,0.005614480315067163,0.9050603864734298,0.447222697944168,densenet121,unweighted_bce,ensemble,Pleural Effusion,T3_2017,raw,youden_validation,0.020260223798685823
0.8,1949,487,0.18823529411764706,0.20034028073160356,69.0,0.03540277065161621,12.0,184.0,0.8260869565217391,0.902127659574468,0.23651452282157676,0.9929742388758782,0.025575070986600498,0.005175590772613016,0.0035772001196506436,0.005175590772613016,0.9027366635831021,0.4028699330288397,densenet121,unweighted_bce,ensemble,Pleural Effusion,T3_2017,raw,youden_validation,0.020260223798685823
0.9,2193,243,0.08235294117647059,0.10038281582305401,78.0,0.03556771545827633,12.0,396.0,0.8461538461538461,0.8127659574468085,0.14285714285714285,0.9930675909878682,0.02664698368682429,0.006647799621107529,0.003882559065538308,0.006647799621107529,0.8922773837667456,0.37597668212103785,densenet121,unweighted_bce,ensemble,Pleural Effusion,T3_2017,raw,youden_validation,0.020260223798685823
1.0,2436,0,0.0,0.0,85.0,0.03489326765188834,12.0,629.0,0.8588235294117647,0.7324542747766908,0.10398860398860399,0.9930795847750865,0.02676743067172039,0.0040491243190742664,0.0031862626162750536,0.0040491243190742664,0.880551454950334,0.35429348588770815,densenet121,unweighted_bce,ensemble,Pleural Effusion,T3_2017,raw,youden_validation,0.020260223798685823
0.5,1218,1218,0.9176470588235294,0.48490004253509145,7.0,0.005747126436781609,7.0,0.0,0.0,1.0,,0.9942528735632183,0.005709938144249886,0.005846779640166216,0.0005368109252500766,0.005846779640166216,0.6094137076796036,0.010187402150725616,densenet121,unweighted_bce,ensemble,Pleural Effusion,T3_2017,raw,fixed_0.5,0.5
0.6,1462,974,0.8941176470588236,0.38196512122501064,9.0,0.006155950752393981,9.0,0.0,0.0,1.0,,0.993844049247606,0.006110976127373958,0.004620667603850118,0.00011185819045138063,0.004620667603850118,0.6148963829624532,0.051232918640442576,densenet121,unweighted_bce,ensemble,Pleural Effusion,T3_2017,raw,fixed_0.5,0.5
0.7,1706,730,0.8588235294117647,0.2794555508294343,12.0,0.007033997655334115,12.0,0.0,0.0,1.0,,0.9929660023446659,0.006976512767579659,0.003410446988303035,0.0006618107477774325,0.003410446988303035,0.6285419126328217,0.012738727241620056,densenet121,unweighted_bce,ensemble,Pleural Effusion,T3_2017,raw,fixed_0.5,0.5
0.8,1949,487,0.8,0.17822203317737134,17.0,0.008722421754746024,17.0,0.0,0.0,1.0,,0.991277578245254,0.008611415615141442,0.003826133127683358,0.0010634290537836193,0.003826133127683358,0.6718426501035197,0.024777434514880712,densenet121,unweighted_bce,ensemble,Pleural Effusion,T3_2017,raw,fixed_0.5,0.5
0.9,2193,243,0.6705882352941176,0.07911527009783072,28.0,0.012767897856817145,28.0,0.0,0.0,1.0,,0.9872321021431828,0.012427504457761614,0.0048007951175417585,0.000832056692961403,0.0048007951175417585,0.7388980534477071,0.044182583149715876,densenet121,unweighted_bce,ensemble,Pleural Effusion,T3_2017,raw,fixed_0.5,0.5
1.0,2436,0,0.0,0.0,85.0,0.03489326765188834,74.0,7.0,0.12941176470588237,0.9970225435984688,0.6111111111111112,0.9693961952026469,0.02676743067172039,0.004049124319074267,0.0031862626162750584,0.004049124319074267,0.880551454950334,0.35429348588770815,densenet121,unweighted_bce,ensemble,Pleural Effusion,T3_2017,raw,fixed_0.5,0.5
0.5,1218,1218,0.8235294117647058,0.4883028498511272,15.0,0.012315270935960592,7.0,5.0,0.5333333333333333,0.9958437240232751,0.6153846153846154,0.9941908713692946,0.008388115014088045,0.00591041918955621,0.004095650709284644,0.00591041918955621,0.8406760875588807,0.341327807541084,densenet121,unweighted_bce,ensemble,Pleural Effusion,T3_2017,temperature,youden_validation,0.030135552088419598
0.6,1462,974,0.6352941176470588,0.3913228413441089,31.0,0.021203830369357045,7.0,24.0,0.7741935483870968,0.9832285115303984,0.5,0.995049504950495,0.012870288011531847,0.005992882349146162,0.007307921808911168,0.005992882349146162,0.8946822659543292,0.4673844271135105,densenet121,unweighted_bce,ensemble,Pleural Effusion,T3_2017,temperature,youden_validation,0.030135552088419598
0.7,1706,730,0.4235294117647059,0.29519353466609954,49.0,0.028722157092614303,10.0,79.0,0.7959183673469388,0.9523234761617381,0.3305084745762712,0.9937027707808564,0.019370728261926425,0.006872912805804772,0.008566447366618607,0.006872912805804772,0.9079600458167578,0.4449644369551662,densenet121,unweighted_bce,ensemble,Pleural Effusion,T3_2017,temperature,youden_validation,0.030135552088419598
0.8,1949,487,0.17647058823529413,0.20076563164610803,70.0,0.03591585428424833,11.0,204.0,0.8428571428571429,0.8914316125598722,0.22433460076045628,0.9934756820877817,0.026049403294048694,0.006392897725637607,0.008522094346835192,0.006392897725637607,0.9059986314909145,0.39956733879835293,densenet121,unweighted_bce,ensemble,Pleural Effusion,T3_2017,temperature,youden_validation,0.030135552088419598
0.9,2193,243,0.047058823529411764,0.10165886856656742,81.0,0.036935704514363885,11.0,411.0,0.8641975308641975,0.8053977272727273,0.14553014553014554,0.9935747663551402,0.027959105720984517,0.006010675473063098,0.008932403471818591,0.006010675473063098,0.892127291432847,0.36678525577578824,densenet121,unweighted_bce,ensemble,Pleural Effusion,T3_2017,temperature,youden_validation,0.030135552088419598
1.0,2436,0,0.0,0.0,85.0,0.03489326765188834,11.0,644.0,0.8705882352941177,0.7260740110591237,0.10306406685236769,0.9935972060535506,0.026840186877038246,0.008237407396720303,0.01005562879022804,0.008237407396720303,0.8826832136512622,0.3530335914680731,densenet121,unweighted_bce,ensemble,Pleural Effusion,T3_2017,temperature,youden_validation,0.030135552088419598
0.5,1218,1218,0.9176470588235294,0.48490004253509145,7.0,0.005747126436781609,7.0,0.0,0.0,1.0,,0.9942528735632183,0.005710502315605433,0.00641166510432041,0.002722320125448978,0.00641166510432041,0.6569541111242184,0.013088132235778573,densenet121,unweighted_bce,ensemble,Pleural Effusion,T3_2017,temperature,fixed_0.5,0.5
0.6,1462,974,0.8941176470588236,0.38196512122501064,9.0,0.006155950752393981,9.0,0.0,0.0,1.0,,0.993844049247606,0.0061243932971722405,0.006138018945712346,0.00392704383532546,0.006138018945712346,0.6446432668043129,0.02136756279500653,densenet121,unweighted_bce,ensemble,Pleural Effusion,T3_2017,temperature,fixed_0.5,0.5
0.7,1706,730,0.8705882352941177,0.27903019991492983,11.0,0.006447831184056272,11.0,0.0,0.0,1.0,,0.9935521688159438,0.006455208102345884,0.00699497604549394,0.005788905530783663,0.00699497604549394,0.6178600160901047,0.010224358733706312,densenet121,unweighted_bce,ensemble,Pleural Effusion,T3_2017,temperature,fixed_0.5,0.5
0.8,1949,487,0.8235294117647058,0.1773713313483624,15.0,0.007696254489481785,15.0,0.0,0.0,1.0,,0.9923037455105183,0.0077339169351741,0.0092713553966164,0.007533368343948982,0.0092713553966164,0.6398827990348156,0.012639265018833473,densenet121,unweighted_bce,ensemble,Pleural Effusion,T3_2017,temperature,fixed_0.5,0.5
0.9,2193,243,0.6705882352941176,0.07911527009783072,28.0,0.012767897856817145,28.0,0.0,0.0,1.0,,0.9872321021431828,0.01249661957701025,0.008145601103253021,0.007699851008668046,0.008145601103253021,0.7459584295612008,0.08227548242733895,densenet121,unweighted_bce,ensemble,Pleural Effusion,T3_2017,temperature,fixed_0.5,0.5
1.0,2436,0,0.0,0.0,85.0,0.03489326765188834,76.0,5.0,0.10588235294117647,0.9978732454274777,0.6428571428571429,0.9686209744013212,0.026840186877038246,0.008237409260894717,0.010055629108315225,0.008237409260894717,0.8826832136512622,0.3530335914680731,densenet121,unweighted_bce,ensemble,Pleural Effusion,T3_2017,temperature,fixed_0.5,0.5
0.5,1218,1218,0.7176470588235294,0.4921310080816674,24.0,0.019704433497536946,7.0,13.0,0.7083333333333334,0.9891122278056952,0.5666666666666667,0.9941077441077442,0.011943146272807334,0.008229406615902712,0.004358804917761258,0.008229406615902712,0.888784198771636,0.4521020152879159,densenet121,unweighted_bce,ensemble,Pleural Effusion,T3_2017,offset,youden_validation,0.03435454269250234
0.6,1462,974,0.611764705882353,0.3921735431731178,33.0,0.022571819425444596,7.0,30.0,0.7878787878787878,0.9790062981105668,0.4642857142857143,0.9950213371266002,0.014432274131621885,0.01123586871833878,0.009070501479329146,0.01123586871833878,0.8934198528320292,0.46187091415622317,densenet121,unweighted_bce,ensemble,Pleural Effusion,T3_2017,offset,youden_validation,0.03435454269250234
0.7,1706,730,0.3764705882352941,0.2968949383241174,53.0,0.031066822977725676,10.0,80.0,0.8113207547169812,0.9516031457955233,0.34959349593495936,0.9936828806064435,0.021582311733077054,0.012695144202613688,0.011558837201642823,0.012695144202613688,0.9084683080505428,0.43571268196673535,densenet121,unweighted_bce,ensemble,Pleural Effusion,T3_2017,offset,youden_validation,0.03435454269250234
0.8,1949,487,0.16470588235294117,0.20119098256061252,71.0,0.03642893791688045,12.0,190.0,0.8309859154929577,0.898828541001065,0.23694779116465864,0.9929411764705882,0.027116342784148092,0.013652139335197936,0.012994576537988318,0.013652139335197936,0.9035458758943438,0.39454032341460216,densenet121,unweighted_bce,ensemble,Pleural Effusion,T3_2017,offset,youden_validation,0.03435454269250234
0.9,2193,243,0.07058823529411765,0.10080816673755849,79.0,0.03602371181030552,12.0,396.0,0.8481012658227848,0.8126773888363292,0.1447084233261339,0.9930635838150289,0.02778526625283979,0.017004305956952317,0.015678549711148702,0.017004305956952317,0.8920457947618649,0.3694057780104323,densenet121,unweighted_bce,ensemble,Pleural Effusion,T3_2017,offset,youden_validation,0.03435454269250234
1.0,2436,0,0.0,0.0,85.0,0.03489326765188834,12.0,619.0,0.8588235294117647,0.7367077839217354,0.10549132947976879,0.9931192660550459,0.027435618513213293,0.015985307456124177,0.015910705132486398,0.015985307456124177,0.8811569544874521,0.35073335926777094,densenet121,unweighted_bce,ensemble,Pleural Effusion,T3_2017,offset,youden_validation,0.03435454269250234
0.5,1218,1218,0.9176470588235294,0.48490004253509145,7.0,0.005747126436781609,7.0,0.0,0.0,1.0,,0.9942528735632183,0.0057177300576687,0.006677075235283214,0.002806473501968658,0.006677075235283214,0.6212103338445205,0.010781798116229762,densenet121,unweighted_bce,ensemble,Pleural Effusion,T3_2017,offset,fixed_0.5,0.5
0.6,1462,974,0.8941176470588236,0.38196512122501064,9.0,0.006155950752393981,9.0,0.0,0.0,1.0,,0.993844049247606,0.006133219315979529,0.006325844713045914,0.004160478907330255,0.006325844713045914,0.621243404450562,0.024859765105422937,densenet121,unweighted_bce,ensemble,Pleural Effusion,T3_2017,offset,fixed_0.5,0.5
0.7,1706,730,0.8588235294117647,0.2794555508294343,12.0,0.007033997655334115,12.0,0.0,0.0,1.0,,0.9929660023446659,0.007022837440591833,0.006814947301726068,0.005678639307198882,0.006814947301726068,0.6341991341991342,0.015386378202922865,densenet121,unweighted_bce,ensemble,Pleural Effusion,T3_2017,offset,fixed_0.5,0.5
0.8,1949,487,0.8117647058823529,0.17779668226286688,16.0,0.008209338122113904,16.0,0.0,0.0,1.0,,0.9917906618778861,0.008235216727149507,0.008646401253195834,0.007988835043207446,0.008646401253195834,0.6545201758923952,0.0461019601643501,densenet121,unweighted_bce,ensemble,Pleural Effusion,T3_2017,offset,fixed_0.5,0.5
0.9,2193,243,0.6705882352941176,0.07911527009783072,28.0,0.012767897856817145,28.0,0.0,0.0,1.0,,0.9872321021431828,0.012582615234537076,0.01116262342907383,0.0098368670371804,0.01116262342907383,0.7410425602111514,0.09148054864949015,densenet121,unweighted_bce,ensemble,Pleural Effusion,T3_2017,offset,fixed_0.5,0.5
1.0,2436,0,0.0,0.0,85.0,0.03489326765188834,62.0,23.0,0.27058823529411763,0.9902169289663972,0.5,0.9740585774058578,0.027435618513213293,0.015985309694968593,0.015910703413592183,0.015985309694968593,0.8811569544874521,0.35073335926777094,densenet121,unweighted_bce,ensemble,Pleural Effusion,T3_2017,offset,fixed_0.5,0.5
0.5,1218,1218,0.7176470588235294,0.4921310080816674,24.0,0.019704433497536946,7.0,16.0,0.7083333333333334,0.9865996649916248,0.5151515151515151,0.9940928270042194,0.013475524884291126,0.010249757372134951,0.006868738682607223,0.010249757372134951,0.9032314349525405,0.4515887819612579,densenet121,unweighted_bce,ensemble,Pleural Effusion,T3_2017,platt,youden_validation,0.027316883206367493
0.6,1462,974,0.6,0.3925988940876223,34.0,0.023255813953488372,7.0,32.0,0.7941176470588235,0.9775910364145658,0.4576271186440678,0.9950106913756237,0.01591460014995541,0.012720734245053374,0.00847329134274422,0.012720734245053374,0.9044323611797659,0.45781442636779635,densenet121,unweighted_bce,ensemble,Pleural Effusion,T3_2017,platt,youden_validation,0.027316883206367493
0.7,1706,730,0.4,0.29604423649510847,51.0,0.029894490035169988,10.0,80.0,0.803921568627451,0.9516616314199395,0.33884297520661155,0.9936908517350158,0.02224141503885001,0.016706524797781303,0.012409803057679032,0.016706524797781303,0.9101119601919317,0.42804733262978223,densenet121,unweighted_bce,ensemble,Pleural Effusion,T3_2017,platt,youden_validation,0.027316883206367493
0.8,1949,487,0.18823529411764706,0.20034028073160356,69.0,0.03540277065161621,11.0,203.0,0.8405797101449275,0.8920212765957447,0.2222222222222222,0.9934834123222749,0.02761547082395742,0.0183878016628023,0.014953506312473058,0.0183878016628023,0.9056429232192413,0.3896187254010503,densenet121,unweighted_bce,ensemble,Pleural Effusion,T3_2017,platt,youden_validation,0.027316883206367493
0.9,2193,243,0.058823529411764705,0.10123351765206295,80.0,0.0364797081623347,12.0,403.0,0.85,0.8092759110269758,0.14437367303609341,0.9930313588850174,0.029384042274280864,0.017403640394254915,0.015459744809250608,0.017403640394254915,0.8923509228584952,0.3585137456359517,densenet121,unweighted_bce,ensemble,Pleural Effusion,T3_2017,platt,youden_validation,0.027316883206367493
1.0,2436,0,0.0,0.0,85.0,0.03489326765188834,12.0,632.0,0.8588235294117647,0.7311782220331774,0.10354609929078014,0.9930675909878682,0.02848307461715356,0.0174860049049448,0.015498295816331368,0.0174860049049448,0.882167788425451,0.34286895353141955,densenet121,unweighted_bce,ensemble,Pleural Effusion,T3_2017,platt,youden_validation,0.027316883206367493
0.5,1218,1218,0.9176470588235294,0.48490004253509145,7.0,0.005747126436781609,7.0,0.0,0.0,1.0,,0.9942528735632183,0.005702700888938955,0.004884493176340567,0.0009282180322227121,0.004884493176340567,0.6705202312138727,0.012955257374079349,densenet121,unweighted_bce,ensemble,Pleural Effusion,T3_2017,platt,fixed_0.5,0.5
0.6,1462,974,0.8941176470588236,0.38196512122501064,9.0,0.006155950752393981,9.0,0.0,0.0,1.0,,0.993844049247606,0.006106280183666268,0.004326521177239788,7.907413939974711e-05,0.004326521177239788,0.6521373403685861,0.0180425396079415,densenet121,unweighted_bce,ensemble,Pleural Effusion,T3_2017,platt,fixed_0.5,0.5
0.7,1706,730,0.8705882352941177,0.27903019991492983,11.0,0.006447831184056272,11.0,0.0,0.0,1.0,,0.9935521688159438,0.00642348349854168,0.006188207500243553,0.0018914844687910179,0.006188207500243553,0.6215071064628588,0.009971339413641162,densenet121,unweighted_bce,ensemble,Pleural Effusion,T3_2017,platt,fixed_0.5,0.5
0.8,1949,487,0.8,0.17822203317737134,17.0,0.008722421754746024,17.0,0.0,0.0,1.0,,0.991277578245254,0.008633041288021032,0.006376370291138167,0.0029420749799923263,0.006376370291138167,0.686457191572281,0.04610474489341488,densenet121,unweighted_bce,ensemble,Pleural Effusion,T3_2017,platt,fixed_0.5,0.5
0.9,2193,243,0.6588235294117647,0.07954062101233518,29.0,0.013223894208846329,28.0,1.0,0.034482758620689655,0.9995378927911276,0.5,0.987220447284345,0.012921000217406465,0.007853353565929961,0.006003505953345948,0.007853353565929961,0.7553540697303843,0.0791449705727861,densenet121,unweighted_bce,ensemble,Pleural Effusion,T3_2017,platt,fixed_0.5,0.5
1.0,2436,0,0.0,0.0,85.0,0.03489326765188834,58.0,28.0,0.3176470588235294,0.9880901743938749,0.4909090909090909,0.9756404871902562,0.02848307461715356,0.017486002292959647,0.015498297253840764,0.017486002292959647,0.882167788425451,0.34286895353141955,densenet121,unweighted_bce,ensemble,Pleural Effusion,T3_2017,platt,fixed_0.5,0.5
0.5,1218,1218,,,,,6.06,,,,,,0.02676256834225921,,,,,,densenet121,unweighted_bce,ensemble,Pleural Effusion,T3_2017,random_baseline,youden_validation,0.020260223798685823
0.6,1462,974,,,,,7.21,,,,,,0.02672760029094981,,,,,,densenet121,unweighted_bce,ensemble,Pleural Effusion,T3_2017,random_baseline,youden_validation,0.020260223798685823
0.7,1706,730,,,,,8.41,,,,,,0.02665710011218044,,,,,,densenet121,unweighted_bce,ensemble,Pleural Effusion,T3_2017,random_baseline,youden_validation,0.020260223798685823
0.8,1949,487,,,,,9.74,,,,,,0.026899417727530208,,,,,,densenet121,unweighted_bce,ensemble,Pleural Effusion,T3_2017,random_baseline,youden_validation,0.020260223798685823
0.9,2193,243,,,,,10.89,,,,,,0.02674159883520493,,,,,,densenet121,unweighted_bce,ensemble,Pleural Effusion,T3_2017,random_baseline,youden_validation,0.020260223798685823
1.0,2436,0,,,,,12.0,,,,,,0.026767430671720393,,,,,,densenet121,unweighted_bce,ensemble,Pleural Effusion,T3_2017,random_baseline,youden_validation,0.020260223798685823
0.5,940,939,0.9,0.48879168944778567,5.0,0.005319148936170213,5.0,0.0,0.0,1.0,,0.9946808510638298,0.005296970428982441,0.006940618254603573,0.0015233060107860373,0.006940618254603573,0.4376470588235294,0.0055479919533319814,densenet121,unweighted_bce,ensemble,Pneumonia,T1_2015,raw,youden_validation,0.0261630689962991
0.6,1128,751,0.86,0.3870967741935484,7.0,0.0062056737588652485,7.0,0.0,0.0,1.0,,0.9937943262411347,0.0061705460853280865,0.0068864151814208695,0.0019359309534150012,0.0068864151814208695,0.5275901618452912,0.010778036051866067,densenet121,unweighted_bce,ensemble,Pneumonia,T1_2015,raw,youden_validation,0.0261630689962991
0.7,1316,563,0.86,0.28430836522689995,7.0,0.005319148936170213,7.0,0.0,0.0,1.0,,0.9946808510638298,0.0052988414327716045,0.005289852735749445,0.00047912242072107366,0.005289852735749445,0.45181709047255264,0.005504336491216856,densenet121,unweighted_bce,ensemble,Pneumonia,T1_2015,raw,youden_validation,0.0261630689962991
0.8,1504,375,0.78,0.18370694368507381,11.0,0.007313829787234043,11.0,0.0,0.0,1.0,,0.992686170212766,0.007253017475856177,0.004010945993234536,0.0016793095775147352,0.004010945993234536,0.5915484381659867,0.017648405068825524,densenet121,unweighted_bce,ensemble,Pneumonia,T1_2015,raw,youden_validation,0.0261630689962991
0.9,1692,187,0.36,0.09240021869874249,32.0,0.018912529550827423,14.0,39.0,0.5625,0.9765060240963855,0.3157894736842105,0.9914373088685016,0.01607903431347506,0.010464178378209517,0.007711043945384497,0.010464178378209517,0.8270707831325302,0.32945812575436767,densenet121,unweighted_bce,ensemble,Pneumonia,T1_2015,raw,youden_validation,0.0261630689962991
1.0,1879,0,0.0,0.0,50.0,0.026609898882384245,14.0,200.0,0.72,0.8906506287588847,0.15254237288135594,0.9914790018259282,0.02327896738839484,0.014790222387620698,0.011450248189314921,0.014790222387620698,0.8525095680699837,0.2886998704586356,densenet121,unweighted_bce,ensemble,Pneumonia,T1_2015,raw,youden_validation,0.0261630689962991
0.5,940,939,0.9,0.48879168944778567,5.0,0.005319148936170213,5.0,0.0,0.0,1.0,,0.9946808510638298,0.005296970428982441,0.006940618254603573,0.0015233060107860373,0.006940618254603573,0.4376470588235294,0.0055479919533319814,densenet121,unweighted_bce,ensemble,Pneumonia,T1_2015,raw,fixed_0.5,0.5
0.6,1128,751,0.86,0.3870967741935484,7.0,0.0062056737588652485,7.0,0.0,0.0,1.0,,0.9937943262411347,0.0061705460853280865,0.0068864151814208695,0.0019359309534150012,0.0068864151814208695,0.5275901618452912,0.010778036051866067,densenet121,unweighted_bce,ensemble,Pneumonia,T1_2015,raw,fixed_0.5,0.5
0.7,1316,563,0.86,0.28430836522689995,7.0,0.005319148936170213,7.0,0.0,0.0,1.0,,0.9946808510638298,0.0052988414327716045,0.005289852735749445,0.00047912242072107366,0.005289852735749445,0.45181709047255264,0.005504336491216856,densenet121,unweighted_bce,ensemble,Pneumonia,T1_2015,raw,fixed_0.5,0.5
0.8,1504,375,0.78,0.18370694368507381,11.0,0.007313829787234043,11.0,0.0,0.0,1.0,,0.992686170212766,0.007253017475856177,0.004010945993234536,0.0016793095775147352,0.004010945993234536,0.5915484381659867,0.017648405068825524,densenet121,unweighted_bce,ensemble,Pneumonia,T1_2015,raw,fixed_0.5,0.5
0.9,1692,187,0.68,0.08365226899945326,16.0,0.009456264775413711,16.0,0.0,0.0,1.0,,0.9905437352245863,0.009334863061926697,0.005775226745558561,0.0020252603329246983,0.005775226745558561,0.6548702267303103,0.022309481869617506,densenet121,unweighted_bce,ensemble,Pneumonia,T1_2015,raw,fixed_0.5,0.5
1.0,1879,0,0.0,0.0,50.0,0.026609898882384245,50.0,0.0,0.0,1.0,,0.9733901011176157,0.02327896738839484,0.014790222387620698,0.011450248189314923,0.014790222387620698,0.8525095680699837,0.2886998704586356,densenet121,unweighted_bce,ensemble,Pneumonia,T1_2015,raw,fixed_0.5,0.5
0.5,940,939,0.9,0.48879168944778567,5.0,0.005319148936170213,5.0,0.0,0.0,1.0,,0.9946808510638298,0.005306616109656316,0.0074115464022808915,0.0021724655955066164,0.0074115464022808915,0.42438502673796796,0.005349827325789409,densenet121,unweighted_bce,ensemble,Pneumonia,T1_2015,temperature,youden_validation,0.05063144428034624
0.6,1128,751,0.86,0.3870967741935484,7.0,0.0062056737588652485,7.0,0.0,0.0,1.0,,0.9937943262411347,0.006173242932511494,0.00682250521169438,0.0021705457596452836,0.00682250521169438,0.5339620237033261,0.026883230363826283,densenet121,unweighted_bce,ensemble,Pneumonia,T1_2015,temperature,youden_validation,0.05063144428034624
0.7,1316,563,0.84,0.28485511208310554,8.0,0.0060790273556231,8.0,0.0,0.0,1.0,,0.993920972644377,0.006062626302846522,0.006177448722831894,0.0033899257228756892,0.006177448722831894,0.520164373088685,0.009312837971530746,densenet121,unweighted_bce,ensemble,Pneumonia,T1_2015,temperature,youden_validation,0.05063144428034624
0.8,1504,375,0.74,0.18480043739748497,13.0,0.008643617021276596,13.0,0.0,0.0,1.0,,0.9913563829787234,0.008544642195079066,0.0049615626914411015,0.002362186993619902,0.0049615626914411015,0.6420058814425011,0.020859473776986416,densenet121,unweighted_bce,ensemble,Pneumonia,T1_2015,temperature,youden_validation,0.05063144428034624
0.9,1692,187,0.4,0.09130672498633133,30.0,0.01773049645390071,14.0,32.0,0.5333333333333333,0.9807460890493381,0.3333333333333333,0.9914841849148418,0.014901490108786579,0.007032984149718672,0.008942069304485233,0.007032984149718672,0.8096470116325712,0.3022688065423604,densenet121,unweighted_bce,ensemble,Pneumonia,T1_2015,temperature,youden_validation,0.05063144428034624
1.0,1879,0,0.0,0.0,50.0,0.026609898882384245,14.0,182.0,0.72,0.900492072170585,0.1651376146788991,0.99157134256472,0.022883532920436576,0.012502420637969767,0.005195781383334168,0.012502420637969767,0.8491088026243849,0.2767611594232828,densenet121,unweighted_bce,ensemble,Pneumonia,T1_2015,temperature,youden_validation,0.05063144428034624
0.5,940,939,0.9,0.48879168944778567,5.0,0.005319148936170213,5.0,0.0,0.0,1.0,,0.9946808510638298,0.005306616109656316,0.0074115464022808915,0.0021724655955066164,0.0074115464022808915,0.42438502673796796,0.005349827325789409,densenet121,unweighted_bce,ensemble,Pneumonia,T1_2015,temperature,fixed_0.5,0.5
0.6,1128,751,0.86,0.3870967741935484,7.0,0.0062056737588652485,7.0,0.0,0.0,1.0,,0.9937943262411347,0.006173242932511494,0.00682250521169438,0.0021705457596452836,0.00682250521169438,0.5339620237033261,0.026883230363826283,densenet121,unweighted_bce,ensemble,Pneumonia,T1_2015,temperature,fixed_0.5,0.5
0.7,1316,563,0.84,0.28485511208310554,8.0,0.0060790273556231,8.0,0.0,0.0,1.0,,0.993920972644377,0.006062626302846522,0.006177448722831894,0.0033899257228756892,0.006177448722831894,0.520164373088685,0.009312837971530746,densenet121,unweighted_bce,ensemble,Pneumonia,T1_2015,temperature,fixed_0.5,0.5
0.8,1504,375,0.74,0.18480043739748497,13.0,0.008643617021276596,13.0,0.0,0.0,1.0,,0.9913563829787234,0.008544642195079066,0.0049615626914411015,0.002362186993619902,0.0049615626914411015,0.6420058814425011,0.020859473776986416,densenet121,unweighted_bce,ensemble,Pneumonia,T1_2015,temperature,fixed_0.5,0.5
0.9,1692,187,0.66,0.08419901585565882,17.0,0.01004728132387707,17.0,0.0,0.0,1.0,,0.9899527186761229,0.009912072429749017,0.00638233086328014,0.004024920275761288,0.00638233086328014,0.664899034240562,0.08504358768339011,densenet121,unweighted_bce,ensemble,Pneumonia,T1_2015,temperature,fixed_0.5,0.5
1.0,1879,0,0.0,0.0,50.0,0.026609898882384245,50.0,0.0,0.0,1.0,,0.9733901011176157,0.022883532920436576,0.012502420637969771,0.00519578138333417,0.012502420637969771,0.8491088026243849,0.2767611594232828,densenet121,unweighted_bce,ensemble,Pneumonia,T1_2015,temperature,fixed_0.5,0.5
0.5,940,939,0.9,0.48879168944778567,5.0,0.005319148936170213,5.0,0.0,0.0,1.0,,0.9946808510638298,0.005302741353243455,0.0072154571440013904,0.001283661053748027,0.0072154571440013904,0.42631016042780756,0.005297089480785999,densenet121,unweighted_bce,ensemble,Pneumonia,T1_2015,offset,youden_validation,0.055669888854026794
0.6,1128,751,0.88,0.3865500273373428,6.0,0.005319148936170213,6.0,0.0,0.0,1.0,,0.9946808510638298,0.0053073123455808805,0.007203633521864672,0.002121238981849908,0.007203633521864672,0.4509803921568627,0.006552263003124246,densenet121,unweighted_bce,ensemble,Pneumonia,T1_2015,offset,youden_validation,0.055669888854026794
0.7,1316,563,0.84,0.28485511208310554,8.0,0.0060790273556231,8.0,0.0,0.0,1.0,,0.993920972644377,0.006058257151044761,0.006282137245462509,0.0023993456118622325,0.006282137245462509,0.5128058103975535,0.008038142964027349,densenet121,unweighted_bce,ensemble,Pneumonia,T1_2015,offset,youden_validation,0.055669888854026794
0.8,1504,375,0.74,0.18480043739748497,13.0,0.008643617021276596,13.0,0.0,0.0,1.0,,0.9913563829787234,0.008534316721982559,0.006658639164809157,0.0013617314289092932,0.006658639164809157,0.6449466026930816,0.028199201865822976,densenet121,unweighted_bce,ensemble,Pneumonia,T1_2015,offset,youden_validation,0.055669888854026794
0.9,1692,187,0.42,0.09075997813012575,29.0,0.017139479905437353,14.0,35.0,0.5172413793103449,0.9789536981358989,0.3,0.9914738124238733,0.014253001937400563,0.004851952752246306,0.005606452143314717,0.004851952752246306,0.803761378480934,0.2788983057525572,densenet121,unweighted_bce,ensemble,Pneumonia,T1_2015,offset,youden_validation,0.055669888854026794
1.0,1879,0,0.0,0.0,50.0,0.026609898882384245,14.0,178.0,0.72,0.9026790595954073,0.16822429906542055,0.9915915915915916,0.02257560973433109,0.00931654783866896,0.005669567170302219,0.00931654783866896,0.8490103881902679,0.2616199018230498,densenet121,unweighted_bce,ensemble,Pneumonia,T1_2015,offset,youden_validation,0.055669888854026794
0.5,940,939,0.9,0.48879168944778567,5.0,0.005319148936170213,5.0,0.0,0.0,1.0,,0.9946808510638298,0.005302741353243455,0.0072154571440013904,0.001283661053748027,0.0072154571440013904,0.42631016042780756,0.005297089480785999,densenet121,unweighted_bce,ensemble,Pneumonia,T1_2015,offset,fixed_0.5,0.5
0.6,1128,751,0.88,0.3865500273373428,6.0,0.005319148936170213,6.0,0.0,0.0,1.0,,0.9946808510638298,0.0053073123455808805,0.007203633521864672,0.002121238981849908,0.007203633521864672,0.4509803921568627,0.006552263003124246,densenet121,unweighted_bce,ensemble,Pneumonia,T1_2015,offset,fixed_0.5,0.5
0.7,1316,563,0.84,0.28485511208310554,8.0,0.0060790273556231,8.0,0.0,0.0,1.0,,0.993920972644377,0.006058257151044761,0.006282137245462509,0.0023993456118622325,0.006282137245462509,0.5128058103975535,0.008038142964027349,densenet121,unweighted_bce,ensemble,Pneumonia,T1_2015,offset,fixed_0.5,0.5
0.8,1504,375,0.74,0.18480043739748497,13.0,0.008643617021276596,13.0,0.0,0.0,1.0,,0.9913563829787234,0.008534316721982559,0.006658639164809157,0.0013617314289092932,0.006658639164809157,0.6449466026930816,0.028199201865822976,densenet121,unweighted_bce,ensemble,Pneumonia,T1_2015,offset,fixed_0.5,0.5
0.9,1692,187,0.68,0.08365226899945326,16.0,0.009456264775413711,16.0,0.0,0.0,1.0,,0.9905437352245863,0.009386318382951741,0.006963212512791291,0.003934590398426009,0.006963212512791291,0.6459949284009546,0.023674923631989572,densenet121,unweighted_bce,ensemble,Pneumonia,T1_2015,offset,fixed_0.5,0.5
1.0,1879,0,0.0,0.0,50.0,0.026609898882384245,50.0,0.0,0.0,1.0,,0.9733901011176157,0.02257560973433109,0.00931654783866896,0.005669567170302221,0.00931654783866896,0.8490103881902679,0.2616199018230498,densenet121,unweighted_bce,ensemble,Pneumonia,T1_2015,offset,fixed_0.5,0.5
0.5,940,939,0.9,0.48879168944778567,5.0,0.005319148936170213,5.0,0.0,0.0,1.0,,0.9946808510638298,0.005299437589236726,0.005698687682957076,0.00045089278124023704,0.005698687682957076,0.4406417112299465,0.006197310802095068,densenet121,unweighted_bce,ensemble,Pneumonia,T1_2015,platt,youden_validation,0.054908676693836846
0.6,1128,751,0.88,0.3865500273373428,6.0,0.005319148936170213,6.0,0.0,0.0,1.0,,0.9946808510638298,0.005302999400057795,0.004650215088209179,0.0004237819228195107,0.004650215088209179,0.4540998217468805,0.0061440286594964515,densenet121,unweighted_bce,ensemble,Pneumonia,T1_2015,platt,youden_validation,0.054908676693836846
0.7,1316,563,0.84,0.28485511208310554,8.0,0.0060790273556231,8.0,0.0,0.0,1.0,,0.993920972644377,0.00605035465048957,0.0037917081489529563,0.0007801170554949397,0.0037917081489529563,0.5234136085626911,0.012353946865801333,densenet121,unweighted_bce,ensemble,Pneumonia,T1_2015,platt,youden_validation,0.054908676693836846
0.8,1504,375,0.74,0.18480043739748497,13.0,0.008643617021276596,13.0,0.0,0.0,1.0,,0.9913563829787234,0.008537181928425742,0.0036827235564031277,0.0001946405099082036,0.0036827235564031277,0.6415931486354021,0.028159266075050277,densenet121,unweighted_bce,ensemble,Pneumonia,T1_2015,platt,youden_validation,0.054908676693836846
0.9,1692,187,0.46,0.0896664844177146,27.0,0.015957446808510637,14.0,40.0,0.48148148148148145,0.975975975975976,0.24528301886792453,0.9914582062233069,0.013797983903565961,0.006052792970381667,0.0037043989256993343,0.006052792970381667,0.78794349905461,0.22574671182740094,densenet121,unweighted_bce,ensemble,Pneumonia,T1_2015,platt,youden_validation,0.054908676693836846
1.0,1879,0,0.0,0.0,50.0,0.026609898882384245,14.0,185.0,0.72,0.8988518316019682,0.16289592760180996,0.991556091676719,0.02293608215855589,0.007961810387169428,0.00528813480583886,0.007961810387169428,0.8463860032804812,0.22424495160984875,densenet121,unweighted_bce,ensemble,Pneumonia,T1_2015,platt,youden_validation,0.054908676693836846
0.5,940,939,0.9,0.48879168944778567,5.0,0.005319148936170213,5.0,0.0,0.0,1.0,,0.9946808510638298,0.005299437589236726,0.005698687682957076,0.00045089278124023704,0.005698687682957076,0.4406417112299465,0.006197310802095068,densenet121,unweighted_bce,ensemble,Pneumonia,T1_2015,platt,fixed_0.5,0.5
0.6,1128,751,0.88,0.3865500273373428,6.0,0.005319148936170213,6.0,0.0,0.0,1.0,,0.9946808510638298,0.005302999400057795,0.004650215088209179,0.0004237819228195107,0.004650215088209179,0.4540998217468805,0.0061440286594964515,densenet121,unweighted_bce,ensemble,Pneumonia,T1_2015,platt,fixed_0.5,0.5
0.7,1316,563,0.84,0.28485511208310554,8.0,0.0060790273556231,8.0,0.0,0.0,1.0,,0.993920972644377,0.00605035465048957,0.0037917081489529563,0.0007801170554949397,0.0037917081489529563,0.5234136085626911,0.012353946865801333,densenet121,unweighted_bce,ensemble,Pneumonia,T1_2015,platt,fixed_0.5,0.5
0.8,1504,375,0.74,0.18480043739748497,13.0,0.008643617021276596,13.0,0.0,0.0,1.0,,0.9913563829787234,0.008537181928425742,0.0036827235564031277,0.0001946405099082036,0.0036827235564031277,0.6415931486354021,0.028159266075050277,densenet121,unweighted_bce,ensemble,Pneumonia,T1_2015,platt,fixed_0.5,0.5
0.9,1692,187,0.68,0.08365226899945326,16.0,0.009456264775413711,16.0,0.0,0.0,1.0,,0.9905437352245863,0.009391336696666358,0.006401802235716631,0.002557378770697557,0.006401802235716631,0.6438320405727924,0.021939667767981008,densenet121,unweighted_bce,ensemble,Pneumonia,T1_2015,platt,fixed_0.5,0.5
1.0,1879,0,0.0,0.0,50.0,0.026609898882384245,50.0,0.0,0.0,1.0,,0.9733901011176157,0.02293608215855589,0.007961810387169425,0.005288134805838863,0.007961810387169425,0.8463860032804812,0.22424495160984875,densenet121,unweighted_bce,ensemble,Pneumonia,T1_2015,platt,fixed_0.5,0.5
0.5,940,939,,,,,7.11,,,,,,0.02323747856653128,,,,,,densenet121,unweighted_bce,ensemble,Pneumonia,T1_2015,random_baseline,youden_validation,0.0261630689962991
0.6,1128,751,,,,,8.48,,,,,,0.023476402338984473,,,,,,densenet121,unweighted_bce,ensemble,Pneumonia,T1_2015,random_baseline,youden_validation,0.0261630689962991
0.7,1316,563,,,,,9.96,,,,,,0.023118677878264614,,,,,,densenet121,unweighted_bce,ensemble,Pneumonia,T1_2015,random_baseline,youden_validation,0.0261630689962991
0.8,1504,375,,,,,11.19,,,,,,0.023236855199925018,,,,,,densenet121,unweighted_bce,ensemble,Pneumonia,T1_2015,random_baseline,youden_validation,0.0261630689962991
0.9,1692,187,,,,,12.52,,,,,,0.02321407081590368,,,,,,densenet121,unweighted_bce,ensemble,Pneumonia,T1_2015,random_baseline,youden_validation,0.0261630689962991
1.0,1879,0,,,,,14.0,,,,,,0.023278967388394838,,,,,,densenet121,unweighted_bce,ensemble,Pneumonia,T1_2015,random_baseline,youden_validation,0.0261630689962991
0.5,1994,1993,0.9620253164556962,0.490532241555783,3.0,0.0015045135406218655,3.0,0.0,0.0,1.0,,0.9984954864593781,0.0015045033105567963,0.0032948341344116523,0.0023516494588963323,0.0032948341344116523,0.8749372174786539,0.010324337590500193,densenet121,unweighted_bce,ensemble,Pneumonia,T2_2016,raw,youden_validation,0.0261630689962991
0.6,2393,1594,0.9620253164556962,0.38843398157625386,3.0,0.0012536564981195152,3.0,0.0,0.0,1.0,,0.9987463435018805,0.0012612193470270697,0.0030812338500922774,0.0030812338500922788,0.0030812338500922774,0.7288702928870293,0.002942142409356463,densenet121,unweighted_bce,ensemble,Pneumonia,T2_2016,raw,youden_validation,0.0261630689962991
0.7,2791,1196,0.8987341772151899,0.28787103377686796,8.0,0.002866356144750985,8.0,0.0,0.0,1.0,,0.997133643855249,0.002852358524563259,0.004176232153663032,0.0020832753380930318,0.004176232153663032,0.8196640316205533,0.012751069468531218,densenet121,unweighted_bce,ensemble,Pneumonia,T2_2016,raw,youden_validation,0.0261630689962991
0.8,3190,797,0.8227848101265823,0.18730808597748208,14.0,0.00438871473354232,14.0,0.0,0.0,1.0,,0.9956112852664577,0.004344056631328495,0.0028686825524900017,0.0014547140343317477,0.0028686825524900017,0.8286254048218784,0.02606841494111338,densenet121,unweighted_bce,ensemble,Pneumonia,T2_2016,raw,youden_validation,0.0261630689962991
0.9,3589,398,0.4050632911392405,0.09365404298874104,47.0,0.013095569796600724,23.0,103.0,0.5106382978723404,0.9709203839638623,0.1889763779527559,0.9933564413633738,0.011839537351548218,0.00672277563560824,0.002219225528372174,0.00672277563560824,0.9018705623700999,0.166322088374249,densenet121,unweighted_bce,ensemble,Pneumonia,T2_2016,raw,youden_validation,0.0261630689962991
1.0,3987,0,0.0,0.0,79.0,0.01981439678956609,24.0,437.0,0.6962025316455697,0.8881780962128967,0.11178861788617886,0.9931330472103004,0.018052713753444825,0.009321123270341045,0.005430286236345536,0.009321123270341045,0.896466838552531,0.16186778114657932,densenet121,unweighted_bce,ensemble,Pneumonia,T2_2016,raw,youden_validation,0.0261630689962991
0.5,1994,1993,0.9620253164556962,0.490532241555783,3.0,0.0015045135406218655,3.0,0.0,0.0,1.0,,0.9984954864593781,0.0015045033105567963,0.0032948341344116523,0.0023516494588963323,0.0032948341344116523,0.8749372174786539,0.010324337590500193,densenet121,unweighted_bce,ensemble,Pneumonia,T2_2016,raw,fixed_0.5,0.5
0.6,2393,1594,0.9620253164556962,0.38843398157625386,3.0,0.0012536564981195152,3.0,0.0,0.0,1.0,,0.9987463435018805,0.0012612193470270697,0.0030812338500922774,0.0030812338500922788,0.0030812338500922774,0.7288702928870293,0.002942142409356463,densenet121,unweighted_bce,ensemble,Pneumonia,T2_2016,raw,fixed_0.5,0.5
0.7,2791,1196,0.8987341772151899,0.28787103377686796,8.0,0.002866356144750985,8.0,0.0,0.0,1.0,,0.997133643855249,0.002852358524563259,0.004176232153663032,0.0020832753380930318,0.004176232153663032,0.8196640316205533,0.012751069468531218,densenet121,unweighted_bce,ensemble,Pneumonia,T2_2016,raw,fixed_0.5,0.5
0.8,3190,797,0.8227848101265823,0.18730808597748208,14.0,0.00438871473354232,14.0,0.0,0.0,1.0,,0.9956112852664577,0.004344056631328495,0.0028686825524900017,0.0014547140343317477,0.0028686825524900017,0.8286254048218784,0.02606841494111338,densenet121,unweighted_bce,ensemble,Pneumonia,T2_2016,raw,fixed_0.5,0.5
0.9,3589,398,0.6708860759493671,0.0882804503582395,26.0,0.007244357759821678,26.0,0.0,0.0,1.0,,0.9927556422401783,0.007117532568520325,0.004332956364192825,0.0003841919805808308,0.004332956364192825,0.8316457609188455,0.05872510026141871,densenet121,unweighted_bce,ensemble,Pneumonia,T2_2016,raw,fixed_0.5,0.5
1.0,3987,0,0.0,0.0,79.0,0.01981439678956609,79.0,0.0,0.0,1.0,,0.9801856032104339,0.018052713753444825,0.009321123270341047,0.005430286236345537,0.009321123270341047,0.896466838552531,0.16186778114657932,densenet121,unweighted_bce,ensemble,Pneumonia,T2_2016,raw,fixed_0.5,0.5
0.5,1994,1993,0.9746835443037974,0.49027635619242577,2.0,0.0010030090270812437,2.0,0.0,0.0,1.0,,0.9989969909729187,0.0010457243111063764,0.006650785290390447,0.00665078475863982,0.006650785290390447,0.8812751004016064,0.011798028458004371,densenet121,unweighted_bce,ensemble,Pneumonia,T2_2016,temperature,youden_validation,0.05063144428034624
0.6,2393,1594,0.9493670886075949,0.38868986693961105,4.0,0.001671541997492687,4.0,0.0,0.0,1.0,,0.9983284580025074,0.0017140035565586232,0.006910945638909942,0.006910945704877003,0.006910945638909942,0.8309962327333612,0.008892666516788113,densenet121,unweighted_bce,ensemble,Pneumonia,T2_2016,temperature,youden_validation,0.05063144428034624
0.7,2791,1196,0.8987341772151899,0.28787103377686796,8.0,0.002866356144750985,8.0,0.0,0.0,1.0,,0.997133643855249,0.0028957458130994466,0.006884912996770115,0.006884912517761317,0.006884912996770115,0.8175080848005749,0.009735819515095544,densenet121,unweighted_bce,ensemble,Pneumonia,T2_2016,temperature,youden_validation,0.05063144428034624
0.8,3190,797,0.8354430379746836,0.18705220061412486,13.0,0.0040752351097178684,13.0,0.0,0.0,1.0,,0.9959247648902821,0.004085885231421183,0.007316301781742551,0.00731630215427158,0.007316301781742551,0.8178494467446309,0.023923901795870086,densenet121,unweighted_bce,ensemble,Pneumonia,T2_2016,temperature,youden_validation,0.05063144428034624
0.9,3589,398,0.5189873417721519,0.0913510747185261,38.0,0.01058790749512399,24.0,72.0,0.3684210526315789,0.9797240214024219,0.16279069767441862,0.9931487296602912,0.009773029493668801,0.006802765988062586,0.007870812124478498,0.006802765988062586,0.885021269027257,0.14968488592667858,densenet121,unweighted_bce,ensemble,Pneumonia,T2_2016,temperature,youden_validation,0.05063144428034624
1.0,3987,0,0.0,0.0,79.0,0.01981439678956609,24.0,384.0,0.6962025316455697,0.901740020470829,0.1252847380410023,0.9932356257046223,0.017856757177197983,0.008610159979774847,0.007304388025305101,0.008610159979774847,0.8969332625059921,0.16135889937707545,densenet121,unweighted_bce,ensemble,Pneumonia,T2_2016,temperature,youden_validation,0.05063144428034624
0.5,1994,1993,0.9746835443037974,0.49027635619242577,2.0,0.0010030090270812437,2.0,0.0,0.0,1.0,,0.9989969909729187,0.0010457243111063764,0.006650785290390447,0.00665078475863982,0.006650785290390447,0.8812751004016064,0.011798028458004371,densenet121,unweighted_bce,ensemble,Pneumonia,T2_2016,temperature,fixed_0.5,0.5
0.6,2393,1594,0.9493670886075949,0.38868986693961105,4.0,0.001671541997492687,4.0,0.0,0.0,1.0,,0.9983284580025074,0.0017140035565586232,0.006910945638909942,0.006910945704877003,0.006910945638909942,0.8309962327333612,0.008892666516788113,densenet121,unweighted_bce,ensemble,Pneumonia,T2_2016,temperature,fixed_0.5,0.5
0.7,2791,1196,0.8987341772151899,0.28787103377686796,8.0,0.002866356144750985,8.0,0.0,0.0,1.0,,0.997133643855249,0.0028957458130994466,0.006884912996770115,0.006884912517761317,0.006884912996770115,0.8175080848005749,0.009735819515095544,densenet121,unweighted_bce,ensemble,Pneumonia,T2_2016,temperature,fixed_0.5,0.5
0.8,3190,797,0.8354430379746836,0.18705220061412486,13.0,0.0040752351097178684,13.0,0.0,0.0,1.0,,0.9959247648902821,0.004085885231421183,0.007316301781742551,0.00731630215427158,0.007316301781742551,0.8178494467446309,0.023923901795870086,densenet121,unweighted_bce,ensemble,Pneumonia,T2_2016,temperature,fixed_0.5,0.5
0.9,3589,398,0.6582278481012658,0.08853633572159672,27.0,0.007522986904430203,27.0,0.0,0.0,1.0,,0.9924770130955698,0.007404238975594399,0.006887181046504219,0.006887181028080173,0.006887181046504219,0.8403310666084389,0.052223326269555156,densenet121,unweighted_bce,ensemble,Pneumonia,T2_2016,temperature,fixed_0.5,0.5
1.0,3987,0,0.0,0.0,79.0,0.01981439678956609,79.0,0.0,0.0,1.0,,0.9801856032104339,0.017856757177197983,0.008610159979774847,0.007304387468426992,0.008610159979774847,0.8969332625059921,0.16135889937707545,densenet121,unweighted_bce,ensemble,Pneumonia,T2_2016,temperature,fixed_0.5,0.5
0.5,1994,1993,0.9746835443037974,0.49027635619242577,2.0,0.0010030090270812437,2.0,0.0,0.0,1.0,,0.9989969909729187,0.0010347280877788677,0.00574530497937834,0.005745304988486059,0.00574530497937834,0.8473895582329318,0.004874717966987294,densenet121,unweighted_bce,ensemble,Pneumonia,T2_2016,offset,youden_validation,0.055669888854026794
0.6,2393,1594,0.9620253164556962,0.38843398157625386,3.0,0.0012536564981195152,3.0,0.0,0.0,1.0,,0.9987463435018805,0.0012951082409827805,0.006367658679612912,0.006367659275456983,0.006367658679612912,0.7489539748953975,0.0031843213124156406,densenet121,unweighted_bce,ensemble,Pneumonia,T2_2016,offset,youden_validation,0.055669888854026794
0.7,2791,1196,0.8987341772151899,0.28787103377686796,8.0,0.002866356144750985,8.0,0.0,0.0,1.0,,0.997133643855249,0.0028815355597120867,0.0058870202358191435,0.005887019936834899,0.0058870202358191435,0.8194843693855551,0.011139897005297963,densenet121,unweighted_bce,ensemble,Pneumonia,T2_2016,offset,youden_validation,0.055669888854026794
0.8,3190,797,0.810126582278481,0.1875639713408393,15.0,0.004702194357366771,14.0,0.0,0.06666666666666667,1.0,1.0,0.995609909062402,0.004436474549215344,0.0058698862594724595,0.006162528166705071,0.0058698862594724595,0.842036745406824,0.1111549870642697,densenet121,unweighted_bce,ensemble,Pneumonia,T2_2016,offset,youden_validation,0.055669888854026794
0.9,3589,398,0.5063291139240507,0.09160696008188332,39.0,0.010866536639732517,24.0,78.0,0.38461538461538464,0.9780281690140845,0.16129032258064516,0.9931350114416476,0.010106289602183434,0.007413050239476512,0.0077718580792992525,0.007413050239476512,0.8871217045864933,0.1536491030903538,densenet121,unweighted_bce,ensemble,Pneumonia,T2_2016,offset,youden_validation,0.055669888854026794
1.0,3987,0,0.0,0.0,79.0,0.01981439678956609,24.0,386.0,0.6962025316455697,0.9012282497441146,0.12471655328798185,0.9932318104906938,0.01784218795872819,0.005947296007657586,0.006816740614715484,0.005947296007657586,0.8967097676949588,0.16234666421467184,densenet121,unweighted_bce,ensemble,Pneumonia,T2_2016,offset,youden_validation,0.055669888854026794
0.5,1994,1993,0.9746835443037974,0.49027635619242577,2.0,0.0010030090270812437,2.0,0.0,0.0,1.0,,0.9989969909729187,0.0010347280877788677,0.005745304932905624,0.005745304988486059,0.005745304932905624,0.8473895582329318,0.004874717966987294,densenet121,unweighted_bce,ensemble,Pneumonia,T2_2016,offset,fixed_0.5,0.5
0.6,2393,1594,0.9620253164556962,0.38843398157625386,3.0,0.0012536564981195152,3.0,0.0,0.0,1.0,,0.9987463435018805,0.0012951082409827805,0.006367658679612912,0.006367659275456983,0.006367658679612912,0.7489539748953975,0.0031843213124156406,densenet121,unweighted_bce,ensemble,Pneumonia,T2_2016,offset,fixed_0.5,0.5
0.7,2791,1196,0.8987341772151899,0.28787103377686796,8.0,0.002866356144750985,8.0,0.0,0.0,1.0,,0.997133643855249,0.0028815355597120867,0.0058870202358191435,0.005887019936834899,0.0058870202358191435,0.8194843693855551,0.011139897005297963,densenet121,unweighted_bce,ensemble,Pneumonia,T2_2016,offset,fixed_0.5,0.5
0.8,3190,797,0.810126582278481,0.1875639713408393,15.0,0.004702194357366771,15.0,0.0,0.0,1.0,,0.9952978056426333,0.004664629762148461,0.005711360069847196,0.0057113601396963885,0.005711360069847196,0.842036745406824,0.1111549870642697,densenet121,unweighted_bce,ensemble,Pneumonia,T2_2016,offset,fixed_0.5,0.5
0.9,3589,398,0.6582278481012658,0.08853633572159672,27.0,0.007522986904430203,27.0,0.0,0.0,1.0,,0.9924770130955698,0.00739862273273496,0.006233581971853565,0.006233581639182754,0.006233581971853565,0.839551230062179,0.06169504083417417,densenet121,unweighted_bce,ensemble,Pneumonia,T2_2016,offset,fixed_0.5,0.5
1.0,3987,0,0.0,0.0,79.0,0.01981439678956609,78.0,0.0,0.012658227848101266,1.0,1.0,0.980431510286001,0.01784218795872819,0.005947296007657586,0.006816741268766953,0.005947296007657586,0.8967097676949588,0.16234666421467184,densenet121,unweighted_bce,ensemble,Pneumonia,T2_2016,offset,fixed_0.5,0.5
0.5,1994,1993,0.9746835443037974,0.49027635619242577,2.0,0.0010030090270812437,2.0,0.0,0.0,1.0,,0.9989969909729187,0.0010168817044050313,0.0040110810448480035,0.004011080840391405,0.0040110810448480035,0.8767570281124498,0.010506190133646311,densenet121,unweighted_bce,ensemble,Pneumonia,T2_2016,platt,youden_validation,0.054908676693836846
0.6,2393,1594,0.9493670886075949,0.38868986693961105,4.0,0.001671541997492687,4.0,0.0,0.0,1.0,,0.9983284580025074,0.0016835327162181637,0.004239586115485105,0.004239586132317408,0.004239586115485105,0.8285893679363749,0.011339302303976215,densenet121,unweighted_bce,ensemble,Pneumonia,T2_2016,platt,youden_validation,0.054908676693836846
0.7,2791,1196,0.8987341772151899,0.28787103377686796,8.0,0.002866356144750985,8.0,0.0,0.0,1.0,,0.997133643855249,0.0028656661485788816,0.004231464486907525,0.004231464140956727,0.004231464486907525,0.8169690980955804,0.010016966600748809,densenet121,unweighted_bce,ensemble,Pneumonia,T2_2016,platt,youden_validation,0.054908676693836846
0.8,3190,797,0.810126582278481,0.1875639713408393,15.0,0.004702194357366771,14.0,0.0,0.06666666666666667,1.0,1.0,0.995609909062402,0.004414359519960886,0.00441506447363207,0.004593005777865087,0.00441506447363207,0.8404199475065617,0.1021835269017409,densenet121,unweighted_bce,ensemble,Pneumonia,T2_2016,platt,youden_validation,0.054908676693836846
0.9,3589,398,0.45569620253164556,0.09263050153531217,43.0,0.01198105321816662,24.0,88.0,0.4418604651162791,0.9751833051325437,0.17757009345794392,0.9931074095347502,0.011041756027015312,0.00585170319798465,0.006858453811082743,0.00585170319798465,0.8945290468133107,0.15190546315626013,densenet121,unweighted_bce,ensemble,Pneumonia,T2_2016,platt,youden_validation,0.054908676693836846
1.0,3987,0,0.0,0.0,79.0,0.01981439678956609,24.0,391.0,0.6962025316455697,0.8999488229273286,0.12331838565022421,0.9932222536006777,0.017928827974041328,0.005730704644018449,0.0079440962229366,0.005730704644018449,0.8962271484653357,0.15670570038996343,densenet121,unweighted_bce,ensemble,Pneumonia,T2_2016,platt,youden_validation,0.054908676693836846
0.5,1994,1993,0.9746835443037974,0.49027635619242577,2.0,0.0010030090270812437,2.0,0.0,0.0,1.0,,0.9989969909729187,0.0010168817044050313,0.0040110810448480035,0.004011080840391405,0.0040110810448480035,0.8767570281124498,0.010506190133646311,densenet121,unweighted_bce,ensemble,Pneumonia,T2_2016,platt,fixed_0.5,0.5
0.6,2393,1594,0.9493670886075949,0.38868986693961105,4.0,0.001671541997492687,4.0,0.0,0.0,1.0,,0.9983284580025074,0.0016835327162181637,0.004239586115485105,0.004239586132317408,0.004239586115485105,0.8285893679363749,0.011339302303976215,densenet121,unweighted_bce,ensemble,Pneumonia,T2_2016,platt,fixed_0.5,0.5
0.7,2791,1196,0.8987341772151899,0.28787103377686796,8.0,0.002866356144750985,8.0,0.0,0.0,1.0,,0.997133643855249,0.0028656661485788816,0.004231464486907525,0.004231464140956727,0.004231464486907525,0.8169690980955804,0.010016966600748809,densenet121,unweighted_bce,ensemble,Pneumonia,T2_2016,platt,fixed_0.5,0.5
0.8,3190,797,0.8227848101265823,0.18730808597748208,14.0,0.00438871473354232,14.0,0.0,0.0,1.0,,0.9956112852664577,0.004352794938366563,0.00456268523267228,0.004462270473121289,0.00456268523267228,0.8287603454480028,0.02851254881918612,densenet121,unweighted_bce,ensemble,Pneumonia,T2_2016,platt,fixed_0.5,0.5
0.9,3589,398,0.6708860759493671,0.0882804503582395,26.0,0.007244357759821678,26.0,0.0,0.0,1.0,,0.9927556422401783,0.007143644845434982,0.0051144514887835795,0.0051144520614859815,0.0051144514887835795,0.8316673503313974,0.03069292592392234,densenet121,unweighted_bce,ensemble,Pneumonia,T2_2016,platt,fixed_0.5,0.5
1.0,3987,0,0.0,0.0,79.0,0.01981439678956609,78.0,0.0,0.012658227848101266,1.0,1.0,0.980431510286001,0.017928827974041328,0.005730704644018449,0.007944095766969288,0.005730704644018449,0.8962271484653357,0.15670570038996343,densenet121,unweighted_bce,ensemble,Pneumonia,T2_2016,platt,fixed_0.5,0.5
0.5,1994,1993,,,,,11.74,,,,,,0.01799482484733892,,,,,,densenet121,unweighted_bce,ensemble,Pneumonia,T2_2016,random_baseline,youden_validation,0.0261630689962991
0.6,2393,1594,,,,,14.28,,,,,,0.017870170103648195,,,,,,densenet121,unweighted_bce,ensemble,Pneumonia,T2_2016,random_baseline,youden_validation,0.0261630689962991
0.7,2791,1196,,,,,16.65,,,,,,0.01804597483798821,,,,,,densenet121,unweighted_bce,ensemble,Pneumonia,T2_2016,random_baseline,youden_validation,0.0261630689962991
0.8,3190,797,,,,,19.27,,,,,,0.017966528008017416,,,,,,densenet121,unweighted_bce,ensemble,Pneumonia,T2_2016,random_baseline,youden_validation,0.0261630689962991
0.9,3589,398,,,,,21.43,,,,,,0.018040104332732516,,,,,,densenet121,unweighted_bce,ensemble,Pneumonia,T2_2016,random_baseline,youden_validation,0.0261630689962991
1.0,3987,0,,,,,24.0,,,,,,0.01805271375344483,,,,,,densenet121,unweighted_bce,ensemble,Pneumonia,T2_2016,random_baseline,youden_validation,0.0261630689962991
0.5,1218,1218,0.94,0.49077954735959767,3.0,0.0024630541871921183,3.0,0.0,0.0,1.0,,0.9975369458128078,0.002458254999675844,0.003724340173343635,0.0014027068349397706,0.003724340173343635,0.6024691358024692,0.004480764393719953,densenet121,unweighted_bce,ensemble,Pneumonia,T3_2017,raw,youden_validation,0.0261630689962991
0.6,1462,974,0.92,0.3889354568315172,4.0,0.0027359781121751026,4.0,0.0,0.0,1.0,,0.9972640218878249,0.0027294206978343725,0.0030760630400065514,0.0015963363080216363,0.0030760630400065514,0.622599451303155,0.013595700731295351,densenet121,unweighted_bce,ensemble,Pneumonia,T3_2017,raw,youden_validation,0.0261630689962991
0.7,1706,730,0.88,0.2875104777870914,6.0,0.0035169988276670576,6.0,0.0,0.0,1.0,,0.9964830011723329,0.0034995231123332274,0.0028776146667109227,0.0013910375950098143,0.0028776146667109227,0.6869607843137254,0.10117218297635579,densenet121,unweighted_bce,ensemble,Pneumonia,T3_2017,raw,youden_validation,0.0261630689962991
0.8,1949,487,0.8,0.18734283319362952,10.0,0.00513083632632119,10.0,0.0,0.0,1.0,,0.9948691636736788,0.005085916397898547,0.0030617948233977134,0.0006307825199634689,0.0030617948233977134,0.7321815368746777,0.06254843812770028,densenet121,unweighted_bce,ensemble,Pneumonia,T3_2017,raw,youden_validation,0.0261630689962991
0.9,2193,243,0.42,0.09304274937133278,29.0,0.013223894208846329,13.0,63.0,0.5517241379310345,0.9708872458410351,0.20253164556962025,0.9938505203405865,0.011611003330938199,0.00515116734056952,0.002166464318869205,0.00515116734056952,0.8683472496653708,0.251946622972435,densenet121,unweighted_bce,ensemble,Pneumonia,T3_2017,raw,youden_validation,0.0261630689962991
1.0,2436,0,0.0,0.0,50.0,0.020525451559934318,14.0,275.0,0.72,0.8847443419949707,0.1157556270096463,0.9934117647058823,0.018490024663792876,0.00831038803947905,0.006179284575523478,0.00831038803947905,0.8769237217099749,0.20994399980369988,densenet121,unweighted_bce,ensemble,Pneumonia,T3_2017,raw,youden_validation,0.0261630689962991
0.5,1218,1218,0.94,0.49077954735959767,3.0,0.0024630541871921183,3.0,0.0,0.0,1.0,,0.9975369458128078,0.002458254999675844,0.003724340173343635,0.0014027068349397706,0.003724340173343635,0.6024691358024692,0.004480764393719953,densenet121,unweighted_bce,ensemble,Pneumonia,T3_2017,raw,fixed_0.5,0.5
0.6,1462,974,0.92,0.3889354568315172,4.0,0.0027359781121751026,4.0,0.0,0.0,1.0,,0.9972640218878249,0.0027294206978343725,0.0030760630400065514,0.0015963363080216363,0.0030760630400065514,0.622599451303155,0.013595700731295351,densenet121,unweighted_bce,ensemble,Pneumonia,T3_2017,raw,fixed_0.5,0.5
0.7,1706,730,0.88,0.2875104777870914,6.0,0.0035169988276670576,6.0,0.0,0.0,1.0,,0.9964830011723329,0.0034995231123332274,0.0028776146667109227,0.0013910375950098143,0.0028776146667109227,0.6869607843137254,0.10117218297635579,densenet121,unweighted_bce,ensemble,Pneumonia,T3_2017,raw,fixed_0.5,0.5
0.8,1949,487,0.8,0.18734283319362952,10.0,0.00513083632632119,10.0,0.0,0.0,1.0,,0.9948691636736788,0.005085916397898547,0.0030617948233977134,0.0006307825199634689,0.0030617948233977134,0.7321815368746777,0.06254843812770028,densenet121,unweighted_bce,ensemble,Pneumonia,T3_2017,raw,fixed_0.5,0.5
0.9,2193,243,0.6,0.0892707460184409,20.0,0.009119927040583675,20.0,0.0,0.0,1.0,,0.9908800729594163,0.008903162359740636,0.00452962135791002,0.0015449183362097043,0.00452962135791002,0.810377358490566,0.05320735382888548,densenet121,unweighted_bce,ensemble,Pneumonia,T3_2017,raw,fixed_0.5,0.5
1.0,2436,0,0.0,0.0,50.0,0.020525451559934318,50.0,0.0,0.0,1.0,,0.9794745484400657,0.018490024663792876,0.008310388039479049,0.006179284575523478,0.008310388039479049,0.8769237217099749,0.20994399980369988,densenet121,unweighted_bce,ensemble,Pneumonia,T3_2017,raw,fixed_0.5,0.5
0.5,1218,1218,0.94,0.49077954735959767,3.0,0.0024630541871921183,3.0,0.0,0.0,1.0,,0.9975369458128078,0.0024853440231568896,0.005550539934218591,0.0052325508598550195,0.005550539934218591,0.615912208504801,0.0047568889616231005,densenet121,unweighted_bce,ensemble,Pneumonia,T3_2017,temperature,youden_validation,0.05063144428034624
0.6,1462,974,0.92,0.3889354568315172,4.0,0.0027359781121751026,4.0,0.0,0.0,1.0,,0.9972640218878249,0.0027647500755957535,0.005973747120335668,0.005859104796693687,0.005973747120335668,0.6212277091906723,0.006362646508273995,densenet121,unweighted_bce,ensemble,Pneumonia,T3_2017,temperature,youden_validation,0.05063144428034624
0.7,1706,730,0.9,0.28709136630343673,5.0,0.0029308323563892145,5.0,0.0,0.0,1.0,,0.9970691676436108,0.0029732702116332323,0.006747158694628009,0.006747158914629767,0.006747158694628009,0.6182245737801294,0.006773700909244755,densenet121,unweighted_bce,ensemble,Pneumonia,T3_2017,temperature,youden_validation,0.05063144428034624
0.8,1949,487,0.82,0.18692372170997484,9.0,0.004617752693689072,9.0,0.0,0.0,1.0,,0.995382247306311,0.004632772858912202,0.006640791710468058,0.006640791706645287,0.006640791710468058,0.7075601374570446,0.0115682378267788,densenet121,unweighted_bce,ensemble,Pneumonia,T3_2017,temperature,youden_validation,0.05063144428034624
0.9,2193,243,0.48,0.09178541492036882,26.0,0.011855905152758778,15.0,46.0,0.4230769230769231,0.978772496538994,0.19298245614035087,0.9929775280898876,0.010502411590300622,0.005853293971504678,0.008588209778845066,0.005853293971504678,0.8562351354229527,0.24818962256416746,densenet121,unweighted_bce,ensemble,Pneumonia,T3_2017,temperature,youden_validation,0.05063144428034624
1.0,2436,0,0.0,0.0,50.0,0.020525451559934318,18.0,240.0,0.64,0.8994132439228835,0.11764705882352941,0.9916820702402958,0.018272141490249066,0.007904110243543983,0.005555327151319371,0.007904110243543983,0.877468566638726,0.20956650570451368,densenet121,unweighted_bce,ensemble,Pneumonia,T3_2017,temperature,youden_validation,0.05063144428034624
0.5,1218,1218,0.94,0.49077954735959767,3.0,0.0024630541871921183,3.0,0.0,0.0,1.0,,0.9975369458128078,0.0024853440231568896,0.005550539934218591,0.0052325508598550195,0.005550539934218591,0.615912208504801,0.0047568889616231005,densenet121,unweighted_bce,ensemble,Pneumonia,T3_2017,temperature,fixed_0.5,0.5
0.6,1462,974,0.92,0.3889354568315172,4.0,0.0027359781121751026,4.0,0.0,0.0,1.0,,0.9972640218878249,0.0027647500755957535,0.005973747166838095,0.005859104796693687,0.005973747166838095,0.6212277091906723,0.006362646508273995,densenet121,unweighted_bce,ensemble,Pneumonia,T3_2017,temperature,fixed_0.5,0.5
0.7,1706,730,0.9,0.28709136630343673,5.0,0.0029308323563892145,5.0,0.0,0.0,1.0,,0.9970691676436108,0.0029732702116332323,0.006747158694628009,0.006747158914629767,0.006747158694628009,0.6182245737801294,0.006773700909244755,densenet121,unweighted_bce,ensemble,Pneumonia,T3_2017,temperature,fixed_0.5,0.5
0.8,1949,487,0.82,0.18692372170997484,9.0,0.004617752693689072,9.0,0.0,0.0,1.0,,0.995382247306311,0.004632772858912202,0.006640791710468058,0.006640791706645287,0.006640791710468058,0.7075601374570446,0.0115682378267788,densenet121,unweighted_bce,ensemble,Pneumonia,T3_2017,temperature,fixed_0.5,0.5
0.9,2193,243,0.6,0.0892707460184409,20.0,0.009119927040583675,20.0,0.0,0.0,1.0,,0.9908800729594163,0.008886895937934227,0.006332459298548121,0.00517526912009042,0.006332459298548121,0.8109065807639209,0.05542935522989458,densenet121,unweighted_bce,ensemble,Pneumonia,T3_2017,temperature,fixed_0.5,0.5
1.0,2436,0,0.0,0.0,50.0,0.020525451559934318,50.0,0.0,0.0,1.0,,0.9794745484400657,0.018272141490249066,0.00790410945061992,0.005555327793610802,0.00790410945061992,0.877468566638726,0.20956650570451368,densenet121,unweighted_bce,ensemble,Pneumonia,T3_2017,temperature,fixed_0.5,0.5
0.5,1218,1218,0.94,0.49077954735959767,3.0,0.0024630541871921183,3.0,0.0,0.0,1.0,,0.9975369458128078,0.0024762813801929013,0.004887348352526185,0.004309075609253251,0.004887348352526185,0.6057613168724281,0.004583211089547103,densenet121,unweighted_bce,ensemble,Pneumonia,T3_2017,offset,youden_validation,0.055669888854026794
0.6,1462,974,0.92,0.3889354568315172,4.0,0.0027359781121751026,4.0,0.0,0.0,1.0,,0.9972640218878249,0.0027530583559774897,0.005158275301012729,0.00488392205108798,0.005158275301012729,0.6215706447187929,0.009164379952437584,densenet121,unweighted_bce,ensemble,Pneumonia,T3_2017,offset,youden_validation,0.055669888854026794
0.7,1706,730,0.88,0.2875104777870914,6.0,0.0035169988276670576,6.0,0.0,0.0,1.0,,0.9964830011723329,0.003524669177856565,0.005168682974348323,0.00515428675690192,0.005168682974348323,0.6856862745098039,0.03496196802539162,densenet121,unweighted_bce,ensemble,Pneumonia,T3_2017,offset,youden_validation,0.055669888854026794
0.8,1949,487,0.82,0.18692372170997484,9.0,0.004617752693689072,9.0,0.0,0.0,1.0,,0.995382247306311,0.004622193369986842,0.005643365549887905,0.005643364787006176,0.005643365549887905,0.7049828178694157,0.011153750110552668,densenet121,unweighted_bce,ensemble,Pneumonia,T3_2017,offset,youden_validation,0.055669888854026794
0.9,2193,243,0.5,0.09136630343671416,25.0,0.011399908800729594,14.0,49.0,0.44,0.9773985239852399,0.18333333333333332,0.9934364744491326,0.01003864030663553,0.006988298565164596,0.008842891265629253,0.006988298565164596,0.8510701107011069,0.25112746728281266,densenet121,unweighted_bce,ensemble,Pneumonia,T3_2017,offset,youden_validation,0.055669888854026794
1.0,2436,0,0.0,0.0,50.0,0.020525451559934318,18.0,241.0,0.64,0.8989941324392289,0.11721611721611722,0.9916782246879334,0.018124601029557603,0.005746536487705811,0.006737071598691893,0.005746536487705811,0.8773931265716681,0.2105395070839115,densenet121,unweighted_bce,ensemble,Pneumonia,T3_2017,offset,youden_validation,0.055669888854026794
0.5,1218,1218,0.94,0.49077954735959767,3.0,0.0024630541871921183,3.0,0.0,0.0,1.0,,0.9975369458128078,0.0024762813801929013,0.004887348352526185,0.004309075609253251,0.004887348352526185,0.6057613168724281,0.004583211089547103,densenet121,unweighted_bce,ensemble,Pneumonia,T3_2017,offset,fixed_0.5,0.5
0.6,1462,974,0.92,0.3889354568315172,4.0,0.0027359781121751026,4.0,0.0,0.0,1.0,,0.9972640218878249,0.0027530583559774897,0.005158275394017583,0.00488392205108798,0.005158275394017583,0.6215706447187929,0.009164379952437584,densenet121,unweighted_bce,ensemble,Pneumonia,T3_2017,offset,fixed_0.5,0.5
0.7,1706,730,0.88,0.2875104777870914,6.0,0.0035169988276670576,6.0,0.0,0.0,1.0,,0.9964830011723329,0.003524669177856565,0.005168682974348323,0.00515428675690192,0.005168682974348323,0.6856862745098039,0.03496196802539162,densenet121,unweighted_bce,ensemble,Pneumonia,T3_2017,offset,fixed_0.5,0.5
0.8,1949,487,0.82,0.18692372170997484,9.0,0.004617752693689072,9.0,0.0,0.0,1.0,,0.995382247306311,0.004622193369986842,0.005643365549887905,0.005643364787006176,0.005643365549887905,0.7049828178694157,0.011153750110552668,densenet121,unweighted_bce,ensemble,Pneumonia,T3_2017,offset,fixed_0.5,0.5
0.9,2193,243,0.6,0.0892707460184409,20.0,0.009119927040583675,20.0,0.0,0.0,1.0,,0.9908800729594163,0.00886868718462698,0.005224393857570813,0.004511146717422421,0.005224393857570813,0.8104233778186839,0.053857943047093106,densenet121,unweighted_bce,ensemble,Pneumonia,T3_2017,offset,fixed_0.5,0.5
1.0,2436,0,0.0,0.0,50.0,0.020525451559934318,50.0,0.0,0.0,1.0,,0.9794745484400657,0.018124601029557603,0.0057465379802687545,0.006737071598691893,0.0057465379802687545,0.8773931265716681,0.2105395070839115,densenet121,unweighted_bce,ensemble,Pneumonia,T3_2017,offset,fixed_0.5,0.5
0.5,1218,1218,0.94,0.49077954735959767,3.0,0.0024630541871921183,3.0,0.0,0.0,1.0,,0.9975369458128078,0.002464142480458443,0.004007543173766953,0.0025819313753708243,0.004007543173766953,0.6142661179698217,0.004648904424841734,densenet121,unweighted_bce,ensemble,Pneumonia,T3_2017,platt,youden_validation,0.054908676693836846
0.6,1462,974,0.92,0.3889354568315172,4.0,0.0027359781121751026,4.0,0.0,0.0,1.0,,0.9972640218878249,0.0027400248080759046,0.0039666199959685865,0.003178948882416849,0.0039666199959685865,0.619170096021948,0.006123968606910048,densenet121,unweighted_bce,ensemble,Pneumonia,T3_2017,platt,youden_validation,0.054908676693836846
0.7,1706,730,0.88,0.2875104777870914,6.0,0.0035169988276670576,6.0,0.0,0.0,1.0,,0.9964830011723329,0.0035114461396569285,0.0038738356833455372,0.003494946997403085,0.0038738356833455372,0.6810784313725491,0.026707574630812237,densenet121,unweighted_bce,ensemble,Pneumonia,T3_2017,platt,youden_validation,0.054908676693836846
0.8,1949,487,0.82,0.18692372170997484,9.0,0.004617752693689072,9.0,0.0,0.0,1.0,,0.995382247306311,0.004608828442730914,0.00423347843421949,0.00407752562304715,0.00423347843421949,0.7030355097365406,0.010949845423648354,densenet121,unweighted_bce,ensemble,Pneumonia,T3_2017,platt,youden_validation,0.054908676693836846
0.9,2193,243,0.48,0.09178541492036882,26.0,0.011855905152758778,14.0,51.0,0.46153846153846156,0.976465159206276,0.19047619047619047,0.9934272300469483,0.01045902438358418,0.0058798236195703,0.00787598800510372,0.0058798236195703,0.8556139292179901,0.25383351070184085,densenet121,unweighted_bce,ensemble,Pneumonia,T3_2017,platt,youden_validation,0.054908676693836846
1.0,2436,0,0.0,0.0,50.0,0.020525451559934318,17.0,248.0,0.66,0.8960603520536463,0.11743772241992882,0.9921113689095128,0.01827889033573743,0.006269917817830685,0.006483664089272471,0.006269917817830685,0.8756580050293378,0.20697666592338287,densenet121,unweighted_bce,ensemble,Pneumonia,T3_2017,platt,youden_validation,0.054908676693836846
0.5,1218,1218,0.94,0.49077954735959767,3.0,0.0024630541871921183,3.0,0.0,0.0,1.0,,0.9975369458128078,0.002464142480458443,0.004007543173766953,0.0025819313753708243,0.004007543173766953,0.6142661179698217,0.004648904424841734,densenet121,unweighted_bce,ensemble,Pneumonia,T3_2017,platt,fixed_0.5,0.5
0.6,1462,974,0.92,0.3889354568315172,4.0,0.0027359781121751026,4.0,0.0,0.0,1.0,,0.9972640218878249,0.0027400248080759046,0.0039666199959685865,0.003178948882416849,0.0039666199959685865,0.619170096021948,0.006123968606910048,densenet121,unweighted_bce,ensemble,Pneumonia,T3_2017,platt,fixed_0.5,0.5
0.7,1706,730,0.88,0.2875104777870914,6.0,0.0035169988276670576,6.0,0.0,0.0,1.0,,0.9964830011723329,0.0035114461396569285,0.0038738356833455372,0.003494946997403085,0.0038738356833455372,0.6810784313725491,0.026707574630812237,densenet121,unweighted_bce,ensemble,Pneumonia,T3_2017,platt,fixed_0.5,0.5
0.8,1949,487,0.82,0.18692372170997484,9.0,0.004617752693689072,9.0,0.0,0.0,1.0,,0.995382247306311,0.004608828442730914,0.00423347843421949,0.00407752562304715,0.00423347843421949,0.7030355097365406,0.010949845423648354,densenet121,unweighted_bce,ensemble,Pneumonia,T3_2017,platt,fixed_0.5,0.5
0.9,2193,243,0.58,0.08968985750209556,21.0,0.009575923392612859,21.0,0.0,0.0,1.0,,0.9904240766073872,0.009243231826126781,0.004446137451039728,0.0027119690086055553,0.004446137451039728,0.8200473559589581,0.06915758359126135,densenet121,unweighted_bce,ensemble,Pneumonia,T3_2017,platt,fixed_0.5,0.5
1.0,2436,0,0.0,0.0,50.0,0.020525451559934318,50.0,0.0,0.0,1.0,,0.9794745484400657,0.01827889033573743,0.006269916325267742,0.006483664291135492,0.006269916325267742,0.8756580050293378,0.20697666592338287,densenet121,unweighted_bce,ensemble,Pneumonia,T3_2017,platt,fixed_0.5,0.5
0.5,1218,1218,,,,,7.06,,,,,,0.018666510856905117,,,,,,densenet121,unweighted_bce,ensemble,Pneumonia,T3_2017,random_baseline,youden_validation,0.0261630689962991
0.6,1462,974,,,,,8.15,,,,,,0.018609712348506804,,,,,,densenet121,unweighted_bce,ensemble,Pneumonia,T3_2017,random_baseline,youden_validation,0.0261630689962991
0.7,1706,730,,,,,9.99,,,,,,0.018570053607314327,,,,,,densenet121,unweighted_bce,ensemble,Pneumonia,T3_2017,random_baseline,youden_validation,0.0261630689962991
0.8,1949,487,,,,,11.32,,,,,,0.018461937420910197,,,,,,densenet121,unweighted_bce,ensemble,Pneumonia,T3_2017,random_baseline,youden_validation,0.0261630689962991
0.9,2193,243,,,,,12.68,,,,,,0.018432452785561142,,,,,,densenet121,unweighted_bce,ensemble,Pneumonia,T3_2017,random_baseline,youden_validation,0.0261630689962991
1.0,2436,0,,,,,14.0,,,,,,0.018490024663792876,,,,,,densenet121,unweighted_bce,ensemble,Pneumonia,T3_2017,random_baseline,youden_validation,0.0261630689962991
0.5,940,939,0.35353535353535354,0.5078651685393258,64.0,0.06808510638297872,1.0,69.0,0.984375,0.9212328767123288,0.4772727272727273,0.9987623762376238,0.06170323059284069,0.11842261264099666,0.11842261264099666,0.11842261264099666,0.9601883561643836,0.5391644301598159,densenet121,weighted_bce,ensemble,Pleural Effusion,T1_2015,raw,youden_validation,0.3235194799785614
0.6,1128,751,0.26262626262626265,0.40730337078651685,73.0,0.06471631205673758,1.0,94.0,0.9863013698630136,0.9109004739336493,0.43373493975903615,0.998960498960499,0.06568594594504985,0.13124388966496722,0.13124388966496725,0.13124388966496722,0.9598519768876193,0.5299434998967059,densenet121,weighted_bce,ensemble,Pleural Effusion,T1_2015,raw,youden_validation,0.3235194799785614
0.7,1316,563,0.2222222222222222,0.3039325842696629,77.0,0.05851063829787234,1.0,130.0,0.987012987012987,0.8950766747376917,0.36893203883495146,0.9990990990990991,0.07097113307645296,0.14860759995939854,0.14860759995939857,0.14860759995939854,0.9610075154869344,0.522779831390848,densenet121,weighted_bce,ensemble,Pleural Effusion,T1_2015,raw,youden_validation,0.3235194799785614
0.8,1504,375,0.16161616161616163,0.20168539325842696,83.0,0.05518617021276596,3.0,206.0,0.963855421686747,0.8550316678395496,0.27972027972027974,0.9975369458128078,0.08122130214680683,0.1701031056056136,0.17010310560561362,0.1701031056056136,0.9570385694784768,0.5062085679848712,densenet121,weighted_bce,ensemble,Pleural Effusion,T1_2015,raw,youden_validation,0.3235194799785614
0.9,1692,187,0.10101010101010101,0.09943820224719101,89.0,0.05260047281323877,5.0,292.0,0.9438202247191011,0.817841547099189,0.22340425531914893,0.9962006079027356,0.08757967698668219,0.18653488488652697,0.186534884886527,0.18653488488652697,0.9489861004997652,0.48613725060593294,densenet121,weighted_bce,ensemble,Pleural Effusion,T1_2015,raw,youden_validation,0.3235194799785614
1.0,1879,0,0.0,0.0,99.0,0.05268759978712081,6.0,399.0,0.9393939393939394,0.7758426966292135,0.18902439024390244,0.9956741167988464,0.0920439636249583,0.1963764200609343,0.1963764200609343,0.1963764200609343,0.9327942344796278,0.4553783696655403,densenet121,weighted_bce,ensemble,Pleural Effusion,T1_2015,raw,youden_validation,0.3235194799785614
0.5,940,939,0.6767676767676768,0.4898876404494382,32.0,0.03404255319148936,1.0,29.0,0.96875,0.9680616740088106,0.5166666666666667,0.9988636363636364,0.03379409964502066,0.1007439104067726,0.10074391040677261,0.1007439104067726,0.9780079845814977,0.5911424308935063,densenet121,weighted_bce,ensemble,Pleural Effusion,T1_2015,raw,fixed_0.5,0.5
0.6,1128,751,0.5555555555555556,0.39101123595505616,44.0,0.03900709219858156,1.0,49.0,0.9772727272727273,0.9547970479704797,0.4673913043478261,0.999034749034749,0.04448056486861589,0.11908076051109838,0.11908076051109837,0.11908076051109838,0.9725343844347534,0.5597077724143836,densenet121,weighted_bce,ensemble,Pleural Effusion,T1_2015,raw,fixed_0.5,0.5
0.7,1316,563,0.37373737373737376,0.2955056179775281,62.0,0.04711246200607903,3.0,61.0,0.9516129032258065,0.9513556618819776,0.49166666666666664,0.9974916387959866,0.050265489924283,0.1300799835546218,0.13007998355462178,0.1300799835546218,0.9678834182229769,0.5373490607349691,densenet121,weighted_bce,ensemble,Pleural Effusion,T1_2015,raw,fixed_0.5,0.5
0.8,1504,375,0.2222222222222222,0.19831460674157303,77.0,0.0511968085106383,6.0,82.0,0.922077922077922,0.9425367904695164,0.46405228758169936,0.9955588452997779,0.06026434407748335,0.14718604552889475,0.14718604552889475,0.14718604552889475,0.9605020067528827,0.5145535866367434,densenet121,weighted_bce,ensemble,Pleural Effusion,T1_2015,raw,fixed_0.5,0.5
0.9,1692,187,0.09090909090909091,0.1,90.0,0.05319148936170213,15.0,119.0,0.8333333333333334,0.9257178526841449,0.3865979381443299,0.9899866488651535,0.07523444028297607,0.16908397898356614,0.16908397898356617,0.16908397898356614,0.9485573588569844,0.48463742142005384,densenet121,weighted_bce,ensemble,Pleural Effusion,T1_2015,raw,fixed_0.5,0.5
1.0,1879,0,0.0,0.0,99.0,0.05268759978712081,20.0,202.0,0.797979797979798,0.8865168539325843,0.28113879003558717,0.9874843554443054,0.09204396362495829,0.1963764200609343,0.1963764200609343,0.1963764200609343,0.9327942344796278,0.4553783696655403,densenet121,weighted_bce,ensemble,Pleural Effusion,T1_2015,raw,fixed_0.5,0.5
0.5,940,939,0.6464646464646465,0.49157303370786515,35.0,0.03723404255319149,1.0,35.0,0.9714285714285714,0.9613259668508287,0.4927536231884058,0.9988518943742825,0.03824397023317286,0.10254538590297996,0.10254538590297994,0.10254538590297996,0.9764483030781373,0.5696002049410495,densenet121,weighted_bce,ensemble,Pleural Effusion,T1_2015,temperature,youden_validation,0.46977957089742023
0.6,1128,751,0.48484848484848486,0.3949438202247191,51.0,0.04521276595744681,1.0,52.0,0.9803921568627451,0.9517177344475395,0.49019607843137253,0.9990253411306043,0.045920531008444,0.11627646478262434,0.11627646478262435,0.11627646478262434,0.9699965408633278,0.5420534289887317,densenet121,weighted_bce,ensemble,Pleural Effusion,T1_2015,temperature,youden_validation,0.46977957089742023
0.7,1316,563,0.3333333333333333,0.29775280898876405,66.0,0.05015197568389058,3.0,68.0,0.9545454545454546,0.9456,0.48091603053435117,0.9974683544303797,0.05266305234123768,0.1288260650815236,0.1288260650815236,0.1288260650815236,0.9664848484848485,0.5285409231111985,densenet121,weighted_bce,ensemble,Pleural Effusion,T1_2015,temperature,youden_validation,0.46977957089742023
0.8,1504,375,0.21212121212121213,0.19887640449438201,78.0,0.05186170212765957,6.0,92.0,0.9230769230769231,0.9354838709677419,0.43902439024390244,0.9955223880597015,0.06216337560892655,0.14640586000274866,0.1464058600027487,0.14640586000274866,0.9602977667493797,0.5096449375029966,densenet121,weighted_bce,ensemble,Pleural Effusion,T1_2015,temperature,youden_validation,0.46977957089742023
0.9,1692,187,0.09090909090909091,0.1,90.0,0.05319148936170213,14.0,138.0,0.8444444444444444,0.9138576779026217,0.35514018691588783,0.9905277401894452,0.07651852243289138,0.16832836690549335,0.16832836690549333,0.16832836690549335,0.9488347898460258,0.4814065938866965,densenet121,weighted_bce,ensemble,Pleural Effusion,T1_2015,temperature,youden_validation,0.46977957089742023
1.0,1879,0,0.0,0.0,99.0,0.05268759978712081,16.0,218.0,0.8383838383838383,0.8775280898876404,0.2757475083056478,0.9898605830164765,0.09107673122932744,0.19326301424589526,0.1932630142458953,0.19326301424589526,0.9331120190670752,0.45220225957498567,densenet121,weighted_bce,ensemble,Pleural Effusion,T1_2015,temperature,youden_validation,0.46977957089742023
0.5,940,939,0.6868686868686869,0.4893258426966292,31.0,0.03297872340425532,1.0,29.0,0.967741935483871,0.9680968096809681,0.5084745762711864,0.9988649262202043,0.03361718750004076,0.09908501772842238,0.09908501772842238,0.09908501772842238,0.9781042620391072,0.578743921801908,densenet121,weighted_bce,ensemble,Pleural Effusion,T1_2015,temperature,fixed_0.5,0.5
0.6,1128,751,0.5555555555555556,0.39101123595505616,44.0,0.03900709219858156,1.0,48.0,0.9772727272727273,0.955719557195572,0.4725274725274725,0.9990356798457087,0.0436201538631963,0.11617297189755593,0.1161729718975559,0.11617297189755593,0.9726811472660182,0.5510935896746713,densenet121,weighted_bce,ensemble,Pleural Effusion,T1_2015,temperature,fixed_0.5,0.5
0.7,1316,563,0.3838383838383838,0.2949438202247191,61.0,0.04635258358662614,3.0,62.0,0.9508196721311475,0.950597609561753,0.48333333333333334,0.9974916387959866,0.05018211651078799,0.12807893681205548,0.12807893681205548,0.12807893681205548,0.9679446149826921,0.5310113533831377,densenet121,weighted_bce,ensemble,Pleural Effusion,T1_2015,temperature,fixed_0.5,0.5
0.8,1504,375,0.23232323232323232,0.19775280898876405,76.0,0.05053191489361702,6.0,81.0,0.9210526315789473,0.9432773109243697,0.46357615894039733,0.9955654101995566,0.059256482061874755,0.14422938696748294,0.14422938696748294,0.14422938696748294,0.9607198142414861,0.5102868126421998,densenet121,weighted_bce,ensemble,Pleural Effusion,T1_2015,temperature,fixed_0.5,0.5
0.9,1692,187,0.09090909090909091,0.1,90.0,0.05319148936170213,15.0,119.0,0.8333333333333334,0.9257178526841449,0.3865979381443299,0.9899866488651535,0.07437969194771842,0.1658911327567873,0.1658911327567873,0.1658911327567873,0.9488417256207518,0.4814282429777195,densenet121,weighted_bce,ensemble,Pleural Effusion,T1_2015,temperature,fixed_0.5,0.5
1.0,1879,0,0.0,0.0,99.0,0.05268759978712081,20.0,198.0,0.797979797979798,0.8887640449438202,0.2851985559566787,0.9875156054931336,0.09107673122932744,0.19326301424589526,0.1932630142458953,0.19326301424589526,0.9331120190670752,0.45220225957498567,densenet121,weighted_bce,ensemble,Pleural Effusion,T1_2015,temperature,fixed_0.5,0.5
0.5,940,939,0.9595959595959596,0.47415730337078654,4.0,0.00425531914893617,1.0,2.0,0.75,0.9978632478632479,0.6,0.9989304812834224,0.0023310969884520693,0.005891738317536404,0.005210768259522855,0.005891738317536404,0.9358974358974359,0.7540983606557377,densenet121,weighted_bce,ensemble,Pleural Effusion,T1_2015,offset,youden_validation,0.03302099059025446
0.6,1128,751,0.8080808080808081,0.37696629213483146,19.0,0.016843971631205674,1.0,12.0,0.9473684210526315,0.9891794409377818,0.6,0.9990892531876139,0.007114736664947191,0.0068982665539993535,0.006626729194793255,0.0068982665539993535,0.9767452897347065,0.7097392589055239,densenet121,weighted_bce,ensemble,Pleural Effusion,T1_2015,offset,youden_validation,0.03302099059025446
0.7,1316,563,0.5858585858585859,0.28370786516853935,41.0,0.03115501519756839,5.0,27.0,0.8780487804878049,0.9788235294117648,0.5714285714285714,0.9960095770151636,0.015473070063166264,0.0061364110741358065,0.008382345346961518,0.0061364110741358065,0.974595887135342,0.6242860124727944,densenet121,weighted_bce,ensemble,Pleural Effusion,T1_2015,offset,youden_validation,0.03302099059025446
0.8,1504,375,0.24242424242424243,0.19719101123595506,75.0,0.049867021276595744,7.0,89.0,0.9066666666666666,0.9377186843946816,0.43312101910828027,0.9948032665181886,0.029027375148273585,0.011028599751087938,0.014739875564880664,0.011028599751087938,0.9633589923023094,0.5642091839885752,densenet121,weighted_bce,ensemble,Pleural Effusion,T1_2015,offset,youden_validation,0.03302099059025446
0.9,1692,187,0.1414141414141414,0.09719101123595505,85.0,0.050236406619385346,7.0,228.0,0.9176470588235294,0.8581207218419415,0.2549019607843137,0.9949494949494949,0.03154814828247773,0.013046385693387657,0.018442419199657518,0.013046385693387657,0.9516819795746551,0.5304814978742243,densenet121,weighted_bce,ensemble,Pleural Effusion,T1_2015,offset,youden_validation,0.03302099059025446
1.0,1879,0,0.0,0.0,99.0,0.05268759978712081,7.0,388.0,0.9292929292929293,0.7820224719101123,0.19166666666666668,0.9949964260185847,0.03542302794258692,0.011705430076863792,0.014029722450303168,0.011705430076863792,0.9295936897060493,0.4829839909405707,densenet121,weighted_bce,ensemble,Pleural Effusion,T1_2015,offset,youden_validation,0.03302099059025446
0.5,940,939,0.98989898989899,0.47247191011235956,1.0,0.0010638297872340426,1.0,0.0,0.0,1.0,,0.9989361702127659,0.0010847285580461677,0.005131157385742927,0.00445018732772938,0.005131157385742927,0.7412140575079873,0.004098360655737705,densenet121,weighted_bce,ensemble,Pleural Effusion,T1_2015,offset,fixed_0.5,0.5
0.6,1128,751,0.98989898989899,0.3668539325842697,1.0,0.0008865248226950354,1.0,0.0,0.0,1.0,,0.999113475177305,0.0009340001284837288,0.0062060802406084,0.005934542881402299,0.0062060802406084,0.6175687666370896,0.0023148148148148147,densenet121,weighted_bce,ensemble,Pleural Effusion,T1_2015,offset,fixed_0.5,0.5
0.7,1316,563,0.9494949494949495,0.26348314606741574,5.0,0.003799392097264438,5.0,0.0,0.0,1.0,,0.9962006079027356,0.0037846953642977806,0.00494663676034542,0.004924214927623941,0.00494663676034542,0.8337147215865752,0.01760855030432646,densenet121,weighted_bce,ensemble,Pleural Effusion,T1_2015,offset,fixed_0.5,0.5
0.8,1504,375,0.8383838383838383,0.16404494382022472,16.0,0.010638297872340425,16.0,0.0,0.0,1.0,,0.9893617021276596,0.01027223682625167,0.00645030381566496,0.0015324847249056552,0.00645030381566496,0.8765540994623656,0.05412532289397432,densenet121,weighted_bce,ensemble,Pleural Effusion,T1_2015,offset,fixed_0.5,0.5
0.9,1692,187,0.696969696969697,0.06629213483146068,30.0,0.01773049645390071,30.0,0.0,0.0,1.0,,0.9822695035460993,0.01673426694320691,0.007243564965211253,0.0032689377816154676,0.007243564965211253,0.8652827918170878,0.13548657617077214,densenet121,weighted_bce,ensemble,Pleural Effusion,T1_2015,offset,fixed_0.5,0.5
1.0,1879,0,0.0,0.0,99.0,0.05268759978712081,76.0,17.0,0.23232323232323232,0.9904494382022472,0.575,0.958673191952148,0.035423027942586914,0.011705430076863787,0.01402972245030316,0.011705430076863787,0.9295936897060493,0.4829839909405707,densenet121,weighted_bce,ensemble,Pleural Effusion,T1_2015,offset,fixed_0.5,0.5
0.5,940,939,0.9090909090909091,0.47696629213483144,9.0,0.009574468085106383,1.0,3.0,0.8888888888888888,0.9967776584317938,0.7272727272727273,0.9989235737351991,0.0035262215661668946,0.007771461693095686,0.010861338726160238,0.007771461693095686,0.9709989258861439,0.721786061896712,densenet121,weighted_bce,ensemble,Pleural Effusion,T1_2015,platt,youden_validation,0.03945168945938349
0.6,1128,751,0.7878787878787878,0.37808988764044943,21.0,0.018617021276595744,1.0,14.0,0.9523809523809523,0.987353206865402,0.5882352941176471,0.9990859232175503,0.0081845271502881,0.009612795330120525,0.012302900284945888,0.009612795330120525,0.9772443756183593,0.6660459175357072,densenet121,weighted_bce,ensemble,Pleural Effusion,T1_2015,platt,youden_validation,0.03945168945938349
0.7,1316,563,0.5757575757575758,0.2842696629213483,42.0,0.031914893617021274,4.0,27.0,0.9047619047619048,0.978806907378336,0.5846153846153846,0.996802557953637,0.015938848684143525,0.014672641949463636,0.015941705472093337,0.014672641949463636,0.9758540778948942,0.6153951430584182,densenet121,weighted_bce,ensemble,Pleural Effusion,T1_2015,platt,youden_validation,0.03945168945938349
0.8,1504,375,0.24242424242424243,0.19719101123595506,75.0,0.049867021276595744,6.0,87.0,0.92,0.9391182645206438,0.4423076923076923,0.9955489614243324,0.029402380225806206,0.020307070519814112,0.021958507185754955,0.020307070519814112,0.9654303708887335,0.566486104559387,densenet121,weighted_bce,ensemble,Pleural Effusion,T1_2015,platt,youden_validation,0.03945168945938349
0.9,1692,187,0.1414141414141414,0.09719101123595505,85.0,0.050236406619385346,7.0,239.0,0.9176470588235294,0.8512756689483509,0.24605678233438485,0.9949090909090909,0.03189922304534632,0.02064612369529346,0.02274010956580922,0.02064612369529346,0.9541198433324792,0.5336964365600712,densenet121,weighted_bce,ensemble,Pleural Effusion,T1_2015,platt,youden_validation,0.03945168945938349
1.0,1879,0,0.0,0.0,99.0,0.05268759978712081,7.0,396.0,0.9292929292929293,0.7775280898876404,0.1885245901639344,0.9949676491732566,0.035668882020943406,0.018970016798287487,0.01825184705499813,0.018970016798287487,0.9317954829190784,0.4858346786366614,densenet121,weighted_bce,ensemble,Pleural Effusion,T1_2015,platt,youden_validation,0.03945168945938349
0.5,940,939,0.98989898989899,0.47247191011235956,1.0,0.0010638297872340426,1.0,0.0,0.0,1.0,,0.9989361702127659,0.0011476197469752793,0.008881976239245751,0.008881976239245751,0.008881976239245751,0.744408945686901,0.004149377593360996,densenet121,weighted_bce,ensemble,Pleural Effusion,T1_2015,platt,fixed_0.5,0.5
0.6,1128,751,0.98989898989899,0.3668539325842697,1.0,0.0008865248226950354,1.0,0.0,0.0,1.0,,0.999113475177305,0.001022770844594544,0.010717362151131346,0.010717362151131346,0.010717362151131346,0.6202307009760426,0.002331002331002331,densenet121,weighted_bce,ensemble,Pleural Effusion,T1_2015,platt,fixed_0.5,0.5
0.7,1316,563,0.9494949494949495,0.26348314606741574,5.0,0.003799392097264438,5.0,0.0,0.0,1.0,,0.9962006079027356,0.0038580402054759124,0.010043286648064392,0.01004328664806439,0.010043286648064392,0.849580472921434,0.02463910082722142,densenet121,weighted_bce,ensemble,Pleural Effusion,T1_2015,platt,fixed_0.5,0.5
0.8,1504,375,0.8383838383838383,0.16404494382022472,16.0,0.010638297872340425,16.0,0.0,0.0,1.0,,0.9893617021276596,0.010291770676181842,0.010330439987028645,0.006860152577375491,0.010330439987028645,0.8831485215053763,0.05827596811995639,densenet121,weighted_bce,ensemble,Pleural Effusion,T1_2015,platt,fixed_0.5,0.5
0.9,1692,187,0.7070707070707071,0.06573033707865168,29.0,0.017139479905437353,29.0,0.0,0.0,1.0,,0.9828605200945626,0.01624831421116326,0.00943485074302627,0.008157942993268934,0.00943485074302627,0.8654695502519336,0.14189389108590092,densenet121,weighted_bce,ensemble,Pleural Effusion,T1_2015,platt,fixed_0.5,0.5
1.0,1879,0,0.0,0.0,99.0,0.05268759978712081,81.0,12.0,0.18181818181818182,0.9932584269662922,0.6,0.9561925365062196,0.03566888202094341,0.018970016798287484,0.01825184705499813,0.018970016798287484,0.9317954829190784,0.4858346786366614,densenet121,weighted_bce,ensemble,Pleural Effusion,T1_2015,platt,fixed_0.5,0.5
0.5,940,939,0.9595959595959596,0.47415730337078654,4.0,0.00425531914893617,1.0,1.0,0.75,0.9989316239316239,0.75,0.9989316239316239,0.0017941837260518501,0.004394814991540812,0.005086223761293482,0.004394814991540812,0.9284188034188033,0.7536764705882353,densenet121,weighted_bce,ensemble,Pleural Effusion,T1_2015,analytic_weight,youden_validation,0.028664207085967064
0.6,1128,751,0.8585858585858586,0.3741573033707865,14.0,0.012411347517730497,1.0,7.0,0.9285714285714286,0.9937163375224417,0.65,0.9990974729241877,0.004773800031775577,0.005166204646229745,0.005797427093134598,0.005166204646229745,0.9694152346755578,0.7424990849475975,densenet121,weighted_bce,ensemble,Pleural Effusion,T1_2015,analytic_weight,youden_validation,0.028664207085967064
0.7,1316,563,0.6262626262626263,0.28146067415730336,37.0,0.02811550151975684,5.0,22.0,0.8648648648648649,0.9827990617670055,0.5925925925925926,0.9960380348652932,0.013867939347993947,0.007032724306317142,0.005946771146186081,0.007032724306317142,0.9717684846691884,0.6240249112951913,densenet121,weighted_bce,ensemble,Pleural Effusion,T1_2015,analytic_weight,youden_validation,0.028664207085967064
0.8,1504,375,0.2828282828282828,0.1949438202247191,71.0,0.04720744680851064,7.0,75.0,0.9014084507042254,0.947662247034194,0.460431654676259,0.9948717948717949,0.027643491453909378,0.013596736170392375,0.01295595054955598,0.013596736170392375,0.9622185310045901,0.5670518345701245,densenet121,weighted_bce,ensemble,Pleural Effusion,T1_2015,analytic_weight,youden_validation,0.028664207085967064
0.9,1692,187,0.13131313131313133,0.09775280898876404,86.0,0.0508274231678487,8.0,219.0,0.9069767441860465,0.8636363636363636,0.26262626262626265,0.9942652329749104,0.03262138410179114,0.013018075644531803,0.012077228067086098,0.013018075644531803,0.9485577340786006,0.5256778093965633,densenet121,weighted_bce,ensemble,Pleural Effusion,T1_2015,analytic_weight,youden_validation,0.028664207085967064
1.0,1879,0,0.0,0.0,99.0,0.05268759978712081,8.0,383.0,0.9191919191919192,0.7848314606741573,0.19198312236286919,0.994306049822064,0.035931253886652297,0.015097480287607868,0.00814474727403315,0.015097480287607868,0.9280615140165702,0.48186468223811285,densenet121,weighted_bce,ensemble,Pleural Effusion,T1_2015,analytic_weight,youden_validation,0.028664207085967064
0.5,940,939,0.98989898989899,0.47247191011235956,1.0,0.0010638297872340426,1.0,0.0,0.0,1.0,,0.9989361702127659,0.0010770618266969225,0.004493757499074762,0.003583778127869393,0.004493757499074762,0.711395101171459,0.003676470588235294,densenet121,weighted_bce,ensemble,Pleural Effusion,T1_2015,analytic_weight,fixed_0.5,0.5
0.6,1128,751,0.98989898989899,0.3668539325842697,1.0,0.0008865248226950354,1.0,0.0,0.0,1.0,,0.999113475177305,0.0009180199957228633,0.005524907573225333,0.004821639712767821,0.005524907573225333,0.5927240461401952,0.002173913043478261,densenet121,weighted_bce,ensemble,Pleural Effusion,T1_2015,analytic_weight,fixed_0.5,0.5
0.7,1316,563,0.9393939393939394,0.2640449438202247,6.0,0.004559270516717325,6.0,0.0,0.0,1.0,,0.9954407294832827,0.004507728179314196,0.004389382683138412,0.0027306108356178896,0.004389382683138412,0.8444020356234097,0.02198996921840491,densenet121,weighted_bce,ensemble,Pleural Effusion,T1_2015,analytic_weight,fixed_0.5,0.5
0.8,1504,375,0.8282828282828283,0.1646067415730337,17.0,0.011303191489361703,17.0,0.0,0.0,1.0,,0.9886968085106383,0.010907174216786598,0.007316428215145085,0.0011467639792789811,0.007316428215145085,0.8781597373313818,0.08632247952541247,densenet121,weighted_bce,ensemble,Pleural Effusion,T1_2015,analytic_weight,fixed_0.5,0.5
0.9,1692,187,0.7070707070707071,0.06573033707865168,29.0,0.017139479905437353,29.0,0.0,0.0,1.0,,0.9828605200945626,0.016304318813782852,0.007828215411511947,0.0005226693876818629,0.007828215411511947,0.8561801480498475,0.08260491645273506,densenet121,weighted_bce,ensemble,Pleural Effusion,T1_2015,analytic_weight,fixed_0.5,0.5
1.0,1879,0,0.0,0.0,99.0,0.05268759978712081,81.0,11.0,0.18181818181818182,0.9938202247191011,0.6206896551724138,0.9562162162162162,0.035931253886652297,0.015097480660335155,0.008144749669004242,0.015097480660335155,0.9280615140165702,0.48186468223811285,densenet121,weighted_bce,ensemble,Pleural Effusion,T1_2015,analytic_weight,fixed_0.5,0.5
0.5,940,939,,,,,2.95,,,,,,0.09200100376339354,,,,,,densenet121,weighted_bce,ensemble,Pleural Effusion,T1_2015,random_baseline,youden_validation,0.3235194799785614
0.6,1128,751,,,,,3.8,,,,,,0.09251121432073343,,,,,,densenet121,weighted_bce,ensemble,Pleural Effusion,T1_2015,random_baseline,youden_validation,0.3235194799785614
0.7,1316,563,,,,,4.06,,,,,,0.09171280236496453,,,,,,densenet121,weighted_bce,ensemble,Pleural Effusion,T1_2015,random_baseline,youden_validation,0.3235194799785614
0.8,1504,375,,,,,4.63,,,,,,0.09179009742618355,,,,,,densenet121,weighted_bce,ensemble,Pleural Effusion,T1_2015,random_baseline,youden_validation,0.3235194799785614
0.9,1692,187,,,,,5.44,,,,,,0.09211024530054203,,,,,,densenet121,weighted_bce,ensemble,Pleural Effusion,T1_2015,random_baseline,youden_validation,0.3235194799785614
1.0,1879,0,,,,,6.0,,,,,,0.09204396362495829,,,,,,densenet121,weighted_bce,ensemble,Pleural Effusion,T1_2015,random_baseline,youden_validation,0.3235194799785614
0.5,1994,1993,0.4406779661016949,0.5026246719160105,99.0,0.04964894684052156,3.0,221.0,0.9696969696969697,0.883377308707124,0.3028391167192429,0.998211091234347,0.08607535611243378,0.15246087755811719,0.1524608775581172,0.15246087755811719,0.9529969883531889,0.4570273618714323,densenet121,weighted_bce,ensemble,Pleural Effusion,T2_2016,raw,youden_validation,0.3235194799785614
0.6,2393,1594,0.3333333333333333,0.40288713910761154,118.0,0.04931048892603427,5.0,299.0,0.9576271186440678,0.8685714285714285,0.27427184466019416,0.9974760222110045,0.09097541184631215,0.16536530075846545,0.16536530075846548,0.16536530075846545,0.9446079344384429,0.4294523118381085,densenet121,weighted_bce,ensemble,Pleural Effusion,T2_2016,raw,youden_validation,0.3235194799785614
0.7,2791,1196,0.22598870056497175,0.30341207349081367,137.0,0.049086348978860626,7.0,418.0,0.948905109489051,0.8425018839487566,0.23722627737226276,0.9968791796700847,0.09839002149849783,0.18212620173739072,0.18212620173739072,0.18212620173739072,0.9347493660581191,0.40306108397216034,densenet121,weighted_bce,ensemble,Pleural Effusion,T2_2016,raw,youden_validation,0.3235194799785614
0.8,3190,797,0.1694915254237288,0.20131233595800524,147.0,0.04608150470219436,10.0,588.0,0.9319727891156463,0.8067696352283931,0.1889655172413793,0.9959432048681541,0.10507073476922711,0.20087540255596803,0.200875402555968,0.20087540255596803,0.9292052016337262,0.3878330634420811,densenet121,weighted_bce,ensemble,Pleural Effusion,T2_2016,raw,youden_validation,0.3235194799785614
0.9,3589,398,0.0903954802259887,0.10026246719160105,161.0,0.0448592922819727,16.0,780.0,0.9006211180124224,0.7724620770128354,0.15675675675675677,0.993993993993994,0.10899981636063662,0.21374326354631468,0.21374326354631473,0.21374326354631468,0.9166727063206186,0.36661557632929764,densenet121,weighted_bce,ensemble,Pleural Effusion,T2_2016,raw,youden_validation,0.3235194799785614
1.0,3987,0,0.0,0.0,177.0,0.04439428141459744,21.0,1031.0,0.8813559322033898,0.7293963254593175,0.13142375737152484,0.9925,0.1110711685383671,0.2223703630526656,0.22237036305266558,0.2223703630526656,0.8996737695923603,0.34401329907591705,densenet121,weighted_bce,ensemble,Pleural Effusion,T2_2016,raw,youden_validation,0.3235194799785614
0.5,1994,1993,0.6045197740112994,0.49501312335958003,70.0,0.03510531594784353,3.0,98.0,0.9571428571428572,0.9490644490644491,0.40606060606060607,0.9983597594313832,0.04933455191271769,0.11831022489240842,0.11831022489240843,0.11831022489240842,0.9661716661716662,0.4965556265695193,densenet121,weighted_bce,ensemble,Pleural Effusion,T2_2016,raw,fixed_0.5,0.5
0.6,2393,1594,0.5310734463276836,0.3937007874015748,83.0,0.03468449644797326,5.0,140.0,0.9397590361445783,0.9393939393939394,0.3577981651376147,0.9977011494252873,0.05820820073541945,0.13646698542612637,0.13646698542612637,0.13646698542612637,0.9597663380795911,0.47291268285092103,densenet121,weighted_bce,ensemble,Pleural Effusion,T2_2016,raw,fixed_0.5,0.5
0.7,2791,1196,0.4124293785310734,0.294750656167979,104.0,0.03726262988176281,11.0,188.0,0.8942307692307693,0.9300334946036471,0.3309608540925267,0.9956175298804781,0.06769456059560518,0.15389890097106898,0.15389890097106898,0.15389890097106898,0.9497223096962583,0.4395547763955721,densenet121,weighted_bce,ensemble,Pleural Effusion,T2_2016,raw,fixed_0.5,0.5
0.8,3190,797,0.2598870056497175,0.19711286089238844,131.0,0.04106583072100314,24.0,269.0,0.816793893129771,0.9120627656096764,0.2845744680851064,0.9914712153518124,0.08195155735550516,0.17476905227026143,0.17476905227026143,0.17476905227026143,0.9350608515979626,0.40184593340159536,densenet121,weighted_bce,ensemble,Pleural Effusion,T2_2016,raw,fixed_0.5,0.5
0.9,3589,398,0.12429378531073447,0.09868766404199475,155.0,0.04318751741432154,32.0,378.0,0.7935483870967742,0.8899242865463017,0.24550898203592814,0.9896373056994818,0.09636529257040885,0.1985657275717971,0.19856572757179713,0.1985657275717971,0.9171811298776936,0.369432367918872,densenet121,weighted_bce,ensemble,Pleural Effusion,T2_2016,raw,fixed_0.5,0.5
1.0,3987,0,0.0,0.0,177.0,0.04439428141459744,41.0,540.0,0.768361581920904,0.8582677165354331,0.20118343195266272,0.9876170341286621,0.11107116853836711,0.2223703630526656,0.22237036305266558,0.2223703630526656,0.8996737695923603,0.34401329907591705,densenet121,weighted_bce,ensemble,Pleural Effusion,T2_2016,raw,fixed_0.5,0.5
0.5,1994,1993,0.5875706214689266,0.4958005249343832,73.0,0.0366098294884654,3.0,118.0,0.958904109589041,0.9385736595523165,0.3723404255319149,0.9983388704318937,0.05613882049373044,0.12243162184475417,0.1224316323443186,0.12243162184475417,0.9645518529875279,0.4765998520797109,densenet121,weighted_bce,ensemble,Pleural Effusion,T2_2016,temperature,youden_validation,0.46977957089742023
0.6,2393,1594,0.5141242937853108,0.39448818897637794,86.0,0.03593815294609277,5.0,154.0,0.9418604651162791,0.9332466406588643,0.3446808510638298,0.9976830398517146,0.06146548866587955,0.13659420288940427,0.13659421296932683,0.13659420288940427,0.9582111067428756,0.45447900780890615,densenet121,weighted_bce,ensemble,Pleural Effusion,T2_2016,temperature,youden_validation,0.46977957089742023
0.7,2791,1196,0.3954802259887006,0.29553805774278213,107.0,0.038337513436044426,11.0,218.0,0.897196261682243,0.9187779433681073,0.3057324840764331,0.9955591441259588,0.07246365123317754,0.15531607598215824,0.15531608460198076,0.15531607598215824,0.9485493822861679,0.4252525515726805,densenet121,weighted_bce,ensemble,Pleural Effusion,T2_2016,temperature,youden_validation,0.46977957089742023
0.8,3190,797,0.24858757062146894,0.19763779527559056,133.0,0.041692789968652035,20.0,293.0,0.849624060150376,0.9041543997383056,0.27832512315270935,0.992816091954023,0.08348113161756825,0.1738970060380275,0.1738970023244152,0.1738970060380275,0.9344829197626058,0.39169445214225634,densenet121,weighted_bce,ensemble,Pleural Effusion,T2_2016,temperature,youden_validation,0.46977957089742023
0.9,3589,398,0.0903954802259887,0.10026246719160105,161.0,0.0448592922819727,31.0,418.0,0.8074534161490683,0.8780630105017503,0.23722627737226276,0.9898059848733969,0.09753055493052333,0.19571695712701992,0.19571695860198163,0.19571695712701992,0.916178058661951,0.35889134250708793,densenet121,weighted_bce,ensemble,Pleural Effusion,T2_2016,temperature,youden_validation,0.46977957089742023
1.0,3987,0,0.0,0.0,177.0,0.04439428141459744,38.0,596.0,0.7853107344632768,0.8435695538057743,0.1891156462585034,0.9883148831488315,0.11003450665761037,0.21881492511989004,0.21881492418366205,0.21881492511989004,0.8999332710529828,0.3377627669319806,densenet121,weighted_bce,ensemble,Pleural Effusion,T2_2016,temperature,youden_validation,0.46977957089742023
0.5,1994,1993,0.6101694915254238,0.494750656167979,69.0,0.03460381143430291,3.0,99.0,0.9565217391304348,0.9485714285714286,0.4,0.9983597594313832,0.04949144815118361,0.11630600598923779,0.11630601433657833,0.11630600598923779,0.9656013551665725,0.4808669116729753,densenet121,weighted_bce,ensemble,Pleural Effusion,T2_2016,temperature,fixed_0.5,0.5
0.6,2393,1594,0.5310734463276836,0.3937007874015748,83.0,0.03468449644797326,5.0,140.0,0.9397590361445783,0.9393939393939394,0.3577981651376147,0.9977011494252873,0.0579009121353012,0.13347512714773405,0.13347513378413708,0.13347512714773405,0.9589996349032494,0.45796753725776124,densenet121,weighted_bce,ensemble,Pleural Effusion,T2_2016,temperature,fixed_0.5,0.5
0.7,2791,1196,0.4067796610169492,0.2950131233595801,105.0,0.03762092439985668,11.0,188.0,0.8952380952380953,0.9300074460163812,0.3333333333333333,0.99561578318055,0.06721770770453432,0.15035237709079668,0.1503523849684976,0.15035237709079668,0.9489593305676701,0.42686228247814484,densenet121,weighted_bce,ensemble,Pleural Effusion,T2_2016,temperature,fixed_0.5,0.5
0.8,3190,797,0.2711864406779661,0.19658792650918636,129.0,0.04043887147335423,22.0,264.0,0.8294573643410853,0.9137536752695198,0.2884097035040431,0.9921958141184817,0.08054178631104245,0.17128591200681317,0.1712859033604027,0.17128591200681317,0.9351405149555928,0.3940479105784322,densenet121,weighted_bce,ensemble,Pleural Effusion,T2_2016,temperature,fixed_0.5,0.5
0.9,3589,398,0.11299435028248588,0.09921259842519685,157.0,0.04374477570353859,32.0,374.0,0.7961783439490446,0.8910256410256411,0.250501002004008,0.9896440129449838,0.09532671698406348,0.19429532275866018,0.19429532226562235,0.19429532275866018,0.9169246358736804,0.3610568184049473,densenet121,weighted_bce,ensemble,Pleural Effusion,T2_2016,temperature,fixed_0.5,0.5
1.0,3987,0,0.0,0.0,177.0,0.04439428141459744,41.0,535.0,0.768361581920904,0.8595800524934383,0.20268256333830104,0.9876357056694813,0.11003450665761037,0.21881492511989004,0.21881492418366205,0.21881492511989004,0.8999332710529828,0.3377627669319806,densenet121,weighted_bce,ensemble,Pleural Effusion,T2_2016,temperature,fixed_0.5,0.5
0.5,1994,1993,0.8983050847457628,0.48136482939632547,18.0,0.009027081243731194,4.0,8.0,0.7777777777777778,0.9959514170040485,0.6363636363636364,0.9979716024340771,0.0047262546134436145,0.0043860343231192775,0.005356442975394107,0.0043860343231192775,0.9396648672964463,0.4693700201986782,densenet121,weighted_bce,ensemble,Pleural Effusion,T2_2016,offset,youden_validation,0.03302099059025446
0.6,2393,1594,0.7457627118644068,0.3837270341207349,45.0,0.01880484747179273,7.0,48.0,0.8444444444444444,0.979557069846678,0.4418604651162791,0.9969657563935848,0.012277547660006969,0.009951072539534844,0.00965852803553385,0.009951072539534844,0.9535112625402233,0.49099830765388036,densenet121,weighted_bce,ensemble,Pleural Effusion,T2_2016,offset,youden_validation,0.03302099059025446
0.7,2791,1196,0.4858757062146893,0.29133858267716534,91.0,0.032604801146542454,14.0,124.0,0.8461538461538461,0.9540740740740741,0.38308457711442784,0.9945945945945946,0.021784157079973544,0.009780809014804716,0.010673118018438763,0.009780809014804716,0.9516931216931216,0.45540790747180543,densenet121,weighted_bce,ensemble,Pleural Effusion,T2_2016,offset,youden_validation,0.03302099059025446
0.8,3190,797,0.2824858757062147,0.19606299212598424,127.0,0.03981191222570533,17.0,345.0,0.8661417322834646,0.8873653281096964,0.24175824175824176,0.9937842778793419,0.029348140600064736,0.014414870434551613,0.01539013728639549,0.014414870434551613,0.9345734329731801,0.40625589765599557,densenet121,weighted_bce,ensemble,Pleural Effusion,T2_2016,offset,youden_validation,0.03302099059025446
0.9,3589,398,0.0847457627118644,0.1005249343832021,162.0,0.04513792142658122,21.0,648.0,0.8703703703703703,0.8109133352786694,0.17870722433460076,0.9925,0.035027014991050195,0.013935284766787133,0.01370844215504445,0.013935284766787133,0.91043888942926,0.35968975717606205,densenet121,weighted_bce,ensemble,Pleural Effusion,T2_2016,offset,youden_validation,0.03302099059025446
1.0,3987,0,0.0,0.0,177.0,0.04439428141459744,23.0,1010.0,0.8700564971751412,0.7349081364829396,0.1323024054982818,0.991852639036486,0.0351811705405901,0.014508526851214024,0.013192167613540404,0.014508526851214024,0.895165858504975,0.33880983659770275,densenet121,weighted_bce,ensemble,Pleural Effusion,T2_2016,offset,youden_validation,0.03302099059025446
0.5,1994,1993,0.9717514124293786,0.4779527559055118,5.0,0.0025075225677031092,5.0,0.0,0.0,1.0,,0.9974924774322969,0.0025056438616043336,0.0034461267254667477,0.003446126491234917,0.0034461267254667477,0.7869281045751634,0.06367245593206923,densenet121,weighted_bce,ensemble,Pleural Effusion,T2_2016,offset,fixed_0.5,0.5
0.6,2393,1594,0.9548022598870056,0.37401574803149606,8.0,0.003343083994985374,8.0,0.0,0.0,1.0,,0.9966569160050146,0.0033414319568361057,0.004499746292340696,0.004203094070255009,0.004499746292340696,0.7620020964360587,0.13282812024454593,densenet121,weighted_bce,ensemble,Pleural Effusion,T2_2016,offset,fixed_0.5,0.5
0.7,2791,1196,0.8813559322033898,0.27296587926509186,21.0,0.007524184879971337,21.0,0.0,0.0,1.0,,0.9924758151200287,0.007375432839883428,0.0038678685299296696,0.0024576345485321765,0.0038678685299296696,0.829929516933127,0.03620502546424475,densenet121,weighted_bce,ensemble,Pleural Effusion,T2_2016,offset,fixed_0.5,0.5
0.8,3190,797,0.8022598870056498,0.17191601049868765,35.0,0.0109717868338558,35.0,0.0,0.0,1.0,,0.9890282131661442,0.010735046982779353,0.00526096439872194,0.0034546401281622136,0.00526096439872194,0.8090468643875934,0.031556367757344356,densenet121,weighted_bce,ensemble,Pleural Effusion,T2_2016,offset,fixed_0.5,0.5
0.9,3589,398,0.576271186440678,0.07769028871391076,75.0,0.020897185845639453,75.0,0.0,0.0,1.0,,0.9791028141543605,0.019587652165479582,0.005746053814484228,0.0037288223386774083,0.005746053814484228,0.846992980459116,0.09581794895514588,densenet121,weighted_bce,ensemble,Pleural Effusion,T2_2016,offset,fixed_0.5,0.5
1.0,3987,0,0.0,0.0,177.0,0.04439428141459744,140.0,47.0,0.20903954802259886,0.9876640419947507,0.44047619047619047,0.9641301562900333,0.0351811705405901,0.014508525311623582,0.013192166895952505,0.014508525311623582,0.895165858504975,0.33880983659770275,densenet121,weighted_bce,ensemble,Pleural Effusion,T2_2016,offset,fixed_0.5,0.5
0.5,1994,1993,0.8757062146892656,0.48241469816272964,22.0,0.011033099297893681,3.0,13.0,0.8636363636363636,0.9934077079107505,0.59375,0.9984709480122325,0.005577334177690416,0.009014161689666548,0.009078914195919406,0.009014161689666548,0.9516411580306103,0.5176987875669928,densenet121,weighted_bce,ensemble,Pleural Effusion,T2_2016,platt,youden_validation,0.03945168945938349
0.6,2393,1594,0.7005649717514124,0.3858267716535433,53.0,0.0221479314667781,7.0,48.0,0.8679245283018868,0.9794871794871794,0.48936170212765956,0.9969551979121357,0.012889215095410937,0.010283575881882799,0.010216805742212134,0.010283575881882799,0.9588614739558136,0.49517332491337274,densenet121,weighted_bce,ensemble,Pleural Effusion,T2_2016,platt,youden_validation,0.03945168945938349
0.7,2791,1196,0.4858757062146893,0.29133858267716534,91.0,0.032604801146542454,12.0,135.0,0.8681318681318682,0.95,0.3691588785046729,0.9953434225844005,0.02134724149411726,0.011421554431583516,0.011467816672527803,0.011421554431583516,0.9523280423280424,0.45699055430426566,densenet121,weighted_bce,ensemble,Pleural Effusion,T2_2016,platt,youden_validation,0.03945168945938349
0.8,3190,797,0.2655367231638418,0.1968503937007874,130.0,0.04075235109717868,16.0,356.0,0.8769230769230769,0.8836601307189542,0.2425531914893617,0.9941176470588236,0.02928507385839661,0.012904802384438889,0.0129452781337182,0.012904802384438889,0.9356008044243339,0.40760799931964037,densenet121,weighted_bce,ensemble,Pleural Effusion,T2_2016,platt,youden_validation,0.03945168945938349
0.9,3589,398,0.07344632768361582,0.1010498687664042,164.0,0.04569517971579827,21.0,667.0,0.8719512195121951,0.8052554744525547,0.1765432098765432,0.9924433249370277,0.03471192768337904,0.011522506589060101,0.011277388588764866,0.011522506589060101,0.912275235891045,0.3632951657990136,densenet121,weighted_bce,ensemble,Pleural Effusion,T2_2016,platt,youden_validation,0.03945168945938349
1.0,3987,0,0.0,0.0,177.0,0.04439428141459744,22.0,1019.0,0.8757062146892656,0.7325459317585302,0.13202725724020442,0.9921791681478849,0.034451786705197385,0.012567004807791429,0.01193204739932013,0.012567004807791429,0.8978661565609385,0.3440636128363095,densenet121,weighted_bce,ensemble,Pleural Effusion,T2_2016,platt,youden_validation,0.03945168945938349
0.5,1994,1993,0.9774011299435028,0.4776902887139108,4.0,0.0020060180541624875,4.0,0.0,0.0,1.0,,0.9979939819458375,0.002075949772961821,0.0085178032022814,0.008517803173089996,0.0085178032022814,0.7418341708542713,0.011071040505081665,densenet121,weighted_bce,ensemble,Pleural Effusion,T2_2016,platt,fixed_0.5,0.5
0.6,2393,1594,0.9548022598870056,0.37401574803149606,8.0,0.003343083994985374,8.0,0.0,0.0,1.0,,0.9966569160050146,0.0034103134720735212,0.009243234469155624,0.009122509410082547,0.009243234469155624,0.7668238993710692,0.013695224080010223,densenet121,weighted_bce,ensemble,Pleural Effusion,T2_2016,platt,fixed_0.5,0.5
0.7,2791,1196,0.8757062146892656,0.2732283464566929,22.0,0.007882479398065209,22.0,0.0,0.0,1.0,,0.9921175206019348,0.007753027265461977,0.0078010009635080995,0.00733563415098846,0.0078010009635080995,0.841590334548081,0.06697385908995736,densenet121,weighted_bce,ensemble,Pleural Effusion,T2_2016,platt,fixed_0.5,0.5
0.8,3190,797,0.8022598870056498,0.17191601049868765,35.0,0.0109717868338558,35.0,0.0,0.0,1.0,,0.9890282131661442,0.01078433531792384,0.010406429663761797,0.008769992359426328,0.010406429663761797,0.811926647045506,0.03407075345652673,densenet121,weighted_bce,ensemble,Pleural Effusion,T2_2016,platt,fixed_0.5,0.5
0.9,3589,398,0.6045197740112994,0.07637795275590552,70.0,0.019504040122596825,70.0,0.0,0.0,1.0,,0.9804959598774031,0.01847924890343419,0.009880522307419544,0.009091543926896078,0.009880522307419544,0.8408922989485649,0.08317583972407469,densenet121,weighted_bce,ensemble,Pleural Effusion,T2_2016,platt,fixed_0.5,0.5
1.0,3987,0,0.0,0.0,177.0,0.04439428141459744,147.0,27.0,0.1694915254237288,0.9929133858267717,0.5263157894736842,0.9625954198473282,0.034451786705197385,0.012567004807791429,0.011932049058742143,0.012567004807791429,0.8978661565609385,0.3440636128363095,densenet121,weighted_bce,ensemble,Pleural Effusion,T2_2016,platt,fixed_0.5,0.5
0.5,1994,1993,0.9491525423728814,0.479002624671916,9.0,0.004513540621865597,4.0,5.0,0.5555555555555556,0.9974811083123426,0.5,0.9979838709677419,0.0034980847481852835,0.004849689954601288,0.0039455104346500115,0.004849689954601288,0.8713126224461236,0.31050814531651133,densenet121,weighted_bce,ensemble,Pleural Effusion,T2_2016,analytic_weight,youden_validation,0.028664207085967064
0.6,2393,1594,0.7740112994350282,0.38241469816272966,40.0,0.01671541997492687,7.0,33.0,0.825,0.9859753506162346,0.5,0.9969918349806618,0.009908907079890355,0.005881268250869999,0.005360424295581514,0.005881268250869999,0.9477156821079473,0.48524084790771815,densenet121,weighted_bce,ensemble,Pleural Effusion,T2_2016,analytic_weight,youden_validation,0.028664207085967064
0.7,2791,1196,0.5141242937853108,0.2900262467191601,86.0,0.03081332855607309,16.0,95.0,0.813953488372093,0.9648798521256932,0.42424242424242425,0.993907083015994,0.019962029148600745,0.0036959776917451807,0.0042857308142936305,0.0036959776917451807,0.9496711516141512,0.4526149297058835,densenet121,weighted_bce,ensemble,Pleural Effusion,T2_2016,analytic_weight,youden_validation,0.028664207085967064
0.8,3190,797,0.3220338983050847,0.1942257217847769,120.0,0.03761755485893417,19.0,319.0,0.8416666666666667,0.8960912052117264,0.24047619047619048,0.9931407942238267,0.02716607927045292,0.009393673882086916,0.009331794301497526,0.009393673882086916,0.9343729641693811,0.4087031981368624,densenet121,weighted_bce,ensemble,Pleural Effusion,T2_2016,analytic_weight,youden_validation,0.028664207085967064
0.9,3589,398,0.096045197740113,0.1,160.0,0.04458066313736417,23.0,621.0,0.85625,0.8188976377952756,0.18073878627968337,0.9918756623101378,0.03417252915029352,0.008170571846653407,0.008228213440416153,0.008170571846653407,0.9091590113735784,0.3563515298429443,densenet121,weighted_bce,ensemble,Pleural Effusion,T2_2016,analytic_weight,youden_validation,0.028664207085967064
1.0,3987,0,0.0,0.0,177.0,0.04439428141459744,24.0,988.0,0.864406779661017,0.7406824146981628,0.13409290096406662,0.9915671117357695,0.034845537958434376,0.009961289305140408,0.00761489604151515,0.009961289305140408,0.892871865593072,0.3338070850040869,densenet121,weighted_bce,ensemble,Pleural Effusion,T2_2016,analytic_weight,youden_validation,0.028664207085967064
0.5,1994,1993,0.9774011299435028,0.4776902887139108,4.0,0.0020060180541624875,4.0,0.0,0.0,1.0,,0.9979939819458375,0.0020102785018024155,0.00391456311876412,0.003010383821601644,0.00391456311876412,0.710929648241206,0.005314997537098369,densenet121,weighted_bce,ensemble,Pleural Effusion,T2_2016,analytic_weight,fixed_0.5,0.5
0.6,2393,1594,0.9548022598870056,0.37401574803149606,8.0,0.003343083994985374,8.0,0.0,0.0,1.0,,0.9966569160050146,0.003332331864340649,0.0035085961630515763,0.0029877511723332083,0.0035085961630515763,0.7519916142557652,0.012149153357397914,densenet121,weighted_bce,ensemble,Pleural Effusion,T2_2016,analytic_weight,fixed_0.5,0.5
0.7,2791,1196,0.8926553672316384,0.27244094488188975,19.0,0.00680759584378359,19.0,0.0,0.0,1.0,,0.9931924041562165,0.006704476476245918,0.003238031827013463,0.0015294380687558918,0.003238031827013463,0.8047011468064099,0.022422828884657145,densenet121,weighted_bce,ensemble,Pleural Effusion,T2_2016,analytic_weight,fixed_0.5,0.5
0.8,3190,797,0.7853107344632768,0.17270341207349083,38.0,0.011912225705329153,38.0,0.0,0.0,1.0,,0.9880877742946709,0.01157143834019129,0.003538384562107183,0.00010541923647764025,0.003538384562107183,0.8208071733903286,0.045558579153981295,densenet121,weighted_bce,ensemble,Pleural Effusion,T2_2016,analytic_weight,fixed_0.5,0.5
0.9,3589,398,0.5649717514124294,0.07821522309711286,77.0,0.021454444134856508,77.0,0.0,0.0,1.0,,0.9785455558651435,0.020091682966592646,0.004207712836619637,0.0017595720817598329,0.004207712836619637,0.846966245599503,0.08669180477477487,densenet121,weighted_bce,ensemble,Pleural Effusion,T2_2016,analytic_weight,fixed_0.5,0.5
1.0,3987,0,0.0,0.0,177.0,0.04439428141459744,144.0,33.0,0.1864406779661017,0.9913385826771653,0.5,0.96327467482785,0.034845537958434376,0.009961295641964787,0.007614897738311534,0.009961295641964787,0.892871865593072,0.3338070850040869,densenet121,weighted_bce,ensemble,Pleural Effusion,T2_2016,analytic_weight,fixed_0.5,0.5
0.5,1994,1993,,,,,10.55,,,,,,0.11130703879449978,,,,,,densenet121,weighted_bce,ensemble,Pleural Effusion,T2_2016,random_baseline,youden_validation,0.3235194799785614
0.6,2393,1594,,,,,12.91,,,,,,0.11084092985354504,,,,,,densenet121,weighted_bce,ensemble,Pleural Effusion,T2_2016,random_baseline,youden_validation,0.3235194799785614
0.7,2791,1196,,,,,14.87,,,,,,0.11128720664043319,,,,,,densenet121,weighted_bce,ensemble,Pleural Effusion,T2_2016,random_baseline,youden_validation,0.3235194799785614
0.8,3190,797,,,,,16.73,,,,,,0.11120408748365752,,,,,,densenet121,weighted_bce,ensemble,Pleural Effusion,T2_2016,random_baseline,youden_validation,0.3235194799785614
0.9,3589,398,,,,,19.04,,,,,,0.11106470842050489,,,,,,densenet121,weighted_bce,ensemble,Pleural Effusion,T2_2016,random_baseline,youden_validation,0.3235194799785614
1.0,3987,0,,,,,21.0,,,,,,0.11107116853836707,,,,,,densenet121,weighted_bce,ensemble,Pleural Effusion,T2_2016,random_baseline,youden_validation,0.3235194799785614
0.5,1218,1218,0.4117647058823529,0.5031901318587835,50.0,0.041050903119868636,5.0,131.0,0.9,0.8878424657534246,0.2556818181818182,0.9952015355086372,0.08343891781012024,0.1484210964760932,0.1484210964760932,0.1484210964760932,0.9092979452054794,0.43909466774324857,densenet121,weighted_bce,ensemble,Pleural Effusion,T3_2017,raw,youden_validation,0.3235194799785614
0.6,1462,974,0.3411764705882353,0.4019566142067205,56.0,0.038303693570451436,5.0,174.0,0.9107142857142857,0.8762446657183499,0.22666666666666666,0.9959579628132579,0.08659154281037693,0.1624751092410885,0.16247510924108852,0.1624751092410885,0.905799126193863,0.41617369361574674,densenet121,weighted_bce,ensemble,Pleural Effusion,T3_2017,raw,youden_validation,0.3235194799785614
0.7,1706,730,0.2235294117647059,0.3024245002126755,66.0,0.038686987104337635,7.0,250.0,0.8939393939393939,0.8475609756097561,0.19093851132686085,0.9949892627057981,0.09563120689069148,0.1807962031227769,0.18079620312277686,0.1807962031227769,0.8996674057649667,0.3834635707190796,densenet121,weighted_bce,ensemble,Pleural Effusion,T3_2017,raw,youden_validation,0.3235194799785614
0.8,1949,487,0.09411764705882353,0.2037430880476393,77.0,0.03950743971267317,10.0,331.0,0.8701298701298701,0.8231837606837606,0.16834170854271358,0.9935525467440361,0.10119759386451327,0.1944738001414794,0.19447380014147944,0.1944738001414794,0.8881951381951382,0.35110495202612,densenet121,weighted_bce,ensemble,Pleural Effusion,T3_2017,raw,youden_validation,0.3235194799785614
0.9,2193,243,0.03529411764705882,0.10208421948107188,82.0,0.03739170086639307,14.0,464.0,0.8292682926829268,0.7801989578398864,0.12781954887218044,0.99157134256472,0.1061753152550859,0.2107180255353327,0.21071802553533273,0.2107180255353327,0.8789210985430553,0.3350208875363715,densenet121,weighted_bce,ensemble,Pleural Effusion,T3_2017,raw,youden_validation,0.3235194799785614
1.0,2436,0,0.0,0.0,85.0,0.03489326765188834,16.0,628.0,0.8117647058823529,0.7328796256911952,0.09899569583931134,0.9907993099482462,0.10787237001541315,0.222734161751921,0.22273416175192107,0.222734161751921,0.8691420421848024,0.3239694337679814,densenet121,weighted_bce,ensemble,Pleural Effusion,T3_2017,raw,youden_validation,0.3235194799785614
0.5,1218,1218,0.6352941176470588,0.4951084644831986,31.0,0.025451559934318555,5.0,47.0,0.8387096774193549,0.9604043807919124,0.3561643835616438,0.9956331877729258,0.04274196558686661,0.11011360833861371,0.11011360833861371,0.11011360833861371,0.8925999402125173,0.5011636105765589,densenet121,weighted_bce,ensemble,Pleural Effusion,T3_2017,raw,fixed_0.5,0.5
0.6,1462,974,0.5176470588235295,0.39557635048915357,41.0,0.0280437756497948,6.0,70.0,0.8536585365853658,0.9507389162561576,0.3333333333333333,0.9955784819454679,0.05116743235459485,0.12762948939101257,0.12762948939101257,0.12762948939101257,0.9015979814970563,0.4631918546444428,densenet121,weighted_bce,ensemble,Pleural Effusion,T3_2017,raw,fixed_0.5,0.5
0.7,1706,730,0.38823529411764707,0.29646958740961293,52.0,0.03048065650644783,10.0,106.0,0.8076923076923077,0.9359129383313181,0.28378378378378377,0.993581514762516,0.06377412386316908,0.14829221346208155,0.14829221346208155,0.14829221346208155,0.899904660031625,0.418415942148659,densenet121,weighted_bce,ensemble,Pleural Effusion,T3_2017,raw,fixed_0.5,0.5
0.8,1949,487,0.25882352941176473,0.19778817524457679,63.0,0.0323242688558235,16.0,155.0,0.746031746031746,0.9178154825026511,0.23267326732673269,0.9908414424728106,0.07823129211461127,0.1717534030812351,0.17175340308123516,0.1717534030812351,0.8893517817165749,0.3780987054770559,densenet121,weighted_bce,ensemble,Pleural Effusion,T3_2017,raw,fixed_0.5,0.5
0.9,2193,243,0.1411764705882353,0.09825606125053168,73.0,0.033287733698130414,17.0,229.0,0.7671232876712328,0.8919811320754717,0.19649122807017544,0.9910901467505241,0.09351083821732543,0.19886889304137872,0.19886889304137878,0.19886889304137872,0.878534505040062,0.3502240587226191,densenet121,weighted_bce,ensemble,Pleural Effusion,T3_2017,raw,fixed_0.5,0.5
1.0,2436,0,0.0,0.0,85.0,0.03489326765188834,19.0,318.0,0.7764705882352941,0.8647384091875797,0.171875,0.9907407407407407,0.10787237001541318,0.222734161751921,0.22273416175192107,0.222734161751921,0.8691420421848024,0.3239694337679814,densenet121,weighted_bce,ensemble,Pleural Effusion,T3_2017,raw,fixed_0.5,0.5
0.5,1218,1218,0.5882352941176471,0.4968098681412165,35.0,0.028735632183908046,5.0,57.0,0.8571428571428571,0.9518174133558749,0.3448275862068966,0.995579133510168,0.04816090693788268,0.11211662321720023,0.11211661269585488,0.11211662321720023,0.8987803405385822,0.4725472565601635,densenet121,weighted_bce,ensemble,Pleural Effusion,T3_2017,temperature,youden_validation,0.46977957089742023
0.6,1462,974,0.5058823529411764,0.39600170140365804,42.0,0.028727770177838577,6.0,82.0,0.8571428571428571,0.9422535211267605,0.3050847457627119,0.9955357142857143,0.05578452440026465,0.12924553899581145,0.12924553545143472,0.12924553899581145,0.9017270288397049,0.44846055411115493,densenet121,weighted_bce,ensemble,Pleural Effusion,T3_2017,temperature,youden_validation,0.46977957089742023
0.7,1706,730,0.35294117647058826,0.2977456401531263,55.0,0.03223915592028136,10.0,123.0,0.8181818181818182,0.9254996971532404,0.26785714285714285,0.9934980494148244,0.06829935319798475,0.14900133626236378,0.1490013280016526,0.14900133626236378,0.9012389185617532,0.4032625623157481,densenet121,weighted_bce,ensemble,Pleural Effusion,T3_2017,temperature,youden_validation,0.46977957089742023
0.8,1949,487,0.18823529411764706,0.20034028073160356,69.0,0.03540277065161621,15.0,176.0,0.782608695652174,0.9063829787234042,0.23478260869565218,0.9912739965095986,0.08120223475342757,0.17004895755202112,0.17004896112057785,0.17004895755202112,0.8913043478260869,0.36129118709779423,densenet121,weighted_bce,ensemble,Pleural Effusion,T3_2017,temperature,youden_validation,0.46977957089742023
0.9,2193,243,0.10588235294117647,0.09953211399404509,76.0,0.034655722754217966,17.0,252.0,0.7763157894736842,0.8809636277751535,0.18971061093247588,0.9909670563230606,0.09469489202925324,0.19612563107752168,0.19612562592191013,0.19612563107752168,0.8793289908758669,0.33981410209187174,densenet121,weighted_bce,ensemble,Pleural Effusion,T3_2017,temperature,youden_validation,0.46977957089742023
1.0,2436,0,0.0,0.0,85.0,0.03489326765188834,17.0,343.0,0.8,0.8541046363249681,0.1654501216545012,0.9916049382716049,0.1067386255932643,0.21897897127348998,0.21897897000419975,0.21897897127348998,0.8695023394300299,0.3193305597196188,densenet121,weighted_bce,ensemble,Pleural Effusion,T3_2017,temperature,youden_validation,0.46977957089742023
0.5,1218,1218,0.6352941176470588,0.4951084644831986,31.0,0.025451559934318555,5.0,46.0,0.8387096774193549,0.9612468407750632,0.3611111111111111,0.9956369982547993,0.04186582331769319,0.1067406542183241,0.10674064835817944,0.1067406542183241,0.8908606679892384,0.48489748662008275,densenet121,weighted_bce,ensemble,Pleural Effusion,T3_2017,temperature,fixed_0.5,0.5
0.6,1462,974,0.5176470588235295,0.39557635048915357,41.0,0.0280437756497948,6.0,68.0,0.8536585365853658,0.952146375791696,0.33980582524271846,0.9955849889624724,0.04987926810760652,0.12352493881577914,0.12352493353870923,0.12352493881577914,0.900533804775064,0.45096126587912905,densenet121,weighted_bce,ensemble,Pleural Effusion,T3_2017,temperature,fixed_0.5,0.5
0.7,1706,730,0.38823529411764707,0.29646958740961293,52.0,0.03048065650644783,10.0,105.0,0.8076923076923077,0.9365175332527207,0.2857142857142857,0.9935856318152662,0.06298529058719513,0.14447994071854867,0.14447992847487767,0.14447994071854867,0.8992884382848105,0.40896062009378004,densenet121,weighted_bce,ensemble,Pleural Effusion,T3_2017,temperature,fixed_0.5,0.5
0.8,1949,487,0.25882352941176473,0.19778817524457679,63.0,0.0323242688558235,16.0,155.0,0.746031746031746,0.9178154825026511,0.23267326732673269,0.9908414424728106,0.07760710008409685,0.16803106267087395,0.16803106727922437,0.16803106267087395,0.8888636401891967,0.37030258458035514,densenet121,weighted_bce,ensemble,Pleural Effusion,T3_2017,temperature,fixed_0.5,0.5
0.9,2193,243,0.12941176470588237,0.09868141216503616,74.0,0.0337437300501596,17.0,225.0,0.7702702702702703,0.8938178386031147,0.20212765957446807,0.9911041339612768,0.09220464668467634,0.1943116202743234,0.19431161290358254,0.1943116202743234,0.8789587133145416,0.34296557728840915,densenet121,weighted_bce,ensemble,Pleural Effusion,T3_2017,temperature,fixed_0.5,0.5
1.0,2436,0,0.0,0.0,85.0,0.03489326765188834,20.0,317.0,0.7647058823529411,0.8651637601020842,0.17015706806282724,0.9902629016553067,0.1067386255932643,0.21897897127348998,0.21897897000419975,0.21897897127348998,0.8695023394300299,0.3193305597196188,densenet121,weighted_bce,ensemble,Pleural Effusion,T3_2017,temperature,fixed_0.5,0.5
0.5,1218,1218,0.8705882352941177,0.4866014461931093,11.0,0.0090311986863711,5.0,3.0,0.5454545454545454,0.9975144987572494,0.6666666666666666,0.9958643507030603,0.005798607965514626,0.0052430733743204765,0.0030559812223596872,0.0052430733743204765,0.7227536341040898,0.4205023055754793,densenet121,weighted_bce,ensemble,Pleural Effusion,T3_2017,offset,youden_validation,0.03302099059025446
0.6,1462,974,0.7411764705882353,0.3874946831135687,22.0,0.015047879616963064,7.0,17.0,0.6818181818181818,0.9881944444444445,0.46875,0.9951048951048951,0.010402025872104252,0.007458990969613613,0.005380423247773408,0.007458990969613613,0.8359848484848486,0.4574821275672009,densenet121,weighted_bce,ensemble,Pleural Effusion,T3_2017,offset,youden_validation,0.03302099059025446
0.7,1706,730,0.4235294117647059,0.29519353466609954,49.0,0.028722157092614303,14.0,59.0,0.7142857142857143,0.9643934821967411,0.3723404255319149,0.9913151364764268,0.0207096754552731,0.0067376617386179435,0.005638373557124441,0.0067376617386179435,0.8983286736541327,0.4257268312765981,densenet121,weighted_bce,ensemble,Pleural Effusion,T3_2017,offset,youden_validation,0.03302099059025446
0.8,1949,487,0.18823529411764706,0.20034028073160356,69.0,0.03540277065161621,15.0,206.0,0.782608695652174,0.8904255319148936,0.2076923076923077,0.9911190053285968,0.027847876914966898,0.013583899251524152,0.012231400713378065,0.013583899251524152,0.892568609312365,0.3716578103706256,densenet121,weighted_bce,ensemble,Pleural Effusion,T3_2017,offset,youden_validation,0.03302099059025446
0.9,2193,243,0.058823529411764705,0.10123351765206295,80.0,0.0364797081623347,15.0,405.0,0.8125,0.808329389493611,0.13829787234042554,0.9912942542077772,0.02978659996048547,0.016762166701272518,0.015481266851770079,0.016762166701272518,0.8759110269758635,0.33805336732138735,densenet121,weighted_bce,ensemble,Pleural Effusion,T3_2017,offset,youden_validation,0.03302099059025446
1.0,2436,0,0.0,0.0,85.0,0.03489326765188834,16.0,628.0,0.8117647058823529,0.7328796256911952,0.09899569583931134,0.9907993099482462,0.028858674196625918,0.0183248622526456,0.016377803120205457,0.0183248622526456,0.8653989541371632,0.32292353354686415,densenet121,weighted_bce,ensemble,Pleural Effusion,T3_2017,offset,youden_validation,0.03302099059025446
0.5,1218,1218,0.9411764705882353,0.4840493407060825,5.0,0.004105090311986864,5.0,0.0,0.0,1.0,,0.9958949096880131,0.004107881221891344,0.005057225308926969,0.0017927455163770315,0.005057225308926969,0.3897774113767518,0.003853296817349969,densenet121,weighted_bce,ensemble,Pleural Effusion,T3_2017,offset,fixed_0.5,0.5
0.6,1462,974,0.9058823529411765,0.3815397703105062,8.0,0.005471956224350205,8.0,0.0,0.0,1.0,,0.9945280437756497,0.005448923142824979,0.0040509672050342655,0.0018281370800156682,0.0040509672050342655,0.5506361760660248,0.01315963090923353,densenet121,weighted_bce,ensemble,Pleural Effusion,T3_2017,offset,fixed_0.5,0.5
0.7,1706,730,0.8235294117647058,0.2807316035729477,15.0,0.008792497069167644,15.0,0.0,0.0,1.0,,0.9912075029308324,0.00867204037494664,0.0032061560060075564,0.0007379168266777696,0.0032061560060075564,0.6817267888823181,0.02123090529609487,densenet121,weighted_bce,ensemble,Pleural Effusion,T3_2017,offset,fixed_0.5,0.5
0.8,1949,487,0.788235294117647,0.1786473840918758,18.0,0.009235505387378143,18.0,0.0,0.0,1.0,,0.9907644946126218,0.009220926437125096,0.005913966042436411,0.004453252628254486,0.005913966042436411,0.6565682720524771,0.022231298637513296,densenet121,weighted_bce,ensemble,Pleural Effusion,T3_2017,offset,fixed_0.5,0.5
0.9,2193,243,0.6235294117647059,0.08081667375584857,32.0,0.01459188326493388,32.0,0.0,0.0,1.0,,0.9854081167350661,0.014524792810612763,0.009877532583181914,0.00828198881159892,0.009877532583181914,0.7399062933826932,0.04290562543471382,densenet121,weighted_bce,ensemble,Pleural Effusion,T3_2017,offset,fixed_0.5,0.5
1.0,2436,0,0.0,0.0,85.0,0.03489326765188834,68.0,22.0,0.2,0.9906422798809017,0.4358974358974359,0.9716312056737588,0.028858674196625918,0.018324862622727804,0.016377804649470768,0.018324862622727804,0.8653989541371632,0.32292353354686415,densenet121,weighted_bce,ensemble,Pleural Effusion,T3_2017,offset,fixed_0.5,0.5
0.5,1218,1218,0.8588235294117647,0.48702679710761376,12.0,0.009852216748768473,5.0,6.0,0.5833333333333334,0.9950248756218906,0.5384615384615384,0.995850622406639,0.006841134068750821,0.007982833506707684,0.007720066138890332,0.007982833506707684,0.7435737976782754,0.3715744354277185,densenet121,weighted_bce,ensemble,Pleural Effusion,T3_2017,platt,youden_validation,0.03945168945938349
0.6,1462,974,0.6941176470588235,0.38919608677158657,26.0,0.017783857729138167,7.0,21.0,0.7307692307692307,0.9853760445682451,0.475,0.9950773558368495,0.011633036379019402,0.008653593830580831,0.0089072293108877,0.008653593830580831,0.8578315834583244,0.4255602732728195,densenet121,weighted_bce,ensemble,Pleural Effusion,T3_2017,platt,youden_validation,0.03945168945938349
0.7,1706,730,0.4235294117647059,0.29519353466609954,49.0,0.028722157092614303,13.0,64.0,0.7346938775510204,0.9613759806879904,0.36,0.9919053549190535,0.0202423255797668,0.00806940512558072,0.009479755908032446,0.00806940512558072,0.8982670919906889,0.41061582479078534,densenet121,weighted_bce,ensemble,Pleural Effusion,T3_2017,platt,youden_validation,0.03945168945938349
0.8,1949,487,0.17647058823529413,0.20076563164610803,70.0,0.03591585428424833,15.0,210.0,0.7857142857142857,0.8882384246939862,0.20754716981132076,0.9910926365795725,0.027455252647380888,0.012993789273192329,0.013199340165991731,0.012993789273192329,0.8942142477001445,0.3634295402144209,densenet121,weighted_bce,ensemble,Pleural Effusion,T3_2017,platt,youden_validation,0.03945168945938349
0.9,2193,243,0.011764705882352941,0.10293492131008082,84.0,0.038303693570451436,16.0,415.0,0.8095238095238095,0.8032242769084874,0.14078674948240166,0.9906432748538012,0.030555679469085276,0.015342392161789207,0.014611565774222568,0.015342392161789207,0.8758043758043758,0.32590878719269695,densenet121,weighted_bce,ensemble,Pleural Effusion,T3_2017,platt,youden_validation,0.03945168945938349
1.0,2436,0,0.0,0.0,85.0,0.03489326765188834,16.0,636.0,0.8117647058823529,0.7294768183751595,0.09787234042553192,0.9907567879838244,0.02811589343379199,0.017609877549325942,0.017638159311745064,0.017609877549325942,0.8682713238421698,0.3193912954964228,densenet121,weighted_bce,ensemble,Pleural Effusion,T3_2017,platt,youden_validation,0.03945168945938349
0.5,1218,1218,0.9411764705882353,0.4840493407060825,5.0,0.004105090311986864,5.0,0.0,0.0,1.0,,0.9958949096880131,0.004153731214884109,0.00727816389136518,0.006338756383138239,0.00727816389136518,0.3849958779884583,0.0038525588001587416,densenet121,weighted_bce,ensemble,Pleural Effusion,T3_2017,platt,fixed_0.5,0.5
0.6,1462,974,0.9176470588235294,0.3811144193960017,7.0,0.0047879616963064295,7.0,0.0,0.0,1.0,,0.9952120383036935,0.004847893739097345,0.007709434928650243,0.00739935531743411,0.007709434928650243,0.4824742268041237,0.006113342242652188,densenet121,weighted_bce,ensemble,Pleural Effusion,T3_2017,platt,fixed_0.5,0.5
0.7,1706,730,0.8235294117647058,0.2807316035729477,15.0,0.008792497069167644,15.0,0.0,0.0,1.0,,0.9912075029308324,0.008708348359096422,0.006750209415047608,0.005946125052345246,0.006750209415047608,0.6819633353045534,0.021989850571398684,densenet121,weighted_bce,ensemble,Pleural Effusion,T3_2017,platt,fixed_0.5,0.5
0.8,1949,487,0.8,0.17822203317737134,17.0,0.008722421754746024,17.0,0.0,0.0,1.0,,0.991277578245254,0.0088512178333448,0.011390041235476933,0.010242951060982164,0.011390041235476933,0.6360674704664474,0.015047763869535248,densenet121,weighted_bce,ensemble,Pleural Effusion,T3_2017,platt,fixed_0.5,0.5
0.9,2193,243,0.6352941176470588,0.0803913228413441,31.0,0.014135886912904697,31.0,0.0,0.0,1.0,,0.9858641130870953,0.014086193520546323,0.013560315082125737,0.012884308173369175,0.013560315082125737,0.7368177613321,0.041066306178775366,densenet121,weighted_bce,ensemble,Pleural Effusion,T3_2017,platt,fixed_0.5,0.5
1.0,2436,0,0.0,0.0,85.0,0.03489326765188834,73.0,10.0,0.1411764705882353,0.9957464908549554,0.5454545454545454,0.9697597348798674,0.02811589343379199,0.017609877549325942,0.01763815981410872,0.017609877549325942,0.8682713238421698,0.3193912954964228,densenet121,weighted_bce,ensemble,Pleural Effusion,T3_2017,platt,fixed_0.5,0.5
0.5,1218,1218,0.9176470588235294,0.48490004253509145,7.0,0.005747126436781609,5.0,2.0,0.2857142857142857,0.9983484723369116,0.5,0.9958813838550247,0.005053408496303496,0.006601871200034331,0.0015667240855655649,0.006601871200034331,0.5571546537690221,0.290642025815832,densenet121,weighted_bce,ensemble,Pleural Effusion,T3_2017,analytic_weight,youden_validation,0.028664207085967064
0.6,1462,974,0.7647058823529411,0.38664398128455973,20.0,0.013679890560875513,9.0,9.0,0.55,0.9937586685159501,0.55,0.9937586685159501,0.009493643042474458,0.003643374247814079,0.001219587578921083,0.003643374247814079,0.817614424410541,0.4315312468886426,densenet121,weighted_bce,ensemble,Pleural Effusion,T3_2017,analytic_weight,youden_validation,0.028664207085967064
0.7,1706,730,0.4823529411764706,0.29306678009357723,44.0,0.02579132473622509,13.0,40.0,0.7045454545454546,0.9759326113116726,0.43661971830985913,0.9920489296636086,0.017768319494828873,0.0036896551800356774,0.0033828460186684957,0.0036896551800356774,0.8875670057980527,0.421177171464683,densenet121,weighted_bce,ensemble,Pleural Effusion,T3_2017,analytic_weight,youden_validation,0.028664207085967064
0.8,1949,487,0.21176470588235294,0.19948957890259464,67.0,0.03437660338635198,15.0,186.0,0.7761194029850746,0.9011689691817216,0.2184873949579832,0.9912331969608417,0.02644841080629339,0.009263600753534256,0.007823745243197806,0.009263600753534256,0.8896220280108491,0.36901976081719323,densenet121,weighted_bce,ensemble,Pleural Effusion,T3_2017,analytic_weight,youden_validation,0.028664207085967064
0.9,2193,243,0.07058823529411765,0.10080816673755849,79.0,0.03602371181030552,15.0,391.0,0.810126582278481,0.815042573320719,0.14065934065934066,0.9913693901035673,0.02888857996086414,0.011291780213371422,0.009171614927064323,0.011291780213371422,0.8734775996071997,0.333417357719278,densenet121,weighted_bce,ensemble,Pleural Effusion,T3_2017,analytic_weight,youden_validation,0.028664207085967064
1.0,2436,0,0.0,0.0,85.0,0.03489326765188834,16.0,613.0,0.8117647058823529,0.7392598894087622,0.10117302052785923,0.9908779931584949,0.028410847524386853,0.012591101506370167,0.009720890263587923,0.012591101506370167,0.8622963945254836,0.31627124082080826,densenet121,weighted_bce,ensemble,Pleural Effusion,T3_2017,analytic_weight,youden_validation,0.028664207085967064
0.5,1218,1218,0.9411764705882353,0.4840493407060825,5.0,0.004105090311986864,5.0,0.0,0.0,1.0,,0.9958949096880131,0.004102043259717207,0.005891521220448716,0.0008563747077458498,0.005891521220448716,0.3793899422918384,0.003773657405666448,densenet121,weighted_bce,ensemble,Pleural Effusion,T3_2017,analytic_weight,fixed_0.5,0.5
0.6,1462,974,0.8941176470588236,0.38196512122501064,9.0,0.006155950752393981,9.0,0.0,0.0,1.0,,0.993844049247606,0.006109193069293256,0.004408086515503149,5.6168799595614216e-05,0.004408086515503149,0.5931788636537432,0.01786356624858059,densenet121,weighted_bce,ensemble,Pleural Effusion,T3_2017,analytic_weight,fixed_0.5,0.5
0.7,1706,730,0.8235294117647058,0.2807316035729477,15.0,0.008792497069167644,15.0,0.0,0.0,1.0,,0.9912075029308324,0.008675010064114032,0.0038440678130009873,0.0008609889452929793,0.0038440678130009873,0.6775083776857874,0.021208988066280264,densenet121,weighted_bce,ensemble,Pleural Effusion,T3_2017,analytic_weight,fixed_0.5,0.5
0.8,1949,487,0.788235294117647,0.1786473840918758,18.0,0.009235505387378143,18.0,0.0,0.0,1.0,,0.9907644946126218,0.009188126450758621,0.005239450563296768,0.002166352793383194,0.005239450563296768,0.6508717417572933,0.016370380951015687,densenet121,weighted_bce,ensemble,Pleural Effusion,T3_2017,analytic_weight,fixed_0.5,0.5
0.9,2193,243,0.611764705882353,0.08124202467035305,33.0,0.015047879616963064,33.0,0.0,0.0,1.0,,0.9849521203830369,0.01476739233030657,0.007890817648856453,0.004169796549745253,0.007890817648856453,0.7426767676767677,0.04105851370542188,densenet121,weighted_bce,ensemble,Pleural Effusion,T3_2017,analytic_weight,fixed_0.5,0.5
1.0,2436,0,0.0,0.0,85.0,0.03489326765188834,74.0,12.0,0.12941176470588237,0.9948957890259464,0.4782608695652174,0.9693327807708247,0.028410847524386853,0.012591100760088694,0.009720891499234293,0.012591100760088694,0.8622963945254836,0.31627124082080826,densenet121,weighted_bce,ensemble,Pleural Effusion,T3_2017,analytic_weight,fixed_0.5,0.5
0.5,1218,1218,,,,,8.07,,,,,,0.10783411929985003,,,,,,densenet121,weighted_bce,ensemble,Pleural Effusion,T3_2017,random_baseline,youden_validation,0.3235194799785614
0.6,1462,974,,,,,9.58,,,,,,0.10798499311146163,,,,,,densenet121,weighted_bce,ensemble,Pleural Effusion,T3_2017,random_baseline,youden_validation,0.3235194799785614
0.7,1706,730,,,,,11.31,,,,,,0.10811201124191719,,,,,,densenet121,weighted_bce,ensemble,Pleural Effusion,T3_2017,random_baseline,youden_validation,0.3235194799785614
0.8,1949,487,,,,,12.99,,,,,,0.10802051079252112,,,,,,densenet121,weighted_bce,ensemble,Pleural Effusion,T3_2017,random_baseline,youden_validation,0.3235194799785614
0.9,2193,243,,,,,14.49,,,,,,0.10802459835046216,,,,,,densenet121,weighted_bce,ensemble,Pleural Effusion,T3_2017,random_baseline,youden_validation,0.3235194799785614
1.0,2436,0,,,,,16.0,,,,,,0.10787237001541314,,,,,,densenet121,weighted_bce,ensemble,Pleural Effusion,T3_2017,random_baseline,youden_validation,0.3235194799785614
0.5,940,939,0.52,0.4991798797156916,24.0,0.02553191489361702,4.0,74.0,0.8333333333333334,0.9192139737991266,0.2127659574468085,0.9952718676122931,0.07238011849494584,0.15099118649742843,0.15099118649742838,0.15099118649742843,0.8572598253275108,0.3628418852661833,densenet121,weighted_bce,ensemble,Pneumonia,T1_2015,raw,youden_validation,0.4467060479607341
0.6,1128,751,0.42,0.3991252050300711,29.0,0.025709219858156027,5.0,102.0,0.8275862068965517,0.9071883530482256,0.19047619047619047,0.9950099800399201,0.08046487715477954,0.16917450806583828,0.16917450806583825,0.16917450806583828,0.8632612720027611,0.33503815403365705,densenet121,weighted_bce,ensemble,Pneumonia,T1_2015,raw,youden_validation,0.4467060479607341
0.7,1316,563,0.32,0.2990705303444505,34.0,0.025835866261398176,7.0,129.0,0.7941176470588235,0.8993759750390016,0.17307692307692307,0.9939655172413793,0.08660015971925583,0.18455878666349942,0.1845587866634994,0.18455878666349942,0.862576856015417,0.3082977471053885,densenet121,weighted_bce,ensemble,Pneumonia,T1_2015,raw,youden_validation,0.4467060479607341
0.8,1504,375,0.22,0.19901585565882995,39.0,0.025930851063829786,11.0,166.0,0.717948717948718,0.8866894197952219,0.14432989690721648,0.9916030534351145,0.09497935742027776,0.2016291466227525,0.2016291466227525,0.2016291466227525,0.8538899098626062,0.28208370054416804,densenet121,weighted_bce,ensemble,Pneumonia,T1_2015,raw,youden_validation,0.4467060479607341
0.9,1692,187,0.06,0.10060142154182614,47.0,0.027777777777777776,12.0,206.0,0.7446808510638298,0.8747720364741641,0.14522821576763487,0.9917298414886285,0.10246984178075524,0.21815543793324532,0.2181554379332453,0.21815543793324532,0.8456703097717131,0.2554238362003798,densenet121,weighted_bce,ensemble,Pneumonia,T1_2015,raw,youden_validation,0.4467060479607341
1.0,1879,0,0.0,0.0,50.0,0.026609898882384245,12.0,290.0,0.76,0.8414434117003827,0.11585365853658537,0.9922630560928434,0.11213256071791942,0.2388429522131672,0.23884295221316715,0.2388429522131672,0.8360962274466922,0.24405977365887713,densenet121,weighted_bce,ensemble,Pneumonia,T1_2015,raw,youden_validation,0.4467060479607341
0.5,940,939,0.56,0.4980863860032805,22.0,0.023404255319148935,4.0,53.0,0.8181818181818182,0.9422657952069716,0.2535211267605634,0.9953970080552359,0.058675874849204154,0.1377902032710589,0.13779020327105887,0.1377902032710589,0.8503664091899386,0.37340419150393855,densenet121,weighted_bce,ensemble,Pneumonia,T1_2015,raw,fixed_0.5,0.5
0.6,1128,751,0.5,0.3969382176052488,25.0,0.022163120567375887,5.0,72.0,0.8,0.9347234814143246,0.21739130434782608,0.9951737451737451,0.06604060829463082,0.15594904908963478,0.15594904908963475,0.15594904908963478,0.8523662737987308,0.3507971281667329,densenet121,weighted_bce,ensemble,Pneumonia,T1_2015,raw,fixed_0.5,0.5
0.7,1316,563,0.38,0.2974302897758338,31.0,0.023556231003039513,7.0,101.0,0.7741935483870968,0.9214007782101167,0.192,0.9941225860621327,0.07692807299723221,0.17581169844683847,0.17581169844683847,0.17581169844683847,0.857738169951048,0.3186964553543668,densenet121,weighted_bce,ensemble,Pneumonia,T1_2015,raw,fixed_0.5,0.5
0.8,1504,375,0.2,0.19956260251503555,40.0,0.026595744680851064,12.0,130.0,0.7,0.9112021857923497,0.17721518987341772,0.9910846953937593,0.08707658368533547,0.19246809198215092,0.19246809198215092,0.19246809198215092,0.8548668032786886,0.2794586269372207,densenet121,weighted_bce,ensemble,Pneumonia,T1_2015,raw,fixed_0.5,0.5
0.9,1692,187,0.16,0.09786768726079825,42.0,0.024822695035460994,12.0,174.0,0.7142857142857143,0.8945454545454545,0.14705882352941177,0.9919354838709677,0.09876512596742235,0.21669409114965674,0.2166940911496567,0.21669409114965674,0.8402453102453104,0.265470215046711,densenet121,weighted_bce,ensemble,Pneumonia,T1_2015,raw,fixed_0.5,0.5
1.0,1879,0,0.0,0.0,50.0,0.026609898882384245,15.0,240.0,0.7,0.8687807545106616,0.12727272727272726,0.9906483790523691,0.11213256071791942,0.2388429522131672,0.23884295221316715,0.2388429522131672,0.8360962274466922,0.24405977365887713,densenet121,weighted_bce,ensemble,Pneumonia,T1_2015,raw,fixed_0.5,0.5
0.5,940,939,0.62,0.49644614543466375,19.0,0.02021276595744681,4.0,54.0,0.7894736842105263,0.9413680781758957,0.21739130434782608,0.9954075774971297,0.05950835353182791,0.14092410598834948,0.14092410598834945,0.14092410598834948,0.8468483913366478,0.4424807295652004,densenet121,weighted_bce,ensemble,Pneumonia,T1_2015,temperature,youden_validation,0.49746888875961304
0.6,1128,751,0.48,0.39748496446145437,26.0,0.02304964539007092,6.0,65.0,0.7692307692307693,0.941016333938294,0.23529411764705882,0.9942473633748802,0.06276415659907839,0.15207411801870435,0.15207411801870432,0.15207411801870435,0.8643375680580762,0.38363375367568575,densenet121,weighted_bce,ensemble,Pneumonia,T1_2015,temperature,youden_validation,0.49746888875961304
0.7,1316,563,0.36,0.29797703663203934,32.0,0.0243161094224924,8.0,88.0,0.75,0.9314641744548287,0.21428571428571427,0.9933554817275747,0.07155492935573224,0.1696177471598812,0.16961774715988115,0.1696177471598812,0.86305003894081,0.3428986161524275,densenet121,weighted_bce,ensemble,Pneumonia,T1_2015,temperature,youden_validation,0.49746888875961304
0.8,1504,375,0.28,0.19737561509021323,36.0,0.023936170212765957,11.0,115.0,0.6944444444444444,0.9216621253405994,0.17857142857142858,0.9919354838709677,0.08110371611986089,0.18856431928380285,0.18856431928380282,0.18856431928380285,0.8525961247350894,0.3160161951886687,densenet121,weighted_bce,ensemble,Pneumonia,T1_2015,temperature,youden_validation,0.49746888875961304
0.9,1692,187,0.2,0.0967741935483871,40.0,0.02364066193853428,12.0,158.0,0.7,0.9043583535108959,0.15053763440860216,0.9920318725099602,0.09318005007362275,0.21155649887976918,0.21155649887976916,0.21155649887976918,0.840935230024213,0.2939336333988217,densenet121,weighted_bce,ensemble,Pneumonia,T1_2015,temperature,youden_validation,0.49746888875961304
1.0,1879,0,0.0,0.0,50.0,0.026609898882384245,15.0,218.0,0.7,0.8808091853471842,0.1383399209486166,0.9907749077490775,0.1068774031416548,0.23276968204848356,0.23276968204848356,0.23276968204848356,0.8381848004373975,0.26232130833867684,densenet121,weighted_bce,ensemble,Pneumonia,T1_2015,temperature,youden_validation,0.49746888875961304
0.5,940,939,0.62,0.49644614543466375,19.0,0.02021276595744681,4.0,53.0,0.7894736842105263,0.9424538545059717,0.22058823529411764,0.9954128440366973,0.05882526262704703,0.14024092724493586,0.14024092724493586,0.14024092724493586,0.8468483913366478,0.4424807295652004,densenet121,weighted_bce,ensemble,Pneumonia,T1_2015,temperature,fixed_0.5,0.5
0.6,1128,751,0.5,0.3969382176052488,25.0,0.022163120567375887,6.0,64.0,0.76,0.9419764279238441,0.2289156626506024,0.9942583732057416,0.06224911075321737,0.1519309485297021,0.1519309485297021,0.1519309485297021,0.8611786038077969,0.38864155632126857,densenet121,weighted_bce,ensemble,Pneumonia,T1_2015,temperature,fixed_0.5,0.5
0.7,1316,563,0.36,0.29797703663203934,32.0,0.0243161094224924,8.0,87.0,0.75,0.9322429906542056,0.21621621621621623,0.9933609958506224,0.07117786187268306,0.16924018693110754,0.16924018693110754,0.16924018693110754,0.86305003894081,0.3428986161524275,densenet121,weighted_bce,ensemble,Pneumonia,T1_2015,temperature,fixed_0.5,0.5
0.8,1504,375,0.28,0.19737561509021323,36.0,0.023936170212765957,11.0,115.0,0.6944444444444444,0.9216621253405994,0.17857142857142858,0.9919354838709677,0.08110371611986088,0.18856431928380285,0.18856431928380282,0.18856431928380285,0.8525961247350894,0.3160161951886687,densenet121,weighted_bce,ensemble,Pneumonia,T1_2015,temperature,fixed_0.5,0.5
0.9,1692,187,0.2,0.0967741935483871,40.0,0.02364066193853428,12.0,157.0,0.7,0.9049636803874092,0.15135135135135136,0.9920371599203716,0.09304410155201479,0.21142015994803848,0.21142015994803845,0.21142015994803848,0.840935230024213,0.2939336333988217,densenet121,weighted_bce,ensemble,Pneumonia,T1_2015,temperature,fixed_0.5,0.5
1.0,1879,0,0.0,0.0,50.0,0.026609898882384245,16.0,216.0,0.68,0.8819026790595954,0.136,0.9901780233271946,0.10687740314165478,0.23276968204848356,0.23276968204848356,0.23276968204848356,0.8381848004373975,0.26232130833867684,densenet121,weighted_bce,ensemble,Pneumonia,T1_2015,temperature,fixed_0.5,0.5
0.5,940,939,0.9,0.48879168944778567,5.0,0.005319148936170213,5.0,0.0,0.0,1.0,,0.9946808510638298,0.0053023955696482545,0.006333764994308247,0.0011863928855523108,0.006333764994308247,0.36705882352941177,0.0052202188205570646,densenet121,weighted_bce,ensemble,Pneumonia,T1_2015,offset,youden_validation,0.05205275739232699
0.6,1128,751,0.84,0.38764352104975397,8.0,0.0070921985815602835,8.0,0.0,0.0,1.0,,0.9929078014184397,0.007043638510274559,0.005545619487607975,0.002213048299602784,0.005545619487607975,0.5411830357142857,0.042127393618547115,densenet121,weighted_bce,ensemble,Pneumonia,T1_2015,offset,youden_validation,0.05205275739232699
0.7,1316,563,0.78,0.28649535265172227,11.0,0.008358662613981762,11.0,0.0,0.0,1.0,,0.9916413373860182,0.008284265787519798,0.0051955097067798665,0.0024603434013148184,0.0051955097067798665,0.5896900034831069,0.014854607038063752,densenet121,weighted_bce,ensemble,Pneumonia,T1_2015,offset,youden_validation,0.05205275739232699
0.8,1504,375,0.76,0.18425369054127938,12.0,0.007978723404255319,12.0,0.0,0.0,1.0,,0.9920212765957447,0.007934789572148977,0.00584317953743529,0.0005932046575784968,0.00584317953743529,0.5457439678284182,0.010026574834367618,densenet121,weighted_bce,ensemble,Pneumonia,T1_2015,offset,youden_validation,0.05205275739232699
0.9,1692,187,0.48,0.08911973756150902,26.0,0.015366430260047281,15.0,35.0,0.4230769230769231,0.9789915966386554,0.2391304347826087,0.9908869987849331,0.013215093006139864,0.007892628097357628,0.0043308952996564615,0.007892628097357628,0.7509234463015976,0.2980512231034151,densenet121,weighted_bce,ensemble,Pneumonia,T1_2015,offset,youden_validation,0.05205275739232699
1.0,1879,0,0.0,0.0,50.0,0.026609898882384245,15.0,179.0,0.7,0.9021323127392018,0.16355140186915887,0.990990990990991,0.022812824938182975,0.005843950745425925,0.0049284142700866986,0.005843950745425925,0.8293384363039912,0.26241228429415114,densenet121,weighted_bce,ensemble,Pneumonia,T1_2015,offset,youden_validation,0.05205275739232699
0.5,940,939,0.9,0.48879168944778567,5.0,0.005319148936170213,5.0,0.0,0.0,1.0,,0.9946808510638298,0.0053023955696482545,0.006333764994308247,0.0011863928855523108,0.006333764994308247,0.36705882352941177,0.0052202188205570646,densenet121,weighted_bce,ensemble,Pneumonia,T1_2015,offset,fixed_0.5,0.5
0.6,1128,751,0.84,0.38764352104975397,8.0,0.0070921985815602835,8.0,0.0,0.0,1.0,,0.9929078014184397,0.007043638510274559,0.005545619487607975,0.002213048299602784,0.005545619487607975,0.5411830357142857,0.042127393618547115,densenet121,weighted_bce,ensemble,Pneumonia,T1_2015,offset,fixed_0.5,0.5
0.7,1316,563,0.78,0.28649535265172227,11.0,0.008358662613981762,11.0,0.0,0.0,1.0,,0.9916413373860182,0.008284265787519798,0.0051955097067798665,0.0024603434013148184,0.0051955097067798665,0.5896900034831069,0.014854607038063752,densenet121,weighted_bce,ensemble,Pneumonia,T1_2015,offset,fixed_0.5,0.5
0.8,1504,375,0.76,0.18425369054127938,12.0,0.007978723404255319,12.0,0.0,0.0,1.0,,0.9920212765957447,0.007934789572148977,0.00584317953743529,0.0005932046575784968,0.00584317953743529,0.5457439678284182,0.010026574834367618,densenet121,weighted_bce,ensemble,Pneumonia,T1_2015,offset,fixed_0.5,0.5
0.9,1692,187,0.6,0.08583925642427556,20.0,0.01182033096926714,20.0,0.0,0.0,1.0,,0.9881796690307328,0.011528111691015525,0.004151861261211911,0.0012227038887006377,0.004151861261211911,0.6750598086124401,0.06453995670020399,densenet121,weighted_bce,ensemble,Pneumonia,T1_2015,offset,fixed_0.5,0.5
1.0,1879,0,0.0,0.0,50.0,0.026609898882384245,47.0,1.0,0.06,0.9994532531437944,0.75,0.9749333333333333,0.02281282493818297,0.005843950745425932,0.004928414270086697,0.005843950745425932,0.8293384363039912,0.26241228429415114,densenet121,weighted_bce,ensemble,Pneumonia,T1_2015,offset,fixed_0.5,0.5
0.5,940,939,0.88,0.48933843630399126,6.0,0.006382978723404255,6.0,0.0,0.0,1.0,,0.9936170212765958,0.006352743823796254,0.008592287822027355,0.0004968573798009059,0.008592287822027355,0.47144896502498207,0.010969282585911313,densenet121,weighted_bce,ensemble,Pneumonia,T1_2015,platt,youden_validation,0.05648200586438179
0.6,1128,751,0.86,0.3870967741935484,7.0,0.0062056737588652485,7.0,0.0,0.0,1.0,,0.9937943262411347,0.006186120263725229,0.007953348908684087,0.00178485110865805,0.007953348908684087,0.47215496368038734,0.008909730316208923,densenet121,weighted_bce,ensemble,Pneumonia,T1_2015,platt,youden_validation,0.05648200586438179
0.7,1316,563,0.76,0.2870420995079278,12.0,0.00911854103343465,12.0,0.0,0.0,1.0,,0.9908814589665653,0.009012060759735232,0.007555786211480413,0.00022798481725314242,0.007555786211480413,0.6253834355828221,0.02709897579449686,densenet121,weighted_bce,ensemble,Pneumonia,T1_2015,platt,youden_validation,0.05648200586438179
0.8,1504,375,0.74,0.18480043739748497,13.0,0.008643617021276596,13.0,0.0,0.0,1.0,,0.9913563829787234,0.008586607855733118,0.008982841948202546,0.002567381883003258,0.008982841948202546,0.5814373420007223,0.02116220899266515,densenet121,weighted_bce,ensemble,Pneumonia,T1_2015,platt,youden_validation,0.05648200586438179
0.9,1692,187,0.5,0.08857299070530344,25.0,0.014775413711583925,15.0,30.0,0.4,0.982003599280144,0.25,0.9909200968523002,0.01324923560477244,0.008085276199933348,0.005946220166014421,0.008085276199933348,0.7401799640071985,0.16971398045562588,densenet121,weighted_bce,ensemble,Pneumonia,T1_2015,platt,youden_validation,0.05648200586438179
1.0,1879,0,0.0,0.0,50.0,0.026609898882384245,15.0,176.0,0.7,0.9037725533078185,0.16587677725118483,0.9910071942446043,0.023506553309579948,0.010891587662537689,0.005001673196786347,0.010891587662537689,0.8277200656096226,0.1929132295526604,densenet121,weighted_bce,ensemble,Pneumonia,T1_2015,platt,youden_validation,0.05648200586438179
0.5,940,939,0.88,0.48933843630399126,6.0,0.006382978723404255,6.0,0.0,0.0,1.0,,0.9936170212765958,0.006352743823796254,0.008592287822027355,0.0004968573798009059,0.008592287822027355,0.47144896502498207,0.010969282585911313,densenet121,weighted_bce,ensemble,Pneumonia,T1_2015,platt,fixed_0.5,0.5
0.6,1128,751,0.86,0.3870967741935484,7.0,0.0062056737588652485,7.0,0.0,0.0,1.0,,0.9937943262411347,0.006186120263725229,0.007953348908684087,0.00178485110865805,0.007953348908684087,0.47215496368038734,0.008909730316208923,densenet121,weighted_bce,ensemble,Pneumonia,T1_2015,platt,fixed_0.5,0.5
0.7,1316,563,0.76,0.2870420995079278,12.0,0.00911854103343465,12.0,0.0,0.0,1.0,,0.9908814589665653,0.009012060759735232,0.007555786211480413,0.00022798481725314242,0.007555786211480413,0.6253834355828221,0.02709897579449686,densenet121,weighted_bce,ensemble,Pneumonia,T1_2015,platt,fixed_0.5,0.5
0.8,1504,375,0.74,0.18480043739748497,13.0,0.008643617021276596,13.0,0.0,0.0,1.0,,0.9913563829787234,0.008586607855733118,0.008982841948202546,0.002567381883003258,0.008982841948202546,0.5814373420007223,0.02116220899266515,densenet121,weighted_bce,ensemble,Pneumonia,T1_2015,platt,fixed_0.5,0.5
0.9,1692,187,0.6,0.08583925642427556,20.0,0.01182033096926714,20.0,0.0,0.0,1.0,,0.9881796690307328,0.011554297116722212,0.007113959414149095,0.0027825502432928736,0.007113959414149095,0.67502990430622,0.07853296962282183,densenet121,weighted_bce,ensemble,Pneumonia,T1_2015,platt,fixed_0.5,0.5
1.0,1879,0,0.0,0.0,50.0,0.026609898882384245,50.0,0.0,0.0,1.0,,0.9733901011176157,0.02350655330957994,0.010891587662537686,0.005001673196786345,0.010891587662537686,0.8277200656096226,0.1929132295526604,densenet121,weighted_bce,ensemble,Pneumonia,T1_2015,platt,fixed_0.5,0.5
0.5,940,939,0.9,0.48879168944778567,5.0,0.005319148936170213,5.0,0.0,0.0,1.0,,0.9946808510638298,0.005303366369410557,0.0055809433742901905,0.0028273187865047377,0.0055809433742901905,0.40106951871657753,0.007035026556026619,densenet121,weighted_bce,ensemble,Pneumonia,T1_2015,analytic_weight,youden_validation,0.03433918207883835
0.6,1128,751,0.84,0.38764352104975397,8.0,0.0070921985815602835,8.0,0.0,0.0,1.0,,0.9929078014184397,0.007050215329336274,0.006996507486221149,0.004033943629949122,0.006996507486221149,0.5748883928571429,0.03004849818155794,densenet121,weighted_bce,ensemble,Pneumonia,T1_2015,analytic_weight,youden_validation,0.03433918207883835
0.7,1316,563,0.78,0.28649535265172227,11.0,0.008358662613981762,11.0,0.0,0.0,1.0,,0.9916413373860182,0.008297295292816772,0.007169125391641705,0.0045622167096821455,0.007169125391641705,0.6066875653082551,0.015385320879456304,densenet121,weighted_bce,ensemble,Pneumonia,T1_2015,analytic_weight,youden_validation,0.03433918207883835
0.8,1504,375,0.74,0.18480043739748497,13.0,0.008643617021276596,13.0,0.0,0.0,1.0,,0.9913563829787234,0.008575550704726091,0.006251098564191241,0.0037011318899532585,0.006251098564191241,0.5950575246349894,0.014934339437166766,densenet121,weighted_bce,ensemble,Pneumonia,T1_2015,analytic_weight,youden_validation,0.03433918207883835
0.9,1692,187,0.38,0.09185347184253691,31.0,0.018321513002364065,15.0,50.0,0.5161290322580645,0.9698976520168573,0.24242424242424243,0.9907749077490775,0.015113288969637583,0.0047949945287730535,0.005672282294918459,0.0047949945287730535,0.7958672389349595,0.3187069368614481,densenet121,weighted_bce,ensemble,Pneumonia,T1_2015,analytic_weight,youden_validation,0.03433918207883835
1.0,1879,0,0.0,0.0,50.0,0.026609898882384245,15.0,204.0,0.7,0.8884636413340623,0.14644351464435146,0.9908536585365854,0.022627271098260033,0.0068506786365313795,0.00780371344584363,0.0068506786365313795,0.8341060688901037,0.2757786872306715,densenet121,weighted_bce,ensemble,Pneumonia,T1_2015,analytic_weight,youden_validation,0.03433918207883835
0.5,940,939,0.9,0.48879168944778567,5.0,0.005319148936170213,5.0,0.0,0.0,1.0,,0.9946808510638298,0.005303366369410557,0.005580943397573255,0.0028273187865047377,0.005580943397573255,0.40106951871657753,0.007035026556026619,densenet121,weighted_bce,ensemble,Pneumonia,T1_2015,analytic_weight,fixed_0.5,0.5
0.6,1128,751,0.84,0.38764352104975397,8.0,0.0070921985815602835,8.0,0.0,0.0,1.0,,0.9929078014184397,0.007050215329336274,0.006996507486221149,0.004033943629949122,0.006996507486221149,0.5748883928571429,0.03004849818155794,densenet121,weighted_bce,ensemble,Pneumonia,T1_2015,analytic_weight,fixed_0.5,0.5
0.7,1316,563,0.78,0.28649535265172227,11.0,0.008358662613981762,11.0,0.0,0.0,1.0,,0.9916413373860182,0.008297295292816772,0.007169125391641705,0.0045622167096821455,0.007169125391641705,0.6066875653082551,0.015385320879456304,densenet121,weighted_bce,ensemble,Pneumonia,T1_2015,analytic_weight,fixed_0.5,0.5
0.8,1504,375,0.74,0.18480043739748497,13.0,0.008643617021276596,13.0,0.0,0.0,1.0,,0.9913563829787234,0.008575550704726091,0.006251098564191241,0.0037011318899532585,0.006251098564191241,0.5950575246349894,0.014934339437166766,densenet121,weighted_bce,ensemble,Pneumonia,T1_2015,analytic_weight,fixed_0.5,0.5
0.9,1692,187,0.6,0.08583925642427556,20.0,0.01182033096926714,20.0,0.0,0.0,1.0,,0.9881796690307328,0.011551394060845637,0.00583426008467732,0.004250974147789726,0.00583426008467732,0.6851674641148325,0.05863185795803968,densenet121,weighted_bce,ensemble,Pneumonia,T1_2015,analytic_weight,fixed_0.5,0.5
1.0,1879,0,0.0,0.0,50.0,0.026609898882384245,50.0,0.0,0.0,1.0,,0.9733901011176157,0.02262727109826003,0.006850680127440535,0.00780371344584363,0.006850680127440535,0.8341060688901037,0.2757786872306715,densenet121,weighted_bce,ensemble,Pneumonia,T1_2015,analytic_weight,fixed_0.5,0.5
0.5,940,939,,,,,6.19,,,,,,0.11239908045939853,,,,,,densenet121,weighted_bce,ensemble,Pneumonia,T1_2015,random_baseline,youden_validation,0.4467060479607341
0.6,1128,751,,,,,7.31,,,,,,0.11280067623751455,,,,,,densenet121,weighted_bce,ensemble,Pneumonia,T1_2015,random_baseline,youden_validation,0.4467060479607341
0.7,1316,563,,,,,8.4,,,,,,0.11176447648665679,,,,,,densenet121,weighted_bce,ensemble,Pneumonia,T1_2015,random_baseline,youden_validation,0.4467060479607341
0.8,1504,375,,,,,9.62,,,,,,0.11235313131528574,,,,,,densenet121,weighted_bce,ensemble,Pneumonia,T1_2015,random_baseline,youden_validation,0.4467060479607341
0.9,1692,187,,,,,10.8,,,,,,0.11223178799814974,,,,,,densenet121,weighted_bce,ensemble,Pneumonia,T1_2015,random_baseline,youden_validation,0.4467060479607341
1.0,1879,0,,,,,12.0,,,,,,0.11213256071791938,,,,,,densenet121,weighted_bce,ensemble,Pneumonia,T1_2015,random_baseline,youden_validation,0.4467060479607341
0.5,1994,1993,0.6075949367088608,0.4976970317297851,31.0,0.015546639919759278,4.0,149.0,0.8709677419354839,0.9240957717778909,0.1534090909090909,0.9977997799779978,0.06800781860852931,0.1518562449008774,0.1518562449008774,0.1518562449008774,0.9251310535224229,0.13600737487679318,densenet121,weighted_bce,ensemble,Pneumonia,T2_2016,raw,youden_validation,0.4467060479607341
0.6,2393,1594,0.5063291139240507,0.3976458546571136,39.0,0.0162975344755537,5.0,201.0,0.8717948717948718,0.9146134239592183,0.14468085106382977,0.9976830398517146,0.07495854725714553,0.1689783475400945,0.1689783475400945,0.1689783475400945,0.9159858832756029,0.13480101881874745,densenet121,weighted_bce,ensemble,Pneumonia,T2_2016,raw,youden_validation,0.4467060479607341
0.7,2791,1196,0.3924050632911392,0.2981064483111566,48.0,0.017198136868505912,6.0,271.0,0.875,0.9012030623405031,0.134185303514377,0.9975786924939467,0.08359581438600577,0.18791992841121968,0.1879199284112197,0.18791992841121968,0.9092006926722567,0.13355931182392516,densenet121,weighted_bce,ensemble,Pneumonia,T2_2016,raw,youden_validation,0.4467060479607341
0.8,3190,797,0.21518987341772153,0.19959058341862845,62.0,0.019435736677115987,9.0,343.0,0.8548387096774194,0.8903452685421995,0.13383838383838384,0.9967788117394416,0.09115867624309053,0.2042666384995689,0.2042666384995689,0.2042666384995689,0.9025451695404669,0.13259502783979957,densenet121,weighted_bce,ensemble,Pneumonia,T2_2016,raw,youden_validation,0.4467060479607341
0.9,3589,398,0.11392405063291139,0.09953940634595701,70.0,0.019504040122596825,12.0,449.0,0.8285714285714286,0.8724069337880079,0.11439842209072978,0.9961064243997404,0.10059128631511689,0.22410663505042494,0.224106635050425,0.22410663505042494,0.8928875898185361,0.1274980854297779,densenet121,weighted_bce,ensemble,Pneumonia,T2_2016,raw,youden_validation,0.4467060479607341
1.0,3987,0,0.0,0.0,79.0,0.01981439678956609,17.0,649.0,0.7848101265822784,0.8339303991811668,0.08720112517580872,0.9948107448107448,0.11119890933589646,0.24434774742675297,0.24434774742675294,0.24434774742675297,0.8804270370418357,0.12158933051188298,densenet121,weighted_bce,ensemble,Pneumonia,T2_2016,raw,youden_validation,0.4467060479607341
0.5,1994,1993,0.7088607594936709,0.49564994882292734,23.0,0.011534603811434303,4.0,108.0,0.8260869565217391,0.9452054794520548,0.14960629921259844,0.9978575254418853,0.05526760624939325,0.1403269996897395,0.1403269996897395,0.1403269996897395,0.9201905896366884,0.12360611797067694,densenet121,weighted_bce,ensemble,Pneumonia,T2_2016,raw,fixed_0.5,0.5
0.6,2393,1594,0.5949367088607594,0.3958546571136131,32.0,0.013372335979941497,5.0,155.0,0.84375,0.9343498517577298,0.14835164835164835,0.9977385798281321,0.06457786762363035,0.1596688654299931,0.1596688654299931,0.1596688654299931,0.9134768106734434,0.12957611059744434,densenet121,weighted_bce,ensemble,Pneumonia,T2_2016,raw,fixed_0.5,0.5
0.7,2791,1196,0.4936708860759494,0.2960593654042989,40.0,0.014331780723754926,6.0,204.0,0.85,0.925845147219193,0.14285714285714285,0.9976498237367802,0.07282978663024336,0.1784370349548956,0.17843703495489563,0.1784370349548956,0.9083515085423481,0.13126893203566742,densenet121,weighted_bce,ensemble,Pneumonia,T2_2016,raw,fixed_0.5,0.5
0.8,3190,797,0.2911392405063291,0.19805527123848515,56.0,0.01755485893416928,11.0,278.0,0.8035714285714286,0.9112954690491385,0.1393188854489164,0.9961632368329264,0.08452517982255398,0.19822259441010603,0.19822259441010603,0.19822259441010603,0.9028113319354545,0.13092046089411866,densenet121,weighted_bce,ensemble,Pneumonia,T2_2016,raw,fixed_0.5,0.5
0.9,3589,398,0.1518987341772152,0.09877175025588536,67.0,0.018668152688771245,14.0,369.0,0.7910447761194029,0.8952299829642248,0.12559241706161137,0.9955794126934007,0.09667473436893648,0.22050933581280252,0.22050933581280252,0.22050933581280252,0.8930263503606329,0.12705255579403468,densenet121,weighted_bce,ensemble,Pneumonia,T2_2016,raw,fixed_0.5,0.5
1.0,3987,0,0.0,0.0,79.0,0.01981439678956609,19.0,527.0,0.759493670886076,0.8651484135107472,0.10221465076660988,0.9944117647058823,0.11119890933589646,0.24434774742675297,0.24434774742675294,0.24434774742675297,0.8804270370418357,0.12158933051188298,densenet121,weighted_bce,ensemble,Pneumonia,T2_2016,raw,fixed_0.5,0.5
0.5,1994,1993,0.7468354430379747,0.49488229273285567,20.0,0.010030090270812437,4.0,101.0,0.8,0.9488348530901722,0.13675213675213677,0.9978689397975493,0.05293896287789327,0.1394474941101243,0.13944750228371758,0.1394474941101243,0.914209726443769,0.13132670060291995,densenet121,weighted_bce,ensemble,Pneumonia,T2_2016,temperature,youden_validation,0.49746888875961304
0.6,2393,1594,0.5949367088607594,0.3958546571136131,32.0,0.013372335979941497,5.0,136.0,0.84375,0.9423972892842016,0.1656441717791411,0.9977578475336323,0.05956999835743034,0.1553850565097893,0.15538507078513908,0.1553850565097893,0.9142842016094875,0.13945771715201996,densenet121,weighted_bce,ensemble,Pneumonia,T2_2016,temperature,youden_validation,0.49746888875961304
0.7,2791,1196,0.5443037974683544,0.29503582395087,36.0,0.012898602651379433,6.0,191.0,0.8333333333333334,0.9306715063520871,0.13574660633484162,0.9976653696498055,0.06949883999705742,0.1761876713632683,0.17618768360293582,0.1761876713632683,0.9073603549102642,0.13733910564094448,densenet121,weighted_bce,ensemble,Pneumonia,T2_2016,temperature,youden_validation,0.49746888875961304
0.8,3190,797,0.4050632911392405,0.1957523029682702,47.0,0.014733542319749215,11.0,243.0,0.7659574468085106,0.922685332484887,0.12903225806451613,0.9962212298179319,0.07843237766437396,0.19376469321525586,0.19376469032144097,0.19376469321525586,0.8985993866816498,0.1302726441877823,densenet121,weighted_bce,ensemble,Pneumonia,T2_2016,temperature,youden_validation,0.49746888875961304
0.9,3589,398,0.1518987341772152,0.09877175025588536,67.0,0.018668152688771245,16.0,333.0,0.7611940298507462,0.9054514480408858,0.1328125,0.9950078003120125,0.09115258085446873,0.21418738858315,0.21418738617608726,0.21418738858315,0.8913439616228906,0.1282132472026912,densenet121,weighted_bce,ensemble,Pneumonia,T2_2016,temperature,youden_validation,0.49746888875961304
1.0,3987,0,0.0,0.0,79.0,0.01981439678956609,23.0,479.0,0.7088607594936709,0.8774309109518935,0.10467289719626169,0.9933371958285052,0.10568487388556311,0.2380483594629843,0.23804835656366763,0.2380483594629843,0.8782180013733593,0.12180349122856811,densenet121,weighted_bce,ensemble,Pneumonia,T2_2016,temperature,youden_validation,0.49746888875961304
0.5,1994,1993,0.7468354430379747,0.49488229273285567,20.0,0.010030090270812437,4.0,100.0,0.8,0.9493414387031408,0.13793103448275862,0.9978700745473909,0.052617544862265754,0.1391259040347223,0.13912591073613467,0.1391259040347223,0.914209726443769,0.13132670060291995,densenet121,weighted_bce,ensemble,Pneumonia,T2_2016,temperature,fixed_0.5,0.5
0.6,2393,1594,0.6075949367088608,0.3955987717502559,31.0,0.012954450480568324,5.0,135.0,0.8387096774193549,0.9428450465707028,0.16149068322981366,0.9977598566308243,0.05933158343616228,0.15532548713462402,0.15532550198285588,0.15532548713462402,0.9133320586708912,0.13834033288397693,densenet121,weighted_bce,ensemble,Pneumonia,T2_2016,temperature,fixed_0.5,0.5
0.7,2791,1196,0.5443037974683544,0.29503582395087,36.0,0.012898602651379433,6.0,187.0,0.8333333333333334,0.9321234119782215,0.1382488479262673,0.9976689976689976,0.06880171470272702,0.17548975442706022,0.1754897671312211,0.17548975442706022,0.9073603549102642,0.13733910564094448,densenet121,weighted_bce,ensemble,Pneumonia,T2_2016,temperature,fixed_0.5,0.5
0.8,3190,797,0.4050632911392405,0.1957523029682702,47.0,0.014733542319749215,11.0,241.0,0.7659574468085106,0.9233216671969456,0.1299638989169675,0.9962238242361826,0.07819884548825998,0.1935306734589387,0.19353067103224486,0.1935306734589387,0.8985993866816498,0.1302726441877823,densenet121,weighted_bce,ensemble,Pneumonia,T2_2016,temperature,fixed_0.5,0.5
0.9,3589,398,0.1518987341772152,0.09877175025588536,67.0,0.018668152688771245,16.0,331.0,0.7611940298507462,0.9060193072118115,0.13350785340314136,0.9950109136264421,0.09103693249227264,0.21407140139879605,0.21407140438920044,0.21407140139879605,0.8913439616228906,0.1282132472026912,densenet121,weighted_bce,ensemble,Pneumonia,T2_2016,temperature,fixed_0.5,0.5
1.0,3987,0,0.0,0.0,79.0,0.01981439678956609,23.0,474.0,0.7088607594936709,0.8787103377686797,0.10566037735849057,0.9933468325137402,0.10568487388556311,0.2380483594629843,0.23804835656366763,0.2380483594629843,0.8782180013733593,0.12180349122856811,densenet121,weighted_bce,ensemble,Pneumonia,T2_2016,temperature,fixed_0.5,0.5
0.5,1994,1993,0.9493670886075949,0.4907881269191402,4.0,0.0020060180541624875,4.0,0.0,0.0,1.0,,0.9979939819458375,0.0020061676020284316,0.002587174296256719,0.002196287285114303,0.002587174296256719,0.6646984924623116,0.0038662666040598826,densenet121,weighted_bce,ensemble,Pneumonia,T2_2016,offset,youden_validation,0.05205275739232699
0.6,2393,1594,0.9367088607594937,0.3889457523029683,5.0,0.002089427496865859,5.0,0.0,0.0,1.0,,0.9979105725031342,0.0020950606415015317,0.0029742637914019713,0.0028696216721083023,0.0029742637914019713,0.6270519262981574,0.0036399619045895297,densenet121,weighted_bce,ensemble,Pneumonia,T2_2016,offset,youden_validation,0.05205275739232699
0.7,2791,1196,0.8734177215189873,0.2883828045035824,10.0,0.0035829451809387316,10.0,0.0,0.0,1.0,,0.9964170548190613,0.003566049473000137,0.0027111734541227146,0.0024053113592107187,0.0027111734541227146,0.7318950017979144,0.01067525709230422,densenet121,weighted_bce,ensemble,Pneumonia,T2_2016,offset,youden_validation,0.05205275739232699
0.8,3190,797,0.810126582278481,0.1875639713408393,15.0,0.004702194357366771,15.0,1.0,0.0,0.9996850393700787,0.0,0.9952963311382879,0.004795329915726937,0.00304157117280969,0.003041571229521104,0.00304157117280969,0.7476955380577428,0.021680078521495727,densenet121,weighted_bce,ensemble,Pneumonia,T2_2016,offset,youden_validation,0.05205275739232699
0.9,3589,398,0.5569620253164557,0.09058341862845445,35.0,0.009752020061298413,22.0,82.0,0.37142857142857144,0.9769274057400112,0.1368421052631579,0.9937034917000572,0.009901763229539198,0.007676429582648674,0.007506741624970097,0.007676429582648674,0.8401318433957713,0.10576988549649022,densenet121,weighted_bce,ensemble,Pneumonia,T2_2016,offset,youden_validation,0.05205275739232699
1.0,3987,0,0.0,0.0,79.0,0.01981439678956609,26.0,382.0,0.6708860759493671,0.9022517911975435,0.12183908045977011,0.9926801801801802,0.01853816507089383,0.00553159675625596,0.0067317642113612,0.00553159675625596,0.880193825065105,0.13591024007485117,densenet121,weighted_bce,ensemble,Pneumonia,T2_2016,offset,youden_validation,0.05205275739232699
0.5,1994,1993,0.9493670886075949,0.4907881269191402,4.0,0.0020060180541624875,4.0,0.0,0.0,1.0,,0.9979939819458375,0.0020061676020284316,0.0025871741800749287,0.002196287285114303,0.0025871741800749287,0.6646984924623116,0.0038662666040598826,densenet121,weighted_bce,ensemble,Pneumonia,T2_2016,offset,fixed_0.5,0.5
0.6,2393,1594,0.9367088607594937,0.3889457523029683,5.0,0.002089427496865859,5.0,0.0,0.0,1.0,,0.9979105725031342,0.0020950606415015317,0.0029742637914019713,0.0028696216721083023,0.0029742637914019713,0.6270519262981574,0.0036399619045895297,densenet121,weighted_bce,ensemble,Pneumonia,T2_2016,offset,fixed_0.5,0.5
0.7,2791,1196,0.8734177215189873,0.2883828045035824,10.0,0.0035829451809387316,10.0,0.0,0.0,1.0,,0.9964170548190613,0.003566049473000137,0.0027111734541227146,0.0024053113592107187,0.0027111734541227146,0.7318950017979144,0.01067525709230422,densenet121,weighted_bce,ensemble,Pneumonia,T2_2016,offset,fixed_0.5,0.5
0.8,3190,797,0.810126582278481,0.1875639713408393,15.0,0.004702194357366771,15.0,0.0,0.0,1.0,,0.9952978056426333,0.004667400721592823,0.0028485739640132486,0.0028485741968438914,0.0028485739640132486,0.7476955380577428,0.021680078521495727,densenet121,weighted_bce,ensemble,Pneumonia,T2_2016,offset,fixed_0.5,0.5
0.9,3589,398,0.6455696202531646,0.08879222108495394,28.0,0.00780161604903873,28.0,0.0,0.0,1.0,,0.9921983839509613,0.007639773102075576,0.0031263318030756845,0.0029566432846314097,0.0031263318030756845,0.8003771011353151,0.037004835890607914,densenet121,weighted_bce,ensemble,Pneumonia,T2_2016,offset,fixed_0.5,0.5
1.0,3987,0,0.0,0.0,79.0,0.01981439678956609,78.0,4.0,0.012658227848101266,0.9989764585465711,0.2,0.9804118533400301,0.01853816507089383,0.00553159817759156,0.006731763575996916,0.00553159817759156,0.880193825065105,0.13591024007485117,densenet121,weighted_bce,ensemble,Pneumonia,T2_2016,offset,fixed_0.5,0.5
0.5,1994,1993,0.9493670886075949,0.4907881269191402,4.0,0.0020060180541624875,4.0,0.0,0.0,1.0,,0.9979939819458375,0.0020278749032159988,0.004907220934350473,0.00490722061651446,0.004907220934350473,0.6479899497487437,0.0035729511458232827,densenet121,weighted_bce,ensemble,Pneumonia,T2_2016,platt,youden_validation,0.05648200586438179
0.6,2393,1594,0.9367088607594937,0.3889457523029683,5.0,0.002089427496865859,5.0,0.0,0.0,1.0,,0.9979105725031342,0.002128321914674434,0.005929319419759153,0.005929319475218187,0.005929319419759153,0.6001675041876047,0.003053506357321426,densenet121,weighted_bce,ensemble,Pneumonia,T2_2016,platt,youden_validation,0.05648200586438179
0.7,2791,1196,0.8734177215189873,0.2883828045035824,10.0,0.0035829451809387316,10.0,0.0,0.0,1.0,,0.9964170548190613,0.003596360786867764,0.005808999238049246,0.005808999674512852,0.005808999238049246,0.7292700467457749,0.01227530204695261,densenet121,weighted_bce,ensemble,Pneumonia,T2_2016,platt,youden_validation,0.05648200586438179
0.8,3190,797,0.810126582278481,0.1875639713408393,15.0,0.004702194357366771,15.0,0.0,0.0,1.0,,0.9952978056426333,0.004706795027282398,0.006601670527754814,0.0066016709934161,0.006601670527754814,0.7473175853018373,0.023145394493548854,densenet121,weighted_bce,ensemble,Pneumonia,T2_2016,platt,youden_validation,0.05648200586438179
0.9,3589,398,0.5569620253164557,0.09058341862845445,35.0,0.009752020061298413,22.0,73.0,0.37142857142857144,0.9794597636465954,0.1511627906976744,0.993719668855267,0.009393375492218076,0.00894458573870776,0.008944586039785223,0.00894458573870776,0.8395771364257577,0.09241224230347972,densenet121,weighted_bce,ensemble,Pneumonia,T2_2016,platt,youden_validation,0.05648200586438179
1.0,3987,0,0.0,0.0,79.0,0.01981439678956609,26.0,380.0,0.6708860759493671,0.9027635619242579,0.12240184757505773,0.9926842993809791,0.01824990417800361,0.0066807903182382845,0.007993187882419156,0.0066807903182382845,0.8788593343093686,0.12700972314646966,densenet121,weighted_bce,ensemble,Pneumonia,T2_2016,platt,youden_validation,0.05648200586438179
0.5,1994,1993,0.9493670886075949,0.4907881269191402,4.0,0.0020060180541624875,4.0,0.0,0.0,1.0,,0.9979939819458375,0.0020278749032159988,0.004907220934350473,0.00490722061651446,0.004907220934350473,0.6479899497487437,0.0035729511458232827,densenet121,weighted_bce,ensemble,Pneumonia,T2_2016,platt,fixed_0.5,0.5
0.6,2393,1594,0.9367088607594937,0.3889457523029683,5.0,0.002089427496865859,5.0,0.0,0.0,1.0,,0.9979105725031342,0.002128321914674434,0.005929319419759153,0.005929319475218187,0.005929319419759153,0.6001675041876047,0.003053506357321426,densenet121,weighted_bce,ensemble,Pneumonia,T2_2016,platt,fixed_0.5,0.5
0.7,2791,1196,0.8734177215189873,0.2883828045035824,10.0,0.0035829451809387316,10.0,0.0,0.0,1.0,,0.9964170548190613,0.003596360786867764,0.005808999238049246,0.005808999674512852,0.005808999238049246,0.7292700467457749,0.01227530204695261,densenet121,weighted_bce,ensemble,Pneumonia,T2_2016,platt,fixed_0.5,0.5
0.8,3190,797,0.810126582278481,0.1875639713408393,15.0,0.004702194357366771,15.0,0.0,0.0,1.0,,0.9952978056426333,0.004706795027282398,0.006601670527754814,0.0066016709934161,0.006601670527754814,0.7473175853018373,0.023145394493548854,densenet121,weighted_bce,ensemble,Pneumonia,T2_2016,platt,fixed_0.5,0.5
0.9,3589,398,0.6455696202531646,0.08879222108495394,28.0,0.00780161604903873,28.0,0.0,0.0,1.0,,0.9921983839509613,0.007686695292116321,0.006947357450357845,0.006947357722891011,0.006947357450357845,0.799845549003089,0.03548623506210662,densenet121,weighted_bce,ensemble,Pneumonia,T2_2016,platt,fixed_0.5,0.5
1.0,3987,0,0.0,0.0,79.0,0.01981439678956609,79.0,0.0,0.0,1.0,,0.9801856032104339,0.018249904178003613,0.0066807903182382845,0.007993187882419156,0.0066807903182382845,0.8788593343093686,0.12700972314646966,densenet121,weighted_bce,ensemble,Pneumonia,T2_2016,platt,fixed_0.5,0.5
0.5,1994,1993,0.9367088607594937,0.49104401228249744,5.0,0.0025075225677031092,5.0,0.0,0.0,1.0,,0.9974924774322969,0.0024971922735818725,0.002384445500053809,3.842413943884893e-05,0.002384445500053809,0.7540472599296129,0.07279979065485608,densenet121,weighted_bce,ensemble,Pneumonia,T2_2016,analytic_weight,youden_validation,0.03433918207883835
0.6,2393,1594,0.9240506329113924,0.3892016376663255,6.0,0.0025073129962390303,6.0,0.0,0.0,1.0,,0.9974926870037609,0.0024988842998702617,0.0021427389796873078,0.0005285466742509961,0.0021427389796873078,0.6886608015640274,0.010914605018569265,densenet121,weighted_bce,ensemble,Pneumonia,T2_2016,analytic_weight,youden_validation,0.03433918207883835
0.7,2791,1196,0.8734177215189873,0.2883828045035824,10.0,0.0035829451809387316,10.0,0.0,0.0,1.0,,0.9964170548190613,0.0035620251016510326,0.0022443773603101503,0.000201824033751,0.0022443773603101503,0.7256382596188422,0.00936906651644823,densenet121,weighted_bce,ensemble,Pneumonia,T2_2016,analytic_weight,youden_validation,0.03433918207883835
0.8,3190,797,0.7848101265822784,0.18807574206755373,17.0,0.005329153605015674,17.0,1.0,0.0,0.9996848408446265,0.0,0.9946691752900596,0.005370720262537953,0.0019074705668409768,0.0005613955045790415,0.0019074705668409768,0.7724550898203593,0.023866308361153228,densenet121,weighted_bce,ensemble,Pneumonia,T2_2016,analytic_weight,youden_validation,0.03433918207883835
0.9,3589,398,0.4430379746835443,0.09288638689866939,44.0,0.012259682362775146,21.0,125.0,0.5227272727272727,0.9647390691114246,0.1554054054054054,0.993897122929381,0.011442822837221296,0.004061826896472548,0.0021858555023441927,0.004061826896472548,0.8654827541992564,0.12894234730197499,densenet121,weighted_bce,ensemble,Pneumonia,T2_2016,analytic_weight,youden_validation,0.03433918207883835
1.0,3987,0,0.0,0.0,79.0,0.01981439678956609,21.0,458.0,0.7341772151898734,0.882804503582395,0.1124031007751938,0.9939498703543648,0.018230824374456323,0.003645666239610077,0.0034765324186031934,0.003645666239610077,0.8786423176087998,0.13805739147517718,densenet121,weighted_bce,ensemble,Pneumonia,T2_2016,analytic_weight,youden_validation,0.03433918207883835
0.5,1994,1993,0.9367088607594937,0.49104401228249744,5.0,0.0025075225677031092,5.0,0.0,0.0,1.0,,0.9974924774322969,0.0024971922735818725,0.002384445500053809,3.842413943884893e-05,0.002384445500053809,0.7540472599296129,0.07279979065485608,densenet121,weighted_bce,ensemble,Pneumonia,T2_2016,analytic_weight,fixed_0.5,0.5
0.6,2393,1594,0.9240506329113924,0.3892016376663255,6.0,0.0025073129962390303,6.0,0.0,0.0,1.0,,0.9974926870037609,0.0024988842998702617,0.0021427390261950586,0.0005285466742509961,0.0021427390261950586,0.6886608015640274,0.010914605018569265,densenet121,weighted_bce,ensemble,Pneumonia,T2_2016,analytic_weight,fixed_0.5,0.5
0.7,2791,1196,0.8734177215189873,0.2883828045035824,10.0,0.0035829451809387316,10.0,0.0,0.0,1.0,,0.9964170548190613,0.0035620251016510326,0.0022443773603101503,0.000201824033751,0.0022443773603101503,0.7256382596188422,0.00936906651644823,densenet121,weighted_bce,ensemble,Pneumonia,T2_2016,analytic_weight,fixed_0.5,0.5
0.8,3190,797,0.7848101265822784,0.18807574206755373,17.0,0.005329153605015674,17.0,0.0,0.0,1.0,,0.9946708463949844,0.005268389751947148,0.0020810261142124834,0.0003765640894190462,0.0020810261142124834,0.7724550898203593,0.023866308361153228,densenet121,weighted_bce,ensemble,Pneumonia,T2_2016,analytic_weight,fixed_0.5,0.5
0.9,3589,398,0.6708860759493671,0.0882804503582395,26.0,0.007244357759821678,26.0,0.0,0.0,1.0,,0.9927556422401783,0.007134494259480988,0.0022699285474263066,0.00039395651338670207,0.0022699285474263066,0.7800578596256396,0.024033509261078383,densenet121,weighted_bce,ensemble,Pneumonia,T2_2016,analytic_weight,fixed_0.5,0.5
1.0,3987,0,0.0,0.0,79.0,0.01981439678956609,79.0,1.0,0.0,0.9997441146366428,0.0,0.9801806322127447,0.018230824374456327,0.003645665866800739,0.0034765324186031934,0.003645665866800739,0.8786423176087998,0.13805739147517718,densenet121,weighted_bce,ensemble,Pneumonia,T2_2016,analytic_weight,fixed_0.5,0.5
0.5,1994,1993,,,,,8.21,,,,,,0.11148054483983566,,,,,,densenet121,weighted_bce,ensemble,Pneumonia,T2_2016,random_baseline,youden_validation,0.4467060479607341
0.6,2393,1594,,,,,10.13,,,,,,0.11132553655627513,,,,,,densenet121,weighted_bce,ensemble,Pneumonia,T2_2016,random_baseline,youden_validation,0.4467060479607341
0.7,2791,1196,,,,,11.77,,,,,,0.11126892027664408,,,,,,densenet121,weighted_bce,ensemble,Pneumonia,T2_2016,random_baseline,youden_validation,0.4467060479607341
0.8,3190,797,,,,,13.51,,,,,,0.11107742617794422,,,,,,densenet121,weighted_bce,ensemble,Pneumonia,T2_2016,random_baseline,youden_validation,0.4467060479607341
0.9,3589,398,,,,,15.11,,,,,,0.1112264163301923,,,,,,densenet121,weighted_bce,ensemble,Pneumonia,T2_2016,random_baseline,youden_validation,0.4467060479607341
1.0,3987,0,,,,,17.0,,,,,,0.1111989093358965,,,,,,densenet121,weighted_bce,ensemble,Pneumonia,T2_2016,random_baseline,youden_validation,0.4467060479607341
0.5,1218,1218,0.6,0.4979044425817267,20.0,0.016420361247947456,3.0,97.0,0.85,0.9190317195325542,0.14912280701754385,0.9972826086956522,0.07093269150076573,0.15469848084640106,0.15469848084640106,0.15469848084640106,0.92779632721202,0.3618145290444153,densenet121,weighted_bce,ensemble,Pneumonia,T3_2017,raw,youden_validation,0.4467060479607341
0.6,1462,974,0.52,0.39731768650461025,24.0,0.016415868673050615,3.0,128.0,0.875,0.9109874826147427,0.14093959731543623,0.9977151561309977,0.07659046874755504,0.17104215258443106,0.17104215258443103,0.17104215258443106,0.9171012980992118,0.32480139266900737,densenet121,weighted_bce,ensemble,Pneumonia,T3_2017,raw,youden_validation,0.4467060479607341
0.7,1706,730,0.38,0.29798826487845764,31.0,0.01817116060961313,5.0,164.0,0.8387096774193549,0.9020895522388059,0.1368421052631579,0.9967018469656992,0.08340076508208727,0.18643002732138275,0.18643002732138278,0.18643002732138275,0.9075782378430428,0.2814971231559943,densenet121,weighted_bce,ensemble,Pneumonia,T3_2017,raw,youden_validation,0.4467060479607341
0.8,1949,487,0.28,0.19823973176865045,36.0,0.018471010774756286,5.0,205.0,0.8611111111111112,0.8928384736016728,0.13135593220338984,0.997081144191477,0.08988766963961804,0.20373877053397046,0.2037387705339705,0.20373877053397046,0.9000261369576582,0.2592058027332098,densenet121,weighted_bce,ensemble,Pneumonia,T3_2017,raw,youden_validation,0.4467060479607341
0.9,2193,243,0.18,0.0980720871751886,41.0,0.018695850433196534,8.0,272.0,0.8048780487804879,0.8736059479553904,0.10819672131147541,0.9957627118644068,0.09997759176693388,0.2238603206026099,0.2238603206026099,0.2238603206026099,0.8889631879590172,0.23823531445246,densenet121,weighted_bce,ensemble,Pneumonia,T3_2017,raw,youden_validation,0.4467060479607341
1.0,2436,0,0.0,0.0,50.0,0.020525451559934318,12.0,387.0,0.76,0.8378038558256496,0.08941176470588236,0.9940328194927897,0.11050119932432767,0.24243148007760335,0.2424314800776033,0.24243148007760335,0.8738306789606035,0.2113661506760757,densenet121,weighted_bce,ensemble,Pneumonia,T3_2017,raw,youden_validation,0.4467060479607341
0.5,1218,1218,0.68,0.49622799664710815,16.0,0.013136288998357963,3.0,70.0,0.8125,0.9417637271214643,0.1566265060240964,0.9973568281938326,0.05693993485582833,0.14165891247179258,0.14165891247179258,0.14165891247179258,0.927932612312812,0.4122557648936341,densenet121,weighted_bce,ensemble,Pneumonia,T3_2017,raw,fixed_0.5,0.5
0.6,1462,974,0.56,0.3964794635373009,22.0,0.015047879616963064,4.0,97.0,0.8181818181818182,0.9326388888888889,0.1565217391304348,0.9970304380103935,0.06546969257304223,0.15941229606857968,0.15941229606857968,0.15941229606857968,0.9155618686868687,0.3381083399797321,densenet121,weighted_bce,ensemble,Pneumonia,T3_2017,raw,fixed_0.5,0.5
0.7,1706,730,0.48,0.2958927074601844,26.0,0.015240328253223915,5.0,129.0,0.8076923076923077,0.9232142857142858,0.14,0.9967866323907455,0.07407000356806849,0.178375423678733,0.17837542367873305,0.178375423678733,0.9054029304029304,0.30509367380923597,densenet121,weighted_bce,ensemble,Pneumonia,T3_2017,raw,fixed_0.5,0.5
0.8,1949,487,0.32,0.19740150880134116,34.0,0.017444843509492047,7.0,167.0,0.7941176470588235,0.9127937336814621,0.13917525773195877,0.996011396011396,0.08384059385248652,0.1974129150055171,0.1974129150055171,0.1974129150055171,0.8999232068806634,0.2659155441277642,densenet121,weighted_bce,ensemble,Pneumonia,T3_2017,raw,fixed_0.5,0.5
0.9,2193,243,0.18,0.0980720871751886,41.0,0.018695850433196534,10.0,222.0,0.7560975609756098,0.8968401486988847,0.1225296442687747,0.9948453608247423,0.09600500865005285,0.21934459873851936,0.21934459873851941,0.21934459873851936,0.8886571765345906,0.23797214087977245,densenet121,weighted_bce,ensemble,Pneumonia,T3_2017,raw,fixed_0.5,0.5
1.0,2436,0,0.0,0.0,50.0,0.020525451559934318,14.0,310.0,0.72,0.8700754400670578,0.10404624277456648,0.9933014354066986,0.11050119932432767,0.24243148007760335,0.2424314800776033,0.24243148007760335,0.8738306789606035,0.2113661506760757,densenet121,weighted_bce,ensemble,Pneumonia,T3_2017,raw,fixed_0.5,0.5
0.5,1218,1218,0.68,0.49622799664710815,16.0,0.013136288998357963,3.0,68.0,0.8125,0.9434276206322796,0.16049382716049382,0.9973614775725593,0.055950763919055506,0.14155482374780087,0.1415548281643191,0.14155482374780087,0.9323523294509151,0.4145316223526751,densenet121,weighted_bce,ensemble,Pneumonia,T3_2017,temperature,youden_validation,0.49746888875961304
0.6,1462,974,0.64,0.3948030176026823,18.0,0.012311901504787962,3.0,94.0,0.8333333333333334,0.9349030470914127,0.13761467889908258,0.9977827050997783,0.06363795211294344,0.1603673170492685,0.1603673089871491,0.1603673170492685,0.9157048322560788,0.38110803285394246,densenet121,weighted_bce,ensemble,Pneumonia,T3_2017,temperature,youden_validation,0.49746888875961304
0.7,1706,730,0.5,0.2954735959765298,25.0,0.014654161781946073,4.0,116.0,0.84,0.9309934562760261,0.15328467153284672,0.9974506054811982,0.06923221444353901,0.1748937809881334,0.174893776389387,0.1748937809881334,0.91017251635931,0.3137041641358497,densenet121,weighted_bce,ensemble,Pneumonia,T3_2017,temperature,youden_validation,0.49746888875961304
0.8,1949,487,0.36,0.19656328583403185,32.0,0.016418676244227808,8.0,155.0,0.75,0.9191444966092853,0.1340782122905028,0.9954802259887006,0.07998386156902625,0.19377167580057686,0.1937716693649419,0.19377167580057686,0.899321857068336,0.27002536976638164,densenet121,weighted_bce,ensemble,Pneumonia,T3_2017,temperature,youden_validation,0.49746888875961304
0.9,2193,243,0.22,0.0972338642078793,39.0,0.017783857729138167,11.0,201.0,0.717948717948718,0.9066852367688022,0.1222707423580786,0.9943991853360489,0.09126784182623801,0.2146499089274948,0.21464990243159415,0.2146499089274948,0.88462728852701,0.23889511617149017,densenet121,weighted_bce,ensemble,Pneumonia,T3_2017,temperature,youden_validation,0.49746888875961304
1.0,2436,0,0.0,0.0,50.0,0.020525451559934318,15.0,284.0,0.7,0.8809723386420788,0.109717868338558,0.992914501653283,0.10543862241809901,0.23668179448467663,0.23668178597890294,0.23668179448467663,0.8718524727577536,0.20936416953314224,densenet121,weighted_bce,ensemble,Pneumonia,T3_2017,temperature,youden_validation,0.49746888875961304
0.5,1218,1218,0.68,0.49622799664710815,16.0,0.013136288998357963,3.0,65.0,0.8125,0.9459234608985025,0.16666666666666666,0.9973684210526316,0.054356999394377145,0.13996003218276554,0.13996001931246865,0.13996003218276554,0.9323523294509151,0.4145316223526751,densenet121,weighted_bce,ensemble,Pneumonia,T3_2017,temperature,fixed_0.5,0.5
0.6,1462,974,0.66,0.3943839061190277,17.0,0.011627906976744186,3.0,93.0,0.8235294117647058,0.9356401384083045,0.1308411214953271,0.9977859778597786,0.06324238646098217,0.16025897847277032,0.1602589743856529,0.16025897847277032,0.9144718094850396,0.3950354091016579,densenet121,weighted_bce,ensemble,Pneumonia,T3_2017,temperature,fixed_0.5,0.5
0.7,1706,730,0.52,0.2950544844928751,24.0,0.01406799531066823,4.0,114.0,0.8333333333333334,0.9322235434007135,0.14925373134328357,0.9974554707379135,0.06865959697317563,0.17461940707750226,0.17461939990206032,0.17461940707750226,0.9092102655568768,0.3199854897116435,densenet121,weighted_bce,ensemble,Pneumonia,T3_2017,temperature,fixed_0.5,0.5
0.8,1949,487,0.36,0.19656328583403185,32.0,0.016418676244227808,8.0,154.0,0.75,0.9196661450182577,0.1348314606741573,0.9954827780914738,0.07978894775919133,0.19357639428642912,0.19357638214721992,0.19357639428642912,0.899321857068336,0.27002536976638164,densenet121,weighted_bce,ensemble,Pneumonia,T3_2017,temperature,fixed_0.5,0.5
0.9,2193,243,0.22,0.0972338642078793,39.0,0.017783857729138167,11.0,200.0,0.717948717948718,0.9071494893221913,0.12280701754385964,0.9944020356234097,0.09117646062237367,0.21455819870150367,0.21455819414893731,0.21455819870150367,0.88462728852701,0.23889511617149017,densenet121,weighted_bce,ensemble,Pneumonia,T3_2017,temperature,fixed_0.5,0.5
1.0,2436,0,0.0,0.0,50.0,0.020525451559934318,16.0,281.0,0.68,0.8822296730930428,0.10793650793650794,0.9924563884959925,0.10543862241809902,0.23668179448467663,0.23668178597890294,0.23668179448467663,0.8718524727577536,0.20936416953314224,densenet121,weighted_bce,ensemble,Pneumonia,T3_2017,temperature,fixed_0.5,0.5
0.5,1218,1218,0.94,0.49077954735959767,3.0,0.0024630541871921183,3.0,0.0,0.0,1.0,,0.9975369458128078,0.002460354585956356,0.00385862909894351,0.0017406951677366137,0.00385862909894351,0.6167352537722908,0.004095403345421086,densenet121,weighted_bce,ensemble,Pneumonia,T3_2017,offset,youden_validation,0.05205275739232699
0.6,1462,974,0.92,0.3889354568315172,4.0,0.0027359781121751026,4.0,0.0,0.0,1.0,,0.9972640218878249,0.0027349210971779705,0.004503615756239487,0.0022288829753259465,0.004503615756239487,0.6112825788751715,0.004864711819621859,densenet121,weighted_bce,ensemble,Pneumonia,T3_2017,offset,youden_validation,0.05205275739232699
0.7,1706,730,0.84,0.28834870075440067,8.0,0.004689331770222743,7.0,0.0,0.125,1.0,1.0,0.9958944281524926,0.004107225587452967,0.003631811521309761,0.0020142291786622996,0.003631811521309761,0.7474234393404005,0.18003857218599692,densenet121,weighted_bce,ensemble,Pneumonia,T3_2017,offset,youden_validation,0.05205275739232699
0.8,1949,487,0.76,0.1881810561609388,12.0,0.0061570035915854285,11.0,0.0,0.08333333333333333,1.0,1.0,0.99435318275154,0.005616761217408973,0.003833747200219638,0.0019977793647975046,0.003833747200219638,0.7583892617449663,0.10122262840215997,densenet121,weighted_bce,ensemble,Pneumonia,T3_2017,offset,youden_validation,0.05205275739232699
0.9,2193,243,0.44,0.09262363788767812,28.0,0.012767897856817145,16.0,43.0,0.42857142857142855,0.9801385681293302,0.21818181818181817,0.9925163704396632,0.011262180514161361,0.0063652480957537855,0.005005894525242461,0.0063652480957537855,0.8526888815572419,0.2597139290441803,densenet121,weighted_bce,ensemble,Pneumonia,T3_2017,offset,youden_validation,0.05205275739232699
1.0,2436,0,0.0,0.0,50.0,0.020525451559934318,18.0,226.0,0.64,0.9052808046940486,0.12403100775193798,0.9917355371900827,0.01842628635960865,0.0057299423009716886,0.005397881398035584,0.0057299423009716886,0.8699497066219615,0.21439918802567356,densenet121,weighted_bce,ensemble,Pneumonia,T3_2017,offset,youden_validation,0.05205275739232699
0.5,1218,1218,0.94,0.49077954735959767,3.0,0.0024630541871921183,3.0,0.0,0.0,1.0,,0.9975369458128078,0.002460354585956356,0.00385862909894351,0.0017406951677366137,0.00385862909894351,0.6167352537722908,0.004095403345421086,densenet121,weighted_bce,ensemble,Pneumonia,T3_2017,offset,fixed_0.5,0.5
0.6,1462,974,0.92,0.3889354568315172,4.0,0.0027359781121751026,4.0,0.0,0.0,1.0,,0.9972640218878249,0.0027349210971779705,0.004503615756239487,0.0022288829753259465,0.004503615756239487,0.6112825788751715,0.004864711819621859,densenet121,weighted_bce,ensemble,Pneumonia,T3_2017,offset,fixed_0.5,0.5
0.7,1706,730,0.86,0.287929589270746,7.0,0.004103165298944901,7.0,0.0,0.0,1.0,,0.9958968347010551,0.004077614968207457,0.0034913248147767427,0.001890681504958679,0.0034913248147767427,0.7109223913226267,0.0351838455183546,densenet121,weighted_bce,ensemble,Pneumonia,T3_2017,offset,fixed_0.5,0.5
0.8,1949,487,0.78,0.18776194467728416,11.0,0.005643919958953309,11.0,0.0,0.0,1.0,,0.9943560800410467,0.005591019295783237,0.0037061190250553783,0.00189429390129025,0.0037061190250553783,0.7360446570972887,0.015235087651826603,densenet121,weighted_bce,ensemble,Pneumonia,T3_2017,offset,fixed_0.5,0.5
0.9,2193,243,0.64,0.0884325230511316,18.0,0.008207934336525308,18.0,0.0,0.0,1.0,,0.9917920656634747,0.008082320552411967,0.004107518056836497,0.0023812266199170484,0.004107518056836497,0.7703448275862069,0.02629676258175285,densenet121,weighted_bce,ensemble,Pneumonia,T3_2017,offset,fixed_0.5,0.5
1.0,2436,0,0.0,0.0,50.0,0.020525451559934318,47.0,2.0,0.06,0.9991617770326907,0.6,0.9806663924310983,0.018426286359608645,0.005729940808408745,0.005397882587803996,0.005729940808408745,0.8699497066219615,0.21439918802567356,densenet121,weighted_bce,ensemble,Pneumonia,T3_2017,offset,fixed_0.5,0.5
0.5,1218,1218,0.94,0.49077954735959767,3.0,0.0024630541871921183,3.0,0.0,0.0,1.0,,0.9975369458128078,0.0024723416979007466,0.004506560780753325,0.004464748505906665,0.004506560780753325,0.7695473251028807,0.007018716577540107,densenet121,weighted_bce,ensemble,Pneumonia,T3_2017,platt,youden_validation,0.05648200586438179
0.6,1462,974,0.94,0.38851634534786256,3.0,0.002051983584131327,3.0,0.0,0.0,1.0,,0.9979480164158687,0.002089577496580418,0.005946853623321604,0.005946854505275163,0.005946853623321604,0.6408498971898561,0.003633727741330834,densenet121,weighted_bce,ensemble,Pneumonia,T3_2017,platt,youden_validation,0.05648200586438179
0.7,1706,730,0.84,0.28834870075440067,8.0,0.004689331770222743,7.0,0.0,0.125,1.0,1.0,0.9958944281524926,0.0041481959584109855,0.005304120121941905,0.005433442876843467,0.005304120121941905,0.811763839811543,0.18068106473585877,densenet121,weighted_bce,ensemble,Pneumonia,T3_2017,platt,youden_validation,0.05648200586438179
0.8,1949,487,0.76,0.1881810561609388,12.0,0.0061570035915854285,11.0,0.0,0.08333333333333333,1.0,1.0,0.99435318275154,0.005659708612060565,0.006053136491654905,0.005778055443113555,0.006053136491654905,0.7967217346411978,0.10479337204483134,densenet121,weighted_bce,ensemble,Pneumonia,T3_2017,platt,youden_validation,0.05648200586438179
0.9,2193,243,0.46,0.09220452640402348,27.0,0.012311901504787962,18.0,39.0,0.3333333333333333,0.981994459833795,0.1875,0.9916083916083916,0.010888447281779528,0.006310972354743872,0.0076412646302921935,0.006310972354743872,0.8634109640573168,0.24434822812418722,densenet121,weighted_bce,ensemble,Pneumonia,T3_2017,platt,youden_validation,0.05648200586438179
1.0,2436,0,0.0,0.0,50.0,0.020525451559934318,18.0,226.0,0.64,0.9052808046940486,0.12403100775193798,0.9917355371900827,0.018249314331397166,0.006078328872871798,0.006541876509259585,0.006078328872871798,0.8760100586756077,0.20041565817628854,densenet121,weighted_bce,ensemble,Pneumonia,T3_2017,platt,youden_validation,0.05648200586438179
0.5,1218,1218,0.94,0.49077954735959767,3.0,0.0024630541871921183,3.0,0.0,0.0,1.0,,0.9975369458128078,0.0024723416979007466,0.004506560780753325,0.004464748505906665,0.004506560780753325,0.7695473251028807,0.007018716577540107,densenet121,weighted_bce,ensemble,Pneumonia,T3_2017,platt,fixed_0.5,0.5
0.6,1462,974,0.94,0.38851634534786256,3.0,0.002051983584131327,3.0,0.0,0.0,1.0,,0.9979480164158687,0.002089577496580418,0.005946853576819177,0.005946854505275163,0.005946853576819177,0.6408498971898561,0.003633727741330834,densenet121,weighted_bce,ensemble,Pneumonia,T3_2017,platt,fixed_0.5,0.5
0.7,1706,730,0.86,0.287929589270746,7.0,0.004103165298944901,7.0,0.0,0.0,1.0,,0.9958968347010551,0.0040917073380146605,0.005262985574556482,0.005262985646480133,0.005262985574556482,0.7844109980660893,0.04164981830133276,densenet121,weighted_bce,ensemble,Pneumonia,T3_2017,platt,fixed_0.5,0.5
0.8,1949,487,0.78,0.18776194467728416,11.0,0.005643919958953309,11.0,0.0,0.0,1.0,,0.9943560800410467,0.005610514614195984,0.006228168708716198,0.005633849733288837,0.006228168708716198,0.7778403227319636,0.017878888161506522,densenet121,weighted_bce,ensemble,Pneumonia,T3_2017,platt,fixed_0.5,0.5
0.9,2193,243,0.62,0.08885163453478626,19.0,0.008663930688554491,19.0,0.0,0.0,1.0,,0.9913360693114455,0.008509636235367069,0.005915230753964489,0.005915230381732736,0.005915230753964489,0.8051130586355494,0.0839543470855543,densenet121,weighted_bce,ensemble,Pneumonia,T3_2017,platt,fixed_0.5,0.5
1.0,2436,0,0.0,0.0,50.0,0.020525451559934318,49.0,0.0,0.02,1.0,1.0,0.9798767967145791,0.018249314331397166,0.006078330365434742,0.006541876374684238,0.006078330365434742,0.8760100586756077,0.20041565817628854,densenet121,weighted_bce,ensemble,Pneumonia,T3_2017,platt,fixed_0.5,0.5
0.5,1218,1218,0.94,0.49077954735959767,3.0,0.0024630541871921183,3.0,0.0,0.0,1.0,,0.9975369458128078,0.00245617333158655,0.0036739779871197233,4.963208393657121e-06,0.0036739779871197233,0.6419753086419753,0.0045728789790748636,densenet121,weighted_bce,ensemble,Pneumonia,T3_2017,analytic_weight,youden_validation,0.03433918207883835
0.6,1462,974,0.92,0.3889354568315172,4.0,0.0027359781121751026,4.0,0.0,0.0,1.0,,0.9972640218878249,0.0027288235673498962,0.0035824349399534387,0.00028215546292162386,0.0035824349399534387,0.6176268861454046,0.0045611350977687055,densenet121,weighted_bce,ensemble,Pneumonia,T3_2017,analytic_weight,youden_validation,0.03433918207883835
0.7,1706,730,0.88,0.2875104777870914,6.0,0.0035169988276670576,5.0,0.0,0.16666666666666666,1.0,1.0,0.9970674486803519,0.002969706317071172,0.002618820778670713,0.0009976373305751703,0.002618820778670713,0.6797058823529412,0.1752106977894341,densenet121,weighted_bce,ensemble,Pneumonia,T3_2017,analytic_weight,youden_validation,0.03433918207883835
0.8,1949,487,0.74,0.18860016764459347,13.0,0.006670087224217547,12.0,1.0,0.07692307692307693,0.9994834710743802,0.5,0.9938366718027735,0.006252549246313108,0.00407577818193893,0.0016796139411517385,0.00407577818193893,0.8028051493960585,0.12721460466502651,densenet121,weighted_bce,ensemble,Pneumonia,T3_2017,analytic_weight,youden_validation,0.03433918207883835
0.9,2193,243,0.4,0.09346186085498742,30.0,0.013679890560875513,17.0,60.0,0.43333333333333335,0.9722607489597781,0.1780821917808219,0.9919811320754717,0.012006761499137219,0.0041729824771876145,0.004610272074297471,0.0041729824771876145,0.8706118045923872,0.238415689050209,densenet121,weighted_bce,ensemble,Pneumonia,T3_2017,analytic_weight,youden_validation,0.03433918207883835
1.0,2436,0,0.0,0.0,50.0,0.020525451559934318,17.0,260.0,0.66,0.8910310142497905,0.11262798634812286,0.9920671955202987,0.018261562427261454,0.0036048854555749623,0.004883258050683831,0.0036048854555749623,0.8740737636211232,0.19900113339202533,densenet121,weighted_bce,ensemble,Pneumonia,T3_2017,analytic_weight,youden_validation,0.03433918207883835
0.5,1218,1218,0.94,0.49077954735959767,3.0,0.0024630541871921183,3.0,0.0,0.0,1.0,,0.9975369458128078,0.00245617333158655,0.0036739779871197233,4.963208393657121e-06,0.0036739779871197233,0.6419753086419753,0.0045728789790748636,densenet121,weighted_bce,ensemble,Pneumonia,T3_2017,analytic_weight,fixed_0.5,0.5
0.6,1462,974,0.92,0.3889354568315172,4.0,0.0027359781121751026,4.0,0.0,0.0,1.0,,0.9972640218878249,0.0027288235673498962,0.0035824349399534387,0.00028215546292162386,0.0035824349399534387,0.6176268861454046,0.0045611350977687055,densenet121,weighted_bce,ensemble,Pneumonia,T3_2017,analytic_weight,fixed_0.5,0.5
0.7,1706,730,0.9,0.28709136630343673,5.0,0.0029308323563892145,5.0,0.0,0.0,1.0,,0.9970691676436108,0.0029242813756900554,0.0027880018792887065,0.0008402524700504045,0.0027880018792887065,0.6152851263962374,0.006311667084577525,densenet121,weighted_bce,ensemble,Pneumonia,T3_2017,analytic_weight,fixed_0.5,0.5
0.8,1949,487,0.76,0.1881810561609388,12.0,0.0061570035915854285,12.0,0.0,0.0,1.0,,0.9938429964084146,0.006071122844807668,0.004184971183689915,0.0012491161625864814,0.004184971183689915,0.7859662708655998,0.04074561529215835,densenet121,weighted_bce,ensemble,Pneumonia,T3_2017,analytic_weight,fixed_0.5,0.5
0.9,2193,243,0.62,0.08885163453478626,19.0,0.008663930688554491,19.0,0.0,0.0,1.0,,0.9913360693114455,0.008474486292638885,0.0031848472889811747,0.0012924030800704617,0.0031848472889811747,0.7978017721396408,0.08713276969805517,densenet121,weighted_bce,ensemble,Pneumonia,T3_2017,analytic_weight,fixed_0.5,0.5
1.0,2436,0,0.0,0.0,50.0,0.020525451559934318,49.0,1.0,0.02,0.9995808885163453,0.5,0.9798685291700904,0.018261562427261454,0.0036048841488177537,0.004883258748028813,0.0036048841488177537,0.8740737636211232,0.19900113339202533,densenet121,weighted_bce,ensemble,Pneumonia,T3_2017,analytic_weight,fixed_0.5,0.5
0.5,1218,1218,,,,,5.91,,,,,,0.11023225253049562,,,,,,densenet121,weighted_bce,ensemble,Pneumonia,T3_2017,random_baseline,youden_validation,0.4467060479607341
0.6,1462,974,,,,,7.06,,,,,,0.11087376168949367,,,,,,densenet121,weighted_bce,ensemble,Pneumonia,T3_2017,random_baseline,youden_validation,0.4467060479607341
0.7,1706,730,,,,,8.49,,,,,,0.11080269523622162,,,,,,densenet121,weighted_bce,ensemble,Pneumonia,T3_2017,random_baseline,youden_validation,0.4467060479607341
0.8,1949,487,,,,,9.73,,,,,,0.1103656720018599,,,,,,densenet121,weighted_bce,ensemble,Pneumonia,T3_2017,random_baseline,youden_validation,0.4467060479607341
0.9,2193,243,,,,,10.88,,,,,,0.11034168077780321,,,,,,densenet121,weighted_bce,ensemble,Pneumonia,T3_2017,random_baseline,youden_validation,0.4467060479607341
1.0,2436,0,,,,,12.0,,,,,,0.11050119932432764,,,,,,densenet121,weighted_bce,ensemble,Pneumonia,T3_2017,random_baseline,youden_validation,0.4467060479607341
0.5,940,939,1.0,0.47191011235955055,0.0,0.0,0.0,0.0,,1.0,,1.0,4.6099000403773166e-05,0.00614715926591696,0.00614715926591696,0.00614715926591696,,,resnet50,unweighted_bce,ensemble,Pleural Effusion,T1_2015,raw,youden_validation,0.05153266167889194
0.6,1128,751,1.0,0.36629213483146067,0.0,0.0,0.0,0.0,,1.0,,1.0,7.304079880332316e-05,0.007514565318621705,0.007514565318621705,0.007514565318621705,,,resnet50,unweighted_bce,ensemble,Pleural Effusion,T1_2015,raw,youden_validation,0.05153266167889194
0.7,1316,563,0.9292929292929293,0.2646067415730337,7.0,0.005319148936170213,5.0,4.0,0.2857142857142857,0.9969442322383499,0.3333333333333333,0.9961832061068703,0.004924249837603823,0.007845710156183267,0.006579138792782698,0.007845710156183267,0.9814471243042672,0.33088841506751954,resnet50,unweighted_bce,ensemble,Pleural Effusion,T1_2015,raw,youden_validation,0.05153266167889194
0.8,1504,375,0.48484848484848486,0.18370786516853932,51.0,0.0339095744680851,9.0,25.0,0.8235294117647058,0.9827942188575362,0.6268656716417911,0.9937369519832986,0.019219750146243452,0.01808651960717527,0.016602314682434574,0.01808651960717527,0.974279044033305,0.5316900191762077,resnet50,unweighted_bce,ensemble,Pleural Effusion,T1_2015,raw,youden_validation,0.05153266167889194
0.9,1692,187,0.18181818181818182,0.0949438202247191,81.0,0.047872340425531915,10.0,126.0,0.8765432098765432,0.9217877094972067,0.3604060913705584,0.9933110367892977,0.030436211221545845,0.022415966044633043,0.02062077901755859,0.022415966044633043,0.9606179736533554,0.5191506596138747,resnet50,unweighted_bce,ensemble,Pleural Effusion,T1_2015,raw,youden_validation,0.05153266167889194
1.0,1879,0,0.0,0.0,99.0,0.05268759978712081,10.0,277.0,0.898989898989899,0.8443820224719101,0.24316939890710382,0.9933906146728354,0.03606656817304478,0.019571150025086956,0.01619932165467141,0.019571150025086956,0.94117012824878,0.4744832353251277,resnet50,unweighted_bce,ensemble,Pleural Effusion,T1_2015,raw,youden_validation,0.05153266167889194
0.5,940,939,1.0,0.47191011235955055,0.0,0.0,0.0,0.0,,1.0,,1.0,4.6099000403773166e-05,0.00614715926591696,0.00614715926591696,0.00614715926591696,,,resnet50,unweighted_bce,ensemble,Pleural Effusion,T1_2015,raw,fixed_0.5,0.5
0.6,1128,751,1.0,0.36629213483146067,0.0,0.0,0.0,0.0,,1.0,,1.0,7.304079880332316e-05,0.007514565318621705,0.007514565318621705,0.007514565318621705,,,resnet50,unweighted_bce,ensemble,Pleural Effusion,T1_2015,raw,fixed_0.5,0.5
0.7,1316,563,0.9494949494949495,0.26348314606741574,5.0,0.003799392097264438,5.0,0.0,0.0,1.0,,0.9962006079027356,0.003741599606898104,0.008681702848917543,0.0057431461000484185,0.008681702848917543,0.9731502669717773,0.09816252072968491,resnet50,unweighted_bce,ensemble,Pleural Effusion,T1_2015,raw,fixed_0.5,0.5
0.8,1504,375,0.898989898989899,0.16067415730337078,10.0,0.006648936170212766,10.0,0.0,0.0,1.0,,0.9933510638297872,0.006550710221260022,0.010616398130900716,0.006286537723936342,0.010616398130900716,0.886479250334672,0.029061674191600495,resnet50,unweighted_bce,ensemble,Pleural Effusion,T1_2015,raw,fixed_0.5,0.5
0.9,1692,187,0.7171717171717171,0.0651685393258427,28.0,0.016548463356973995,28.0,0.0,0.0,1.0,,0.983451536643026,0.015503689011183203,0.009928089854835866,0.0033711326311718186,0.009928089854835866,0.895990728021978,0.09053538608689837,resnet50,unweighted_bce,ensemble,Pleural Effusion,T1_2015,raw,fixed_0.5,0.5
1.0,1879,0,0.0,0.0,99.0,0.05268759978712081,97.0,4.0,0.020202020202020204,0.9977528089887641,0.3333333333333333,0.9482114255205553,0.036066568173044794,0.019571150025086956,0.016199321654671403,0.019571150025086956,0.94117012824878,0.4744832353251277,resnet50,unweighted_bce,ensemble,Pleural Effusion,T1_2015,raw,fixed_0.5,0.5
0.5,940,939,1.0,0.47191011235955055,0.0,0.0,0.0,0.0,,1.0,,1.0,4.199511691977582e-05,0.005796956326032405,0.005796956326032404,0.005796956326032405,,,resnet50,unweighted_bce,ensemble,Pleural Effusion,T1_2015,temperature,youden_validation,0.055277660489082336
0.6,1128,751,1.0,0.36629213483146067,0.0,0.0,0.0,0.0,,1.0,,1.0,6.882332775642988e-05,0.007189176605923521,0.00718917660592352,0.007189176605923521,,,resnet50,unweighted_bce,ensemble,Pleural Effusion,T1_2015,temperature,youden_validation,0.055277660489082336
0.7,1316,563,0.9595959595959596,0.26292134831460673,4.0,0.00303951367781155,3.0,1.0,0.25,0.9992378048780488,0.5,0.997716894977169,0.0026704791649561454,0.00709167304659331,0.007091673046593309,0.00709167304659331,0.9670350609756098,0.2899998815432545,resnet50,unweighted_bce,ensemble,Pleural Effusion,T1_2015,temperature,youden_validation,0.055277660489082336
0.8,1504,375,0.494949494949495,0.18314606741573033,50.0,0.03324468085106383,9.0,24.0,0.82,0.9834938101788171,0.6307692307692307,0.9937456567060459,0.01880266165232314,0.017512739938142063,0.01635775256536951,0.017512739938142063,0.9754195323246218,0.5357751300465685,resnet50,unweighted_bce,ensemble,Pleural Effusion,T1_2015,temperature,youden_validation,0.055277660489082336
0.9,1692,187,0.18181818181818182,0.0949438202247191,81.0,0.047872340425531915,10.0,120.0,0.8765432098765432,0.925512104283054,0.3717277486910995,0.9933377748167888,0.030377029042895243,0.01954389164575905,0.02016182854770979,0.01954389164575905,0.9612310427539065,0.520460870477432,resnet50,unweighted_bce,ensemble,Pleural Effusion,T1_2015,temperature,youden_validation,0.055277660489082336
1.0,1879,0,0.0,0.0,99.0,0.05268759978712081,10.0,271.0,0.898989898989899,0.847752808988764,0.24722222222222223,0.9934167215273206,0.03607993911379757,0.017856437231307355,0.016441745351470874,0.017856437231307355,0.9410225854046079,0.47392089861031744,resnet50,unweighted_bce,ensemble,Pleural Effusion,T1_2015,temperature,youden_validation,0.055277660489082336
0.5,940,939,1.0,0.47191011235955055,0.0,0.0,0.0,0.0,,1.0,,1.0,4.199511691977582e-05,0.005796956326032405,0.005796956326032404,0.005796956326032405,,,resnet50,unweighted_bce,ensemble,Pleural Effusion,T1_2015,temperature,fixed_0.5,0.5
0.6,1128,751,1.0,0.36629213483146067,0.0,0.0,0.0,0.0,,1.0,,1.0,6.882332775642988e-05,0.007189176605923521,0.00718917660592352,0.007189176605923521,,,resnet50,unweighted_bce,ensemble,Pleural Effusion,T1_2015,temperature,fixed_0.5,0.5
0.7,1316,563,0.9696969696969697,0.26235955056179777,3.0,0.0022796352583586625,3.0,0.0,0.0,1.0,,0.9977203647416414,0.002299779485807738,0.007027179064219079,0.007027179064219079,0.007027179064219079,0.9553186087839554,0.03307904618628508,resnet50,unweighted_bce,ensemble,Pleural Effusion,T1_2015,temperature,fixed_0.5,0.5
0.8,1504,375,0.898989898989899,0.16067415730337078,10.0,0.006648936170212766,10.0,0.0,0.0,1.0,,0.9933510638297872,0.0065362197902108544,0.00915510354430777,0.006296850902430756,0.00915510354430777,0.8930388219544846,0.03121615965130114,resnet50,unweighted_bce,ensemble,Pleural Effusion,T1_2015,temperature,fixed_0.5,0.5
0.9,1692,187,0.7171717171717171,0.0651685393258427,28.0,0.016548463356973995,28.0,0.0,0.0,1.0,,0.983451536643026,0.015531111768676463,0.009363964551747383,0.0038918528868808356,0.009363964551747383,0.8958190247252747,0.08535987657289144,resnet50,unweighted_bce,ensemble,Pleural Effusion,T1_2015,temperature,fixed_0.5,0.5
1.0,1879,0,0.0,0.0,99.0,0.05268759978712081,97.0,4.0,0.020202020202020204,0.9977528089887641,0.3333333333333333,0.9482114255205553,0.03607993911379756,0.017856437231307355,0.016441745351470874,0.017856437231307355,0.9410225854046079,0.47392089861031744,resnet50,unweighted_bce,ensemble,Pleural Effusion,T1_2015,temperature,fixed_0.5,0.5
0.5,940,939,1.0,0.47191011235955055,0.0,0.0,0.0,0.0,,1.0,,1.0,6.29798968747542e-05,0.007161525489186876,0.007161525489186877,0.007161525489186876,,,resnet50,unweighted_bce,ensemble,Pleural Effusion,T1_2015,offset,youden_validation,0.06356904904047649
0.6,1128,751,1.0,0.36629213483146067,0.0,0.0,0.0,0.0,,1.0,,1.0,0.00010047512727844643,0.00878201600583766,0.00878201600583766,0.00878201600583766,,,resnet50,unweighted_bce,ensemble,Pleural Effusion,T1_2015,offset,youden_validation,0.06356904904047649
0.7,1316,563,0.9191919191919192,0.2651685393258427,8.0,0.0060790273556231,3.0,6.0,0.625,0.9954128440366973,0.45454545454545453,0.9977011494252873,0.004575284859275918,0.009682436146767857,0.00968243614676786,0.009682436146767857,0.983467125382263,0.3857101232101232,resnet50,unweighted_bce,ensemble,Pleural Effusion,T1_2015,offset,youden_validation,0.06356904904047649
0.8,1504,375,0.45454545454545453,0.1853932584269663,54.0,0.03590425531914894,9.0,31.0,0.8333333333333334,0.9786206896551725,0.5921052631578947,0.9936974789915967,0.019662307390530705,0.015964826060542718,0.014382121365077211,0.015964826060542718,0.9760025542784164,0.5303301490260917,resnet50,unweighted_bce,ensemble,Pleural Effusion,T1_2015,offset,youden_validation,0.06356904904047649
0.9,1692,187,0.18181818181818182,0.0949438202247191,81.0,0.047872340425531915,10.0,126.0,0.8765432098765432,0.9217877094972067,0.3604060913705584,0.9933110367892977,0.029474007556684174,0.0156313442857438,0.019091070213873535,0.0156313442857438,0.9612310427539065,0.5111264101906215,resnet50,unweighted_bce,ensemble,Pleural Effusion,T1_2015,offset,youden_validation,0.06356904904047649
1.0,1879,0,0.0,0.0,99.0,0.05268759978712081,10.0,274.0,0.898989898989899,0.8460674157303371,0.24517906336088155,0.9934036939313984,0.0351796892340671,0.014182200056656786,0.01646485575972157,0.014182200056656786,0.9413006469186245,0.46671136808673896,resnet50,unweighted_bce,ensemble,Pleural Effusion,T1_2015,offset,youden_validation,0.06356904904047649
0.5,940,939,1.0,0.47191011235955055,0.0,0.0,0.0,0.0,,1.0,,1.0,6.29798968747542e-05,0.007161525489186876,0.007161525489186877,0.007161525489186876,,,resnet50,unweighted_bce,ensemble,Pleural Effusion,T1_2015,offset,fixed_0.5,0.5
0.6,1128,751,1.0,0.36629213483146067,0.0,0.0,0.0,0.0,,1.0,,1.0,0.00010047512727844643,0.00878201600583766,0.00878201600583766,0.00878201600583766,,,resnet50,unweighted_bce,ensemble,Pleural Effusion,T1_2015,offset,fixed_0.5,0.5
0.7,1316,563,0.9595959595959596,0.26292134831460673,4.0,0.00303951367781155,4.0,0.0,0.0,1.0,,0.9969604863221885,0.003044508284998578,0.008711755994647786,0.008172403961337619,0.008711755994647786,0.9683689024390243,0.29205331705331705,resnet50,unweighted_bce,ensemble,Pleural Effusion,T1_2015,offset,fixed_0.5,0.5
0.8,1504,375,0.898989898989899,0.16067415730337078,10.0,0.006648936170212766,10.0,0.0,0.0,1.0,,0.9933510638297872,0.006579686364391095,0.009409205823355579,0.008691079525043676,0.009409205823355579,0.8946452476572959,0.03183534037009753,resnet50,unweighted_bce,ensemble,Pleural Effusion,T1_2015,offset,fixed_0.5,0.5
0.9,1692,187,0.7171717171717171,0.0651685393258427,28.0,0.016548463356973995,28.0,0.0,0.0,1.0,,0.983451536643026,0.015538693182621128,0.00828274577895851,0.007427638282747213,0.00828274577895851,0.8973858173076922,0.08764190745832798,resnet50,unweighted_bce,ensemble,Pleural Effusion,T1_2015,offset,fixed_0.5,0.5
1.0,1879,0,0.0,0.0,99.0,0.05268759978712081,88.0,9.0,0.1111111111111111,0.994943820224719,0.55,0.9526627218934911,0.0351796892340671,0.01418220005665678,0.01646485575972157,0.01418220005665678,0.9413006469186245,0.46671136808673896,resnet50,unweighted_bce,ensemble,Pleural Effusion,T1_2015,offset,fixed_0.5,0.5
0.5,940,939,1.0,0.47191011235955055,0.0,0.0,0.0,0.0,,1.0,,1.0,1.569747458834046e-05,0.0033298350436606152,0.0033298350436606152,0.0033298350436606152,,,resnet50,unweighted_bce,ensemble,Pleural Effusion,T1_2015,platt,youden_validation,0.059379554664095245
0.6,1128,751,1.0,0.36629213483146067,0.0,0.0,0.0,0.0,,1.0,,1.0,3.152553659133657e-05,0.004506529686164678,0.004506529686164679,0.004506529686164678,,,resnet50,unweighted_bce,ensemble,Pleural Effusion,T1_2015,platt,youden_validation,0.059379554664095245
0.7,1316,563,0.898989898989899,0.2662921348314607,10.0,0.007598784194528876,3.0,8.0,0.7,0.9938744257274119,0.4666666666666667,0.9976940814757879,0.0055875476154411624,0.006149738624501418,0.006149738624501417,0.006149738624501418,0.9875957120980091,0.414230319411771,resnet50,unweighted_bce,ensemble,Pleural Effusion,T1_2015,platt,youden_validation,0.059379554664095245
0.8,1504,375,0.47474747474747475,0.1842696629213483,52.0,0.034574468085106384,9.0,29.0,0.8269230769230769,0.9800275482093664,0.5972222222222222,0.9937150837988827,0.01878684027482158,0.009806348385873912,0.010855561775076777,0.009806348385873912,0.9745443949989404,0.5021627013350753,resnet50,unweighted_bce,ensemble,Pleural Effusion,T1_2015,platt,youden_validation,0.059379554664095245
0.9,1692,187,0.1919191919191919,0.09438202247191012,80.0,0.04728132387706856,10.0,121.0,0.875,0.924937965260546,0.36649214659685864,0.9933377748167888,0.028832491582097726,0.008919739182191959,0.014824743802384964,0.008919739182191959,0.9603442928039703,0.49451100876820236,resnet50,unweighted_bce,ensemble,Pleural Effusion,T1_2015,platt,youden_validation,0.059379554664095245
1.0,1879,0,0.0,0.0,99.0,0.05268759978712081,10.0,269.0,0.898989898989899,0.8488764044943821,0.24860335195530725,0.9934253780407627,0.03506621611189422,0.006917512725893678,0.012281995402529963,0.006917512725893678,0.9400749063670412,0.45192043726204795,resnet50,unweighted_bce,ensemble,Pleural Effusion,T1_2015,platt,youden_validation,0.059379554664095245
0.5,940,939,1.0,0.47191011235955055,0.0,0.0,0.0,0.0,,1.0,,1.0,1.569747458834046e-05,0.0033298350436606152,0.0033298350436606152,0.0033298350436606152,,,resnet50,unweighted_bce,ensemble,Pleural Effusion,T1_2015,platt,fixed_0.5,0.5
0.6,1128,751,1.0,0.36629213483146067,0.0,0.0,0.0,0.0,,1.0,,1.0,3.152553659133657e-05,0.004506529686164678,0.004506529686164679,0.004506529686164678,,,resnet50,unweighted_bce,ensemble,Pleural Effusion,T1_2015,platt,fixed_0.5,0.5
0.7,1316,563,0.9595959595959596,0.26292134831460673,4.0,0.00303951367781155,4.0,0.0,0.0,1.0,,0.9969604863221885,0.0029833341561401588,0.005490261632444589,0.0034762707508250866,0.005490261632444589,0.971608231707317,0.10675403225806451,resnet50,unweighted_bce,ensemble,Pleural Effusion,T1_2015,platt,fixed_0.5,0.5
0.8,1504,375,0.898989898989899,0.16067415730337078,10.0,0.006648936170212766,10.0,0.0,0.0,1.0,,0.9933510638297872,0.006527087426136666,0.00723883638888023,0.003758565870073471,0.00723883638888023,0.8906291834002678,0.030090475676229557,resnet50,unweighted_bce,ensemble,Pleural Effusion,T1_2015,platt,fixed_0.5,0.5
0.9,1692,187,0.7070707070707071,0.06573033707865168,29.0,0.017139479905437353,29.0,0.0,0.0,1.0,,0.9828605200945626,0.01595974991136116,0.007027452762410094,0.002416308926377555,0.007027452762410094,0.8990814274161777,0.09757959152356115,resnet50,unweighted_bce,ensemble,Pleural Effusion,T1_2015,platt,fixed_0.5,0.5
1.0,1879,0,0.0,0.0,99.0,0.05268759978712081,75.0,17.0,0.24242424242424243,0.9904494382022472,0.5853658536585366,0.9591947769314473,0.03506621611189422,0.00691751272589367,0.012281995402529963,0.00691751272589367,0.9400749063670412,0.45192043726204795,resnet50,unweighted_bce,ensemble,Pleural Effusion,T1_2015,platt,fixed_0.5,0.5
0.5,940,939,,,,,4.95,,,,,,0.03599533835556863,,,,,,resnet50,unweighted_bce,ensemble,Pleural Effusion,T1_2015,random_baseline,youden_validation,0.05153266167889194
0.6,1128,751,,,,,6.02,,,,,,0.03616594460507487,,,,,,resnet50,unweighted_bce,ensemble,Pleural Effusion,T1_2015,random_baseline,youden_validation,0.05153266167889194
0.7,1316,563,,,,,6.89,,,,,,0.03605852132219379,,,,,,resnet50,unweighted_bce,ensemble,Pleural Effusion,T1_2015,random_baseline,youden_validation,0.05153266167889194
0.8,1504,375,,,,,7.87,,,,,,0.0358304192409522,,,,,,resnet50,unweighted_bce,ensemble,Pleural Effusion,T1_2015,random_baseline,youden_validation,0.05153266167889194
0.9,1692,187,,,,,9.04,,,,,,0.03594724097528384,,,,,,resnet50,unweighted_bce,ensemble,Pleural Effusion,T1_2015,random_baseline,youden_validation,0.05153266167889194
1.0,1879,0,,,,,10.0,,,,,,0.03606656817304479,,,,,,resnet50,unweighted_bce,ensemble,Pleural Effusion,T1_2015,random_baseline,youden_validation,0.05153266167889194
0.5,1994,1993,0.9717514124293786,0.4779527559055118,5.0,0.0025075225677031092,5.0,0.0,0.0,1.0,,0.9974924774322969,0.0025206275676939267,0.004707074612277204,0.004120487812130794,0.004707074612277204,0.6537958773252891,0.004834289731222591,resnet50,unweighted_bce,ensemble,Pleural Effusion,T2_2016,raw,youden_validation,0.05153266167889194
0.6,2393,1594,0.9491525423728814,0.3742782152230971,9.0,0.0037609694943585457,9.0,0.0,0.0,1.0,,0.9962390305056414,0.0037656958320739986,0.004694880266526574,0.004526311019845206,0.004694880266526574,0.7027870991797165,0.008292310044812762,resnet50,unweighted_bce,ensemble,Pleural Effusion,T2_2016,raw,youden_validation,0.05153266167889194
0.7,2791,1196,0.7966101694915254,0.2769028871391076,36.0,0.012898602651379433,17.0,19.0,0.5277777777777778,0.993103448275862,0.5,0.9938249182709771,0.009352043895219472,0.004560618791436257,0.006851099530071475,0.004560618791436257,0.888777979431337,0.3749309296787094,resnet50,unweighted_bce,ensemble,Pleural Effusion,T2_2016,raw,youden_validation,0.05153266167889194
0.8,3190,797,0.480225988700565,0.1868766404199475,92.0,0.02884012539184953,22.0,123.0,0.7608695652173914,0.9602969657843771,0.3626943005181347,0.9926593259926594,0.0203418670250387,0.0050088344637878,0.008144611089734978,0.0050088344637878,0.9256848738316446,0.3996928866161777,resnet50,unweighted_bce,ensemble,Pleural Effusion,T2_2016,raw,youden_validation,0.05153266167889194
0.9,3589,398,0.1807909604519774,0.09606299212598425,145.0,0.040401225968236275,31.0,359.0,0.7862068965517242,0.895760743321719,0.24101479915433405,0.9900513478818999,0.03077492349018952,0.006347941850836319,0.006580842313545743,0.006347941850836319,0.9143898434058231,0.3539068460552802,resnet50,unweighted_bce,ensemble,Pleural Effusion,T2_2016,raw,youden_validation,0.05153266167889194
1.0,3987,0,0.0,0.0,177.0,0.04439428141459744,34.0,683.0,0.807909604519774,0.820734908136483,0.17312348668280872,0.9892439101550142,0.03507858105820427,0.006139789816232854,0.005360155363376591,0.006139789816232854,0.8948159022495069,0.32146384839981035,resnet50,unweighted_bce,ensemble,Pleural Effusion,T2_2016,raw,youden_validation,0.05153266167889194
0.5,1994,1993,0.9717514124293786,0.4779527559055118,5.0,0.0025075225677031092,5.0,0.0,0.0,1.0,,0.9974924774322969,0.0025206275676939267,0.004707074612277204,0.004120487812130794,0.004707074612277204,0.6537958773252891,0.004834289731222591,resnet50,unweighted_bce,ensemble,Pleural Effusion,T2_2016,raw,fixed_0.5,0.5
0.6,2393,1594,0.9491525423728814,0.3742782152230971,9.0,0.0037609694943585457,9.0,0.0,0.0,1.0,,0.9962390305056414,0.0037656958320739986,0.004694880266526574,0.004526311019845206,0.004694880266526574,0.7027870991797165,0.008292310044812762,resnet50,unweighted_bce,ensemble,Pleural Effusion,T2_2016,raw,fixed_0.5,0.5
0.7,2791,1196,0.903954802259887,0.2719160104986877,17.0,0.006091006807595844,17.0,0.0,0.0,1.0,,0.9939089931924041,0.006038333890883986,0.004548716628625984,0.004548716628625984,0.004548716628625984,0.7617583442894101,0.019505808885590194,resnet50,unweighted_bce,ensemble,Pleural Effusion,T2_2016,raw,fixed_0.5,0.5
0.8,3190,797,0.7966101694915254,0.1721784776902887,36.0,0.01128526645768025,36.0,0.0,0.0,1.0,,0.9887147335423198,0.010924040967905398,0.005781662665991557,0.0031724355211600955,0.005781662665991557,0.8222539279926725,0.08582079160697298,resnet50,unweighted_bce,ensemble,Pleural Effusion,T2_2016,raw,fixed_0.5,0.5
0.9,3589,398,0.5819209039548022,0.07742782152230972,74.0,0.020618556701030927,74.0,0.0,0.0,1.0,,0.979381443298969,0.01925088035308907,0.006613974355484961,0.003179085438540932,0.006613974355484961,0.8497866287339972,0.09892843174159457,resnet50,unweighted_bce,ensemble,Pleural Effusion,T2_2016,raw,fixed_0.5,0.5
1.0,3987,0,0.0,0.0,177.0,0.04439428141459744,166.0,5.0,0.062146892655367235,0.9986876640419947,0.6875,0.9581969277260136,0.03507858105820427,0.006139789816232854,0.00536015536337659,0.006139789816232854,0.8948159022495069,0.32146384839981035,resnet50,unweighted_bce,ensemble,Pleural Effusion,T2_2016,raw,fixed_0.5,0.5
0.5,1994,1993,0.9661016949152542,0.47821522309711284,6.0,0.003009027081243731,6.0,0.0,0.0,1.0,,0.9969909729187563,0.0030021260515568234,0.003369002953641595,0.0032381613490357623,0.003369002953641595,0.7656773977196513,0.010056018015628793,resnet50,unweighted_bce,ensemble,Pleural Effusion,T2_2016,temperature,youden_validation,0.055277660489082336
0.6,2393,1594,0.9491525423728814,0.3742782152230971,9.0,0.0037609694943585457,9.0,0.0,0.0,1.0,,0.9962390305056414,0.0037553161661996997,0.004544411097235613,0.004229735355003828,0.004544411097235613,0.7471103653989559,0.012968812656221438,resnet50,unweighted_bce,ensemble,Pleural Effusion,T2_2016,temperature,youden_validation,0.055277660489082336
0.7,2791,1196,0.8192090395480226,0.27585301837270343,32.0,0.01146542457900394,16.0,13.0,0.5,0.9952881478796666,0.5517241379310345,0.9942070963070239,0.0082361386948699,0.004072170608918226,0.005887456413789575,0.004072170608918226,0.8865304458137006,0.37140493837158206,resnet50,unweighted_bce,ensemble,Pleural Effusion,T2_2016,temperature,youden_validation,0.055277660489082336
0.8,3190,797,0.4971751412429379,0.18608923884514436,89.0,0.027899686520376176,20.0,118.0,0.7752808988764045,0.961947758787488,0.3689839572192513,0.9933399933399933,0.019495643987996126,0.005865277020409587,0.008708107301550784,0.005865277020409587,0.9283014902767864,0.4019959353024824,resnet50,unweighted_bce,ensemble,Pleural Effusion,T2_2016,temperature,youden_validation,0.055277660489082336
0.9,3589,398,0.192090395480226,0.09553805774278215,143.0,0.039843967679019224,31.0,354.0,0.7832167832167832,0.8972721996517702,0.24034334763948498,0.9900736471341659,0.030315151784408877,0.005765924262589763,0.006082021414882776,0.005765924262589763,0.9171087183275227,0.35629768937909395,resnet50,unweighted_bce,ensemble,Pleural Effusion,T2_2016,temperature,youden_validation,0.055277660489082336
1.0,3987,0,0.0,0.0,177.0,0.04439428141459744,35.0,667.0,0.8022598870056498,0.8249343832020998,0.17552533992583436,0.9889867841409692,0.03505271568948786,0.005671955832657,0.005834299627180412,0.005671955832657,0.8969067425893799,0.32254365467140594,resnet50,unweighted_bce,ensemble,Pleural Effusion,T2_2016,temperature,youden_validation,0.055277660489082336
0.5,1994,1993,0.9661016949152542,0.47821522309711284,6.0,0.003009027081243731,6.0,0.0,0.0,1.0,,0.9969909729187563,0.0030021260515568234,0.003369002976877953,0.0032381613490357623,0.003369002976877953,0.7656773977196513,0.010056018015628793,resnet50,unweighted_bce,ensemble,Pleural Effusion,T2_2016,temperature,fixed_0.5,0.5
0.6,2393,1594,0.9491525423728814,0.3742782152230971,9.0,0.0037609694943585457,9.0,0.0,0.0,1.0,,0.9962390305056414,0.0037553161661996997,0.004544411097235613,0.004229735355003828,0.004544411097235613,0.7471103653989559,0.012968812656221438,resnet50,unweighted_bce,ensemble,Pleural Effusion,T2_2016,temperature,fixed_0.5,0.5
0.7,2791,1196,0.903954802259887,0.2719160104986877,17.0,0.006091006807595844,17.0,0.0,0.0,1.0,,0.9939089931924041,0.006028068343609097,0.00445084931955892,0.004450849481314068,0.00445084931955892,0.7838754824207982,0.03345243470386809,resnet50,unweighted_bce,ensemble,Pleural Effusion,T2_2016,temperature,fixed_0.5,0.5
0.8,3190,797,0.8022598870056498,0.17191601049868765,35.0,0.0109717868338558,35.0,0.0,0.0,1.0,,0.9890282131661442,0.010624113907630356,0.005519541871272682,0.0036782376398113454,0.005519541871272682,0.8284718134480417,0.05478738452595683,resnet50,unweighted_bce,ensemble,Pleural Effusion,T2_2016,temperature,fixed_0.5,0.5
0.9,3589,398,0.5819209039548022,0.07742782152230972,74.0,0.020618556701030927,74.0,0.0,0.0,1.0,,0.979381443298969,0.01920180693228694,0.0058448738125940446,0.003948768900277123,0.0058448738125940446,0.8552535465764484,0.10017442766377986,resnet50,unweighted_bce,ensemble,Pleural Effusion,T2_2016,temperature,fixed_0.5,0.5
1.0,3987,0,0.0,0.0,177.0,0.04439428141459744,167.0,4.0,0.05649717514124294,0.9989501312335958,0.7142857142857143,0.9579662723382835,0.03505271568948786,0.005671956204531978,0.005834299627180412,0.005671956204531978,0.8969067425893799,0.32254365467140594,resnet50,unweighted_bce,ensemble,Pleural Effusion,T2_2016,temperature,fixed_0.5,0.5
0.5,1994,1993,0.9661016949152542,0.47821522309711284,6.0,0.003009027081243731,6.0,0.0,0.0,1.0,,0.9969909729187563,0.003016393917354974,0.004799533338793212,0.0046998479155078154,0.004799533338793212,0.7401911468812877,0.02001254573164427,resnet50,unweighted_bce,ensemble,Pleural Effusion,T2_2016,offset,youden_validation,0.06356904904047649
0.6,2393,1594,0.943502824858757,0.3745406824146982,10.0,0.004178854993731718,9.0,3.0,0.1,0.9987410826689047,0.25,0.996232733361239,0.004370598032842152,0.006664432455543109,0.006594972468591912,0.006664432455543109,0.7528325639949645,0.06180907751465944,resnet50,unweighted_bce,ensemble,Pleural Effusion,T2_2016,offset,youden_validation,0.06356904904047649
0.7,2791,1196,0.751412429378531,0.279002624671916,44.0,0.015764958796130418,15.0,26.0,0.6590909090909091,0.9905351292318894,0.5272727272727272,0.9945175438596491,0.010271058564212485,0.006912200521799195,0.008052121259242736,0.006912200521799195,0.9130290895853328,0.42802003010194073,resnet50,unweighted_bce,ensemble,Pleural Effusion,T2_2016,offset,youden_validation,0.06356904904047649
0.8,3190,797,0.480225988700565,0.1868766404199475,92.0,0.02884012539184953,20.0,139.0,0.782608695652174,0.9551323434473854,0.3412322274881517,0.9932863376972139,0.020786655431186546,0.012133466179824222,0.012133466118076659,0.012133466179824222,0.9278356302804052,0.4026890194409479,resnet50,unweighted_bce,ensemble,Pleural Effusion,T2_2016,offset,youden_validation,0.06356904904047649
0.9,3589,398,0.1694915254237288,0.09658792650918635,147.0,0.04095848425745333,31.0,359.0,0.7891156462585034,0.8957001743172575,0.24421052631578946,0.9900449582530507,0.031526544345574274,0.011247161917381171,0.011247160970359233,0.011247161917381171,0.9159818488697049,0.3556431174591447,resnet50,unweighted_bce,ensemble,Pleural Effusion,T2_2016,offset,youden_validation,0.06356904904047649
1.0,3987,0,0.0,0.0,177.0,0.04439428141459744,35.0,673.0,0.8022598870056498,0.8233595800524934,0.17423312883435582,0.9889659520807061,0.035352606727162075,0.011140628329555056,0.011140625338028749,0.011140628329555056,0.8964099826504737,0.3237779291706015,resnet50,unweighted_bce,ensemble,Pleural Effusion,T2_2016,offset,youden_validation,0.06356904904047649
0.5,1994,1993,0.9661016949152542,0.47821522309711284,6.0,0.003009027081243731,6.0,0.0,0.0,1.0,,0.9969909729187563,0.003016393917354974,0.004799533338793212,0.0046998479155078154,0.004799533338793212,0.7401911468812877,0.02001254573164427,resnet50,unweighted_bce,ensemble,Pleural Effusion,T2_2016,offset,fixed_0.5,0.5
0.6,2393,1594,0.9491525423728814,0.3742782152230971,9.0,0.0037609694943585457,9.0,0.0,0.0,1.0,,0.9962390305056414,0.0037806415650545586,0.0060157572858952485,0.005946297901793474,0.0060157572858952485,0.7251118568232663,0.009752834771123743,resnet50,unweighted_bce,ensemble,Pleural Effusion,T2_2016,offset,fixed_0.5,0.5
0.7,2791,1196,0.903954802259887,0.2719160104986877,17.0,0.006091006807595844,17.0,0.0,0.0,1.0,,0.9939089931924041,0.0060575291483362746,0.0065191019245028625,0.00651910178402031,0.0065191019245028625,0.7751176894694431,0.031845706484032434,resnet50,unweighted_bce,ensemble,Pleural Effusion,T2_2016,offset,fixed_0.5,0.5
0.8,3190,797,0.8022598870056498,0.17191601049868765,35.0,0.0109717868338558,35.0,0.0,0.0,1.0,,0.9890282131661442,0.010649155302316941,0.006354656948220441,0.006354657553580114,0.006354656948220441,0.8243151460267149,0.05393197090457124,resnet50,unweighted_bce,ensemble,Pleural Effusion,T2_2016,offset,fixed_0.5,0.5
0.9,3589,398,0.5819209039548022,0.07742782152230972,74.0,0.020618556701030927,74.0,0.0,0.0,1.0,,0.979381443298969,0.019202924677040704,0.006014622128616595,0.006157249467606729,0.006014622128616595,0.8537234247049326,0.10124554699046986,resnet50,unweighted_bce,ensemble,Pleural Effusion,T2_2016,offset,fixed_0.5,0.5
1.0,3987,0,0.0,0.0,177.0,0.04439428141459744,155.0,22.0,0.12429378531073447,0.9942257217847769,0.5,0.9606898300786203,0.035352606727162075,0.01114062460146168,0.01114062441114438,0.01114062460146168,0.8964099826504737,0.3237779291706015,resnet50,unweighted_bce,ensemble,Pleural Effusion,T2_2016,offset,fixed_0.5,0.5
0.5,1994,1993,0.9661016949152542,0.47821522309711284,6.0,0.003009027081243731,6.0,0.0,0.0,1.0,,0.9969909729187563,0.002990413864566861,0.002335168293702025,0.0007179740567877517,0.002335168293702025,0.7885647216633133,0.012090383099653278,resnet50,unweighted_bce,ensemble,Pleural Effusion,T2_2016,platt,youden_validation,0.059379554664095245
0.6,2393,1594,0.943502824858757,0.3745406824146982,10.0,0.004178854993731718,9.0,3.0,0.1,0.9987410826689047,0.25,0.996232733361239,0.00446919043141264,0.0027897206837186068,0.0023385395204070045,0.0027897206837186068,0.788040285354595,0.11921929096439952,resnet50,unweighted_bce,ensemble,Pleural Effusion,T2_2016,platt,youden_validation,0.059379554664095245
0.7,2791,1196,0.7796610169491526,0.27769028871391077,39.0,0.013973486205661053,14.0,25.0,0.6410256410256411,0.9909156976744186,0.5,0.9948923750456038,0.009645435269981517,0.006769270891495869,0.004644902988791797,0.006769270891495869,0.9086817978533095,0.4248652680821835,resnet50,unweighted_bce,ensemble,Pleural Effusion,T2_2016,platt,youden_validation,0.059379554664095245
0.8,3190,797,0.4858757062146893,0.18661417322834645,91.0,0.028526645768025077,21.0,134.0,0.7692307692307693,0.9567602452404002,0.3431372549019608,0.992967180174146,0.021477353413369052,0.011766788862400387,0.011071883273956171,0.011766788862400387,0.9299632281239251,0.402857149288898,resnet50,unweighted_bce,ensemble,Pleural Effusion,T2_2016,platt,youden_validation,0.059379554664095245
0.9,3589,398,0.2033898305084746,0.09501312335958005,141.0,0.03928670938980217,31.0,357.0,0.7801418439716312,0.896461716937355,0.23554603854389722,0.990070467648943,0.03129729877819027,0.01341226925737647,0.01322958247586109,0.01341226925737647,0.9171685507890277,0.3559619285822986,resnet50,unweighted_bce,ensemble,Pleural Effusion,T2_2016,platt,youden_validation,0.059379554664095245
1.0,3987,0,0.0,0.0,177.0,0.04439428141459744,34.0,673.0,0.807909604519774,0.8233595800524934,0.17524509803921567,0.989277830337433,0.03632696981718052,0.012780903304048404,0.011491754048594802,0.012780903304048404,0.8961742070376797,0.320598964535062,resnet50,unweighted_bce,ensemble,Pleural Effusion,T2_2016,platt,youden_validation,0.059379554664095245
0.5,1994,1993,0.9661016949152542,0.47821522309711284,6.0,0.003009027081243731,6.0,0.0,0.0,1.0,,0.9969909729187563,0.002990413864566861,0.0023351683634110993,0.0007179740567877517,0.0023351683634110993,0.7885647216633133,0.012090383099653278,resnet50,unweighted_bce,ensemble,Pleural Effusion,T2_2016,platt,fixed_0.5,0.5
0.6,2393,1594,0.9491525423728814,0.3742782152230971,9.0,0.0037609694943585457,9.0,0.0,0.0,1.0,,0.9962390305056414,0.0037350232004557675,0.0019684611119927717,0.00151728024251675,0.0019684611119927717,0.7642151379567487,0.04658856350113533,resnet50,unweighted_bce,ensemble,Pleural Effusion,T2_2016,platt,fixed_0.5,0.5
0.7,2791,1196,0.9152542372881356,0.2713910761154856,15.0,0.005374417771408097,15.0,0.0,0.0,1.0,,0.9946255822285919,0.005332840102424562,0.004522440939776624,0.0023980721451251344,0.004522440939776624,0.761671469740634,0.02950025246724569,resnet50,unweighted_bce,ensemble,Pleural Effusion,T2_2016,platt,fixed_0.5,0.5
0.8,3190,797,0.7966101694915254,0.1721784776902887,36.0,0.01128526645768025,36.0,0.0,0.0,1.0,,0.9887147335423198,0.010876019189411145,0.003617094080241217,0.0010064359841909162,0.003617094080241217,0.8358786021278096,0.08451070705786365,resnet50,unweighted_bce,ensemble,Pleural Effusion,T2_2016,platt,fixed_0.5,0.5
0.9,3589,398,0.5819209039548022,0.07742782152230972,74.0,0.020618556701030927,74.0,0.0,0.0,1.0,,0.979381443298969,0.019239467278311287,0.005512045527706906,0.0017241955957694385,0.005512045527706906,0.8546768674791435,0.0944694883047069,resnet50,unweighted_bce,ensemble,Pleural Effusion,T2_2016,platt,fixed_0.5,0.5
1.0,3987,0,0.0,0.0,177.0,0.04439428141459744,141.0,47.0,0.2033898305084746,0.9876640419947507,0.43373493975903615,0.9638831967213115,0.03632696981718052,0.012780899575955029,0.011491754048594802,0.012780899575955029,0.8961742070376797,0.320598964535062,resnet50,unweighted_bce,ensemble,Pleural Effusion,T2_2016,platt,fixed_0.5,0.5
0.5,1994,1993,,,,,16.71,,,,,,0.034849055629183806,,,,,,resnet50,unweighted_bce,ensemble,Pleural Effusion,T2_2016,random_baseline,youden_validation,0.05153266167889194
0.6,2393,1594,,,,,21.0,,,,,,0.03553578418289367,,,,,,resnet50,unweighted_bce,ensemble,Pleural Effusion,T2_2016,random_baseline,youden_validation,0.05153266167889194
0.7,2791,1196,,,,,24.07,,,,,,0.03509550938197877,,,,,,resnet50,unweighted_bce,ensemble,Pleural Effusion,T2_2016,random_baseline,youden_validation,0.05153266167889194
0.8,3190,797,,,,,26.99,,,,,,0.035069305650322936,,,,,,resnet50,unweighted_bce,ensemble,Pleural Effusion,T2_2016,random_baseline,youden_validation,0.05153266167889194
0.9,3589,398,,,,,30.63,,,,,,0.03505018509577434,,,,,,resnet50,unweighted_bce,ensemble,Pleural Effusion,T2_2016,random_baseline,youden_validation,0.05153266167889194
1.0,3987,0,,,,,34.0,,,,,,0.035078581058204265,,,,,,resnet50,unweighted_bce,ensemble,Pleural Effusion,T2_2016,random_baseline,youden_validation,0.05153266167889194
0.5,1218,1218,0.9058823529411765,0.4853253934495959,8.0,0.006568144499178982,8.0,0.0,0.0,1.0,,0.993431855500821,0.006528548630697019,0.0054786373975961,9.102281190141032e-06,0.0054786373975961,0.5608471074380166,0.008570264568709561,resnet50,unweighted_bce,ensemble,Pleural Effusion,T3_2017,raw,youden_validation,0.05153266167889194
0.6,1462,974,0.8823529411764706,0.3823904721395151,10.0,0.006839945280437756,10.0,1.0,0.0,0.9993112947658402,0.0,0.9931553730321697,0.007105615703580538,0.00650307095703514,0.0017962613004310765,0.00650307095703514,0.5519972451790633,0.008675244241809682,resnet50,unweighted_bce,ensemble,Pleural Effusion,T3_2017,raw,youden_validation,0.05153266167889194
0.7,1706,730,0.7176470588235294,0.28455976180348785,24.0,0.01406799531066823,12.0,7.0,0.5,0.9958382877526754,0.631578947368421,0.992886781268524,0.009786635166133026,0.005547087242633477,0.004871472932274176,0.005547087242633477,0.7754904875148633,0.3324025167467413,resnet50,unweighted_bce,ensemble,Pleural Effusion,T3_2017,raw,youden_validation,0.05153266167889194
0.8,1949,487,0.4235294117647059,0.19183326244151425,49.0,0.025141097998973832,16.0,53.0,0.673469387755102,0.9721052631578947,0.38372093023255816,0.991411701556629,0.018131700498587807,0.008090322013202558,0.007651709852016333,0.008090322013202558,0.861374865735768,0.38726353569878014,resnet50,unweighted_bce,ensemble,Pleural Effusion,T3_2017,raw,youden_validation,0.05153266167889194
0.9,2193,243,0.11764705882352941,0.09910676307954062,75.0,0.03419972640218878,19.0,185.0,0.7466666666666667,0.9126534466477809,0.23236514522821577,0.9902663934426229,0.025877153584761725,0.008366960972924154,0.01180250382632177,0.008366960972924154,0.8793578847969782,0.3643708514264839,resnet50,unweighted_bce,ensemble,Pleural Effusion,T3_2017,raw,youden_validation,0.05153266167889194
1.0,2436,0,0.0,0.0,85.0,0.03489326765188834,19.0,394.0,0.7764705882352941,0.8324117396852403,0.14347826086956522,0.9903846153846154,0.027243782080451993,0.010902136651568882,0.013641005520022977,0.010902136651568882,0.8695774013561188,0.3404533330052391,resnet50,unweighted_bce,ensemble,Pleural Effusion,T3_2017,raw,youden_validation,0.05153266167889194
0.5,1218,1218,0.9058823529411765,0.4853253934495959,8.0,0.006568144499178982,8.0,0.0,0.0,1.0,,0.993431855500821,0.006528548630697019,0.0054786373975961,9.102281190141032e-06,0.0054786373975961,0.5608471074380166,0.008570264568709561,resnet50,unweighted_bce,ensemble,Pleural Effusion,T3_2017,raw,fixed_0.5,0.5
0.6,1462,974,0.8823529411764706,0.3823904721395151,10.0,0.006839945280437756,10.0,0.0,0.0,1.0,,0.9931600547195623,0.006809508932540643,0.006065970426413189,0.001359160769809126,0.006065970426413189,0.5519972451790633,0.008675244241809682,resnet50,unweighted_bce,ensemble,Pleural Effusion,T3_2017,raw,fixed_0.5,0.5
0.7,1706,730,0.8352941176470589,0.2803062526584432,14.0,0.008206330597889801,14.0,0.0,0.0,1.0,,0.9917936694021102,0.00814019102045279,0.005679101370825681,0.0022645780102263056,0.005679101370825681,0.6135596082404593,0.040630290242573475,resnet50,unweighted_bce,ensemble,Pleural Effusion,T3_2017,raw,fixed_0.5,0.5
0.8,1949,487,0.7764705882352941,0.17907273500638027,19.0,0.009748589020010261,19.0,0.0,0.0,1.0,,0.9902514109799897,0.009663702494613607,0.007733089596866795,0.004080231287238539,0.007733089596866795,0.6485137714753205,0.02130414733168843,resnet50,unweighted_bce,ensemble,Pleural Effusion,T3_2017,raw,fixed_0.5,0.5
0.9,2193,243,0.6588235294117647,0.07954062101233518,29.0,0.013223894208846329,29.0,0.0,0.0,1.0,,0.9867761057911537,0.012966656863490378,0.00918976597606792,0.007808426081720308,0.00918976597606792,0.7141787239467143,0.0563519051950641,resnet50,unweighted_bce,ensemble,Pleural Effusion,T3_2017,raw,fixed_0.5,0.5
1.0,2436,0,0.0,0.0,85.0,0.03489326765188834,75.0,6.0,0.11764705882352941,0.9974478945129732,0.625,0.96900826446281,0.027243782080451993,0.010902136651568875,0.013641005520022976,0.010902136651568875,0.8695774013561188,0.3404533330052391,resnet50,unweighted_bce,ensemble,Pleural Effusion,T3_2017,raw,fixed_0.5,0.5
0.5,1218,1218,0.9058823529411765,0.4853253934495959,8.0,0.006568144499178982,8.0,0.0,0.0,1.0,,0.993431855500821,0.006527759144557312,0.005408517918083052,0.0003689173188470363,0.005408517918083052,0.5830578512396694,0.008502435107020596,resnet50,unweighted_bce,ensemble,Pleural Effusion,T3_2017,temperature,youden_validation,0.055277660489082336
0.6,1462,974,0.8823529411764706,0.3823904721395151,10.0,0.006839945280437756,10.0,0.0,0.0,1.0,,0.9931600547195623,0.00680660869868164,0.004764334648553277,0.0010454074279615394,0.004764334648553277,0.572107438016529,0.010073886053516931,resnet50,unweighted_bce,ensemble,Pleural Effusion,T3_2017,temperature,youden_validation,0.055277660489082336
0.7,1706,730,0.7294117647058823,0.2841344108889834,23.0,0.013481828839390387,13.0,6.0,0.43478260869565216,0.9964349376114082,0.625,0.9923076923076923,0.009904567615363277,0.004989869701392196,0.004502486493241954,0.004989869701392196,0.7735927045389961,0.3038087011468678,resnet50,unweighted_bce,ensemble,Pleural Effusion,T3_2017,temperature,youden_validation,0.055277660489082336
0.8,1949,487,0.4588235294117647,0.19055720969800086,46.0,0.023601847101077475,15.0,53.0,0.6739130434782609,0.9721492380451918,0.36904761904761907,0.9919571045576407,0.017118156448899496,0.007818918284425382,0.008150061540852271,0.007818918284425382,0.8574333432337956,0.38908098385608264,resnet50,unweighted_bce,ensemble,Pleural Effusion,T3_2017,temperature,youden_validation,0.055277660489082336
0.9,2193,243,0.11764705882352941,0.09910676307954062,75.0,0.03419972640218878,19.0,183.0,0.7466666666666667,0.9135977337110481,0.23430962343096234,0.9902763561924258,0.02588316397908049,0.008773013894185867,0.011871439804409226,0.008773013894185867,0.881643059490085,0.3664384618864231,resnet50,unweighted_bce,ensemble,Pleural Effusion,T3_2017,temperature,youden_validation,0.055277660489082336
1.0,2436,0,0.0,0.0,85.0,0.03489326765188834,19.0,388.0,0.7764705882352941,0.8349638451722671,0.14537444933920704,0.9904137235116044,0.02728313313879021,0.01072362181673221,0.014159252053533477,0.01072362181673221,0.8712187554732655,0.34184936076259015,resnet50,unweighted_bce,ensemble,Pleural Effusion,T3_2017,temperature,youden_validation,0.055277660489082336
0.5,1218,1218,0.9058823529411765,0.4853253934495959,8.0,0.006568144499178982,8.0,0.0,0.0,1.0,,0.993431855500821,0.006527759144557312,0.005408517918083052,0.0003689173188470363,0.005408517918083052,0.5830578512396694,0.008502435107020596,resnet50,unweighted_bce,ensemble,Pleural Effusion,T3_2017,temperature,fixed_0.5,0.5
0.6,1462,974,0.8823529411764706,0.3823904721395151,10.0,0.006839945280437756,10.0,0.0,0.0,1.0,,0.9931600547195623,0.00680660869868164,0.004764334648553277,0.0010454074279615394,0.004764334648553277,0.572107438016529,0.010073886053516931,resnet50,unweighted_bce,ensemble,Pleural Effusion,T3_2017,temperature,fixed_0.5,0.5
0.7,1706,730,0.8352941176470589,0.2803062526584432,14.0,0.008206330597889801,14.0,0.0,0.0,1.0,,0.9917936694021102,0.008137975795597949,0.005067603398253104,0.002074720911192516,0.005067603398253104,0.6261820330969268,0.028295736387111737,resnet50,unweighted_bce,ensemble,Pleural Effusion,T3_2017,temperature,fixed_0.5,0.5
0.8,1949,487,0.7764705882352941,0.17907273500638027,19.0,0.009748589020010261,19.0,0.0,0.0,1.0,,0.9902514109799897,0.009665490617290013,0.006405586967523807,0.004183163162533017,0.006405586967523807,0.6581401690755386,0.024674056553593803,resnet50,unweighted_bce,ensemble,Pleural Effusion,T3_2017,temperature,fixed_0.5,0.5
0.9,2193,243,0.6588235294117647,0.07954062101233518,29.0,0.013223894208846329,29.0,0.0,0.0,1.0,,0.9867761057911537,0.012995823067090745,0.009757408501926046,0.008219865139283331,0.009757408501926046,0.7192459685129708,0.06893100601197334,resnet50,unweighted_bce,ensemble,Pleural Effusion,T3_2017,temperature,fixed_0.5,0.5
1.0,2436,0,0.0,0.0,85.0,0.03489326765188834,75.0,5.0,0.11764705882352941,0.9978732454274777,0.6666666666666666,0.9690210656753407,0.02728313313879021,0.01072362181673221,0.0141592495065421,0.01072362181673221,0.8712187554732655,0.34184936076259015,resnet50,unweighted_bce,ensemble,Pleural Effusion,T3_2017,temperature,fixed_0.5,0.5
0.5,1218,1218,0.9058823529411765,0.4853253934495959,8.0,0.006568144499178982,8.0,0.0,0.0,1.0,,0.993431855500821,0.006532573225406202,0.00585283769435312,0.001074990765336895,0.00585283769435312,0.5673553719008264,0.008357707233408621,resnet50,unweighted_bce,ensemble,Pleural Effusion,T3_2017,offset,youden_validation,0.06356904904047649
0.6,1462,974,0.8823529411764706,0.3823904721395151,10.0,0.006839945280437756,10.0,1.0,0.0,0.9993112947658402,0.0,0.9931553730321697,0.007152318557178456,0.00600238642101106,0.003211092761884636,0.00600238642101106,0.5587465564738291,0.009190340536190944,resnet50,unweighted_bce,ensemble,Pleural Effusion,T3_2017,offset,youden_validation,0.06356904904047649
0.7,1706,730,0.6470588235294118,0.2871118672905147,30.0,0.017584994138335287,13.0,10.0,0.5666666666666667,0.9940334128878282,0.6296296296296297,0.9922572960095295,0.011442916932784148,0.005742867840677804,0.006267863356345635,0.005742867840677804,0.8229514717581544,0.39613865752578975,resnet50,unweighted_bce,ensemble,Pleural Effusion,T3_2017,offset,youden_validation,0.06356904904047649
0.8,1949,487,0.4,0.19268396427052317,51.0,0.02616726526423807,15.0,61.0,0.7058823529411765,0.9678609062170705,0.3711340206185567,0.9919006479481641,0.019087375191140277,0.0118383759392111,0.012374597235084377,0.0118383759392111,0.8673526312527119,0.39146891546755846,resnet50,unweighted_bce,ensemble,Pleural Effusion,T3_2017,offset,youden_validation,0.06356904904047649
0.9,2193,243,0.10588235294117647,0.09953211399404509,76.0,0.034655722754217966,19.0,189.0,0.75,0.9107227208313652,0.23170731707317074,0.9902413970210581,0.026676355480086122,0.014809299452970128,0.016769395037853605,0.014809299452970128,0.8811935957039505,0.36546118887793744,resnet50,unweighted_bce,ensemble,Pleural Effusion,T3_2017,offset,youden_validation,0.06356904904047649
1.0,2436,0,0.0,0.0,85.0,0.03489326765188834,19.0,394.0,0.7764705882352941,0.8324117396852403,0.14347826086956522,0.9903846153846154,0.027747823790491292,0.018876816735607503,0.020006203260089228,0.018876816735607503,0.8704881527259989,0.34219223592887393,resnet50,unweighted_bce,ensemble,Pleural Effusion,T3_2017,offset,youden_validation,0.06356904904047649
0.5,1218,1218,0.9058823529411765,0.4853253934495959,8.0,0.006568144499178982,8.0,0.0,0.0,1.0,,0.993431855500821,0.006532573225406202,0.00585283769435312,0.001074990765336895,0.00585283769435312,0.5673553719008264,0.008357707233408621,resnet50,unweighted_bce,ensemble,Pleural Effusion,T3_2017,offset,fixed_0.5,0.5
0.6,1462,974,0.8823529411764706,0.3823904721395151,10.0,0.006839945280437756,10.0,0.0,0.0,1.0,,0.9931600547195623,0.006822020635027612,0.005542624301612173,0.0027513305456587783,0.005542624301612173,0.5587465564738291,0.009190340536190944,resnet50,unweighted_bce,ensemble,Pleural Effusion,T3_2017,offset,fixed_0.5,0.5
0.7,1706,730,0.8352941176470589,0.2803062526584432,14.0,0.008206330597889801,14.0,0.0,0.0,1.0,,0.9917936694021102,0.008160551733923105,0.006359542524447535,0.004135436951624969,0.006359542524447535,0.6189631881121243,0.02925574893744052,resnet50,unweighted_bce,ensemble,Pleural Effusion,T3_2017,offset,fixed_0.5,0.5
0.8,1949,487,0.7764705882352941,0.17907273500638027,19.0,0.009748589020010261,19.0,0.0,0.0,1.0,,0.9902514109799897,0.009717836675270526,0.00883433212270017,0.006769668538335534,0.00883433212270017,0.6536405781292609,0.023695256351695934,resnet50,unweighted_bce,ensemble,Pleural Effusion,T3_2017,offset,fixed_0.5,0.5
0.9,2193,243,0.6705882352941176,0.07911527009783072,28.0,0.012767897856817145,28.0,0.0,0.0,1.0,,0.9872321021431828,0.012803005442869922,0.013085364101847869,0.011595334544288637,0.013085364101847869,0.7061695809963708,0.046494274265320996,resnet50,unweighted_bce,ensemble,Pleural Effusion,T3_2017,offset,fixed_0.5,0.5
1.0,2436,0,0.0,0.0,85.0,0.03489326765188834,68.0,10.0,0.2,0.9957464908549554,0.6296296296296297,0.9717725197177252,0.027747823790491292,0.01887681599238456,0.020006203382430452,0.01887681599238456,0.8704881527259989,0.34219223592887393,resnet50,unweighted_bce,ensemble,Pleural Effusion,T3_2017,offset,fixed_0.5,0.5
0.5,1218,1218,0.9058823529411765,0.4853253934495959,8.0,0.006568144499178982,8.0,0.0,0.0,1.0,,0.993431855500821,0.0065343100640328595,0.005369617346420347,0.0028762879826538324,0.005369617346420347,0.593904958677686,0.008689981972202658,resnet50,unweighted_bce,ensemble,Pleural Effusion,T3_2017,platt,youden_validation,0.059379554664095245
0.6,1462,974,0.8823529411764706,0.3823904721395151,10.0,0.006839945280437756,10.0,1.0,0.0,0.9993112947658402,0.0,0.9931553730321697,0.00722431741412179,0.004939037900454353,0.0022060414677467985,0.004939037900454353,0.5757575757575758,0.009242961274762151,resnet50,unweighted_bce,ensemble,Pleural Effusion,T3_2017,platt,youden_validation,0.059379554664095245
0.7,1706,730,0.6705882352941176,0.28626116546150576,28.0,0.016412661195779603,13.0,9.0,0.5357142857142857,0.9946364719904648,0.625,0.9922711058263971,0.010981386289274036,0.005120828626011383,0.0021229604054962973,0.005120828626011383,0.8167461263408821,0.39314819236019943,resnet50,unweighted_bce,ensemble,Pleural Effusion,T3_2017,platt,youden_validation,0.059379554664095245
0.8,1949,487,0.4235294117647059,0.19183326244151425,49.0,0.025141097998973832,15.0,60.0,0.6938775510204082,0.968421052631579,0.3617021276595745,0.9919137466307277,0.019234867947809552,0.01349165782438383,0.009668807524914402,0.01349165782438383,0.8658109559613318,0.39694549738091817,resnet50,unweighted_bce,ensemble,Pleural Effusion,T3_2017,platt,youden_validation,0.059379554664095245
0.9,2193,243,0.11764705882352941,0.09910676307954062,75.0,0.03419972640218878,19.0,186.0,0.7466666666666667,0.9121813031161473,0.23140495867768596,0.9902614044079959,0.027061055916165276,0.017634174913646567,0.014052099861269174,0.017634174913646567,0.8819578218445073,0.37042694867677695,resnet50,unweighted_bce,ensemble,Pleural Effusion,T3_2017,platt,youden_validation,0.059379554664095245
1.0,2436,0,0.0,0.0,85.0,0.03489326765188834,19.0,389.0,0.7764705882352941,0.8345384942577626,0.14505494505494507,0.9904088844018173,0.028420482111942282,0.020351860870466507,0.017244440293144467,0.020351860870466507,0.8715540320764631,0.34540395351225506,resnet50,unweighted_bce,ensemble,Pleural Effusion,T3_2017,platt,youden_validation,0.059379554664095245
0.5,1218,1218,0.9058823529411765,0.4853253934495959,8.0,0.006568144499178982,8.0,0.0,0.0,1.0,,0.993431855500821,0.0065343100640328595,0.005369617352250671,0.0028762879826538324,0.005369617352250671,0.593904958677686,0.008689981972202658,resnet50,unweighted_bce,ensemble,Pleural Effusion,T3_2017,platt,fixed_0.5,0.5
0.6,1462,974,0.8823529411764706,0.3823904721395151,10.0,0.006839945280437756,10.0,0.0,0.0,1.0,,0.9931600547195623,0.00680595356189688,0.004414882947020003,0.001660098621135045,0.004414882947020003,0.5757575757575758,0.009242961274762151,resnet50,unweighted_bce,ensemble,Pleural Effusion,T3_2017,platt,fixed_0.5,0.5
0.7,1706,730,0.8352941176470589,0.2803062526584432,14.0,0.008206330597889801,14.0,0.0,0.0,1.0,,0.9917936694021102,0.008128121133069608,0.004244005745920982,0.0006908591692570652,0.004244005745920982,0.6309101654846336,0.023589921809401906,resnet50,unweighted_bce,ensemble,Pleural Effusion,T3_2017,platt,fixed_0.5,0.5
0.8,1949,487,0.7764705882352941,0.17907273500638027,19.0,0.009748589020010261,19.0,0.0,0.0,1.0,,0.9902514109799897,0.009654736432615321,0.00628846094034122,0.0016492095256483274,0.00628846094034122,0.6604581401690756,0.02268833009463145,resnet50,unweighted_bce,ensemble,Pleural Effusion,T3_2017,platt,fixed_0.5,0.5
0.9,2193,243,0.6588235294117647,0.07954062101233518,29.0,0.013223894208846329,29.0,0.0,0.0,1.0,,0.9867761057911537,0.013082429919141096,0.010860209251928953,0.006552571908142324,0.010860209251928953,0.7208713111096947,0.05609763188020798,resnet50,unweighted_bce,ensemble,Pleural Effusion,T3_2017,platt,fixed_0.5,0.5
1.0,2436,0,0.0,0.0,85.0,0.03489326765188834,63.0,27.0,0.25882352941176473,0.9885155253083794,0.4489795918367347,0.9736070381231672,0.028420482111942282,0.020351858634393885,0.017244439069732213,0.020351858634393885,0.8715540320764631,0.34540395351225506,resnet50,unweighted_bce,ensemble,Pleural Effusion,T3_2017,platt,fixed_0.5,0.5
0.5,1218,1218,,,,,9.44,,,,,,0.02728623542679277,,,,,,resnet50,unweighted_bce,ensemble,Pleural Effusion,T3_2017,random_baseline,youden_validation,0.05153266167889194
0.6,1462,974,,,,,11.38,,,,,,0.0272662605212509,,,,,,resnet50,unweighted_bce,ensemble,Pleural Effusion,T3_2017,random_baseline,youden_validation,0.05153266167889194
0.7,1706,730,,,,,13.38,,,,,,0.027172789293781762,,,,,,resnet50,unweighted_bce,ensemble,Pleural Effusion,T3_2017,random_baseline,youden_validation,0.05153266167889194
0.8,1949,487,,,,,15.54,,,,,,0.027406602466388173,,,,,,resnet50,unweighted_bce,ensemble,Pleural Effusion,T3_2017,random_baseline,youden_validation,0.05153266167889194
0.9,2193,243,,,,,17.14,,,,,,0.027197059314267403,,,,,,resnet50,unweighted_bce,ensemble,Pleural Effusion,T3_2017,random_baseline,youden_validation,0.05153266167889194
1.0,2436,0,,,,,19.0,,,,,,0.027243782080451986,,,,,,resnet50,unweighted_bce,ensemble,Pleural Effusion,T3_2017,random_baseline,youden_validation,0.05153266167889194
0.5,940,939,0.9,0.48879168944778567,5.0,0.005319148936170213,5.0,0.0,0.0,1.0,,0.9946808510638298,0.005293244673111788,0.0050494730870858625,0.001962198021125345,0.0050494730870858625,0.5632085561497326,0.009307783340854154,resnet50,unweighted_bce,ensemble,Pneumonia,T1_2015,raw,youden_validation,0.01931908537818541
0.6,1128,751,0.88,0.3865500273373428,6.0,0.005319148936170213,6.0,0.0,0.0,1.0,,0.9946808510638298,0.005291865962952563,0.004234214537987128,0.001326885549249591,0.004234214537987128,0.5562982768865121,0.0208760332832656,resnet50,unweighted_bce,ensemble,Pneumonia,T1_2015,raw,youden_validation,0.01931908537818541
0.7,1316,563,0.84,0.28485511208310554,8.0,0.0060790273556231,8.0,0.0,0.0,1.0,,0.993920972644377,0.00604277609793757,0.004863781807954878,0.0012160875646661032,0.004863781807954878,0.5811353211009175,0.009365572366635305,resnet50,unweighted_bce,ensemble,Pneumonia,T1_2015,raw,youden_validation,0.01931908537818541
0.8,1504,375,0.54,0.19026790595954074,23.0,0.015292553191489361,8.0,53.0,0.6521739130434783,0.9642133693450371,0.22058823529411764,0.9944289693593314,0.013000389407078828,0.005470109425680981,0.003162903933860727,0.005470109425680981,0.8218007809059683,0.30617496045415404,resnet50,unweighted_bce,ensemble,Pneumonia,T1_2015,raw,youden_validation,0.01931908537818541
0.9,1692,187,0.12,0.0989611809732094,44.0,0.026004728132387706,8.0,203.0,0.8181818181818182,0.8768203883495146,0.1506276150627615,0.9944941500344116,0.022723671543817766,0.010368879944048724,0.008052048153422284,0.010368879944048724,0.8632364298323036,0.25020390585468655,resnet50,unweighted_bce,ensemble,Pneumonia,T1_2015,raw,youden_validation,0.01931908537818541
1.0,1879,0,0.0,0.0,50.0,0.026609898882384245,8.0,377.0,0.84,0.7938764352104976,0.10023866348448687,0.9945205479452055,0.023575017363226574,0.008722668274402798,0.007736542825053646,0.008722668274402798,0.8551886276653909,0.23310065154918774,resnet50,unweighted_bce,ensemble,Pneumonia,T1_2015,raw,youden_validation,0.01931908537818541
0.5,940,939,0.9,0.48879168944778567,5.0,0.005319148936170213,5.0,0.0,0.0,1.0,,0.9946808510638298,0.005293244673111788,0.0050494730870858625,0.001962198021125345,0.0050494730870858625,0.5632085561497326,0.009307783340854154,resnet50,unweighted_bce,ensemble,Pneumonia,T1_2015,raw,fixed_0.5,0.5
0.6,1128,751,0.88,0.3865500273373428,6.0,0.005319148936170213,6.0,0.0,0.0,1.0,,0.9946808510638298,0.005291865962952563,0.004234214537987128,0.001326885549249591,0.004234214537987128,0.5562982768865121,0.0208760332832656,resnet50,unweighted_bce,ensemble,Pneumonia,T1_2015,raw,fixed_0.5,0.5
0.7,1316,563,0.84,0.28485511208310554,8.0,0.0060790273556231,8.0,0.0,0.0,1.0,,0.993920972644377,0.00604277609793757,0.004863781807954878,0.0012160875646661032,0.004863781807954878,0.5811353211009175,0.009365572366635305,resnet50,unweighted_bce,ensemble,Pneumonia,T1_2015,raw,fixed_0.5,0.5
0.8,1504,375,0.78,0.18370694368507381,11.0,0.007313829787234043,11.0,0.0,0.0,1.0,,0.992686170212766,0.007234929262539611,0.003517697300295202,0.0009869684589573647,0.003517697300295202,0.639895268830299,0.057315123920180844,resnet50,unweighted_bce,ensemble,Pneumonia,T1_2015,raw,fixed_0.5,0.5
0.9,1692,187,0.64,0.0847457627118644,18.0,0.010638297872340425,18.0,0.0,0.0,1.0,,0.9893617021276596,0.010378762109974297,0.003535992357505348,0.0011798767776963932,0.003535992357505348,0.7235497145891412,0.05617026815432901,resnet50,unweighted_bce,ensemble,Pneumonia,T1_2015,raw,fixed_0.5,0.5
1.0,1879,0,0.0,0.0,50.0,0.026609898882384245,50.0,0.0,0.0,1.0,,0.9733901011176157,0.023575017363226574,0.008722668274402798,0.0077365428250536425,0.008722668274402798,0.8551886276653909,0.23310065154918774,resnet50,unweighted_bce,ensemble,Pneumonia,T1_2015,raw,fixed_0.5,0.5
0.5,940,939,0.9,0.48879168944778567,5.0,0.005319148936170213,5.0,0.0,0.0,1.0,,0.9946808510638298,0.005299916890777796,0.006555691959183106,0.0013429251385430035,0.006555691959183106,0.46802139037433155,0.006734241281419197,resnet50,unweighted_bce,ensemble,Pneumonia,T1_2015,temperature,youden_validation,0.038718036065498986
0.6,1128,751,0.86,0.3870967741935484,7.0,0.0062056737588652485,7.0,0.0,0.0,1.0,,0.9937943262411347,0.006167135619226578,0.00488773493002287,0.0014094528038015941,0.00488773493002287,0.5580476615266982,0.04690993550828293,resnet50,unweighted_bce,ensemble,Pneumonia,T1_2015,temperature,youden_validation,0.038718036065498986
0.7,1316,563,0.84,0.28485511208310554,8.0,0.0060790273556231,8.0,0.0,0.0,1.0,,0.993920972644377,0.006063837040045021,0.007292194004779142,0.0028177155920491,0.007292194004779142,0.5267584097859327,0.007960487650814826,resnet50,unweighted_bce,ensemble,Pneumonia,T1_2015,temperature,youden_validation,0.038718036065498986
0.8,1504,375,0.7,0.1858939311098961,15.0,0.00997340425531915,11.0,3.0,0.26666666666666666,0.9979852249832102,0.5714285714285714,0.9926519706078825,0.008818673110334796,0.006902797048417554,0.00488576710103309,0.006902797048417554,0.7074994403402731,0.27710344183569563,resnet50,unweighted_bce,ensemble,Pneumonia,T1_2015,temperature,youden_validation,0.038718036065498986
0.9,1692,187,0.26,0.09513395297977037,37.0,0.02186761229314421,11.0,119.0,0.7027027027027027,0.9280966767371601,0.1793103448275862,0.9928894634776988,0.01897611019871853,0.00910443692682145,0.006060218680309745,0.00910443692682145,0.8413978933616395,0.2483813918933049,resnet50,unweighted_bce,ensemble,Pneumonia,T1_2015,temperature,youden_validation,0.038718036065498986
1.0,1879,0,0.0,0.0,50.0,0.026609898882384245,11.0,282.0,0.78,0.8458173865500274,0.12149532710280374,0.9929396662387676,0.023436014702304196,0.009807577034385652,0.004287163032236578,0.009807577034385652,0.847840349917988,0.2257113811069134,resnet50,unweighted_bce,ensemble,Pneumonia,T1_2015,temperature,youden_validation,0.038718036065498986
0.5,940,939,0.9,0.48879168944778567,5.0,0.005319148936170213,5.0,0.0,0.0,1.0,,0.9946808510638298,0.005299916890777796,0.006555691959183106,0.0013429251385430035,0.006555691959183106,0.46802139037433155,0.006734241281419197,resnet50,unweighted_bce,ensemble,Pneumonia,T1_2015,temperature,fixed_0.5,0.5
0.6,1128,751,0.86,0.3870967741935484,7.0,0.0062056737588652485,7.0,0.0,0.0,1.0,,0.9937943262411347,0.006167135619226578,0.00488773493002287,0.0014094528038015941,0.00488773493002287,0.5580476615266982,0.04690993550828293,resnet50,unweighted_bce,ensemble,Pneumonia,T1_2015,temperature,fixed_0.5,0.5
0.7,1316,563,0.84,0.28485511208310554,8.0,0.0060790273556231,8.0,0.0,0.0,1.0,,0.993920972644377,0.006063837040045021,0.007292194004779142,0.0028177155920491,0.007292194004779142,0.5267584097859327,0.007960487650814826,resnet50,unweighted_bce,ensemble,Pneumonia,T1_2015,temperature,fixed_0.5,0.5
0.8,1504,375,0.78,0.18370694368507381,11.0,0.007313829787234043,11.0,0.0,0.0,1.0,,0.992686170212766,0.007268536815054938,0.006580292562906076,0.0036005040140072685,0.006580292562906076,0.5997077269682761,0.02163072804489037,resnet50,unweighted_bce,ensemble,Pneumonia,T1_2015,temperature,fixed_0.5,0.5
0.9,1692,187,0.64,0.0847457627118644,18.0,0.010638297872340425,18.0,0.0,0.0,1.0,,0.9893617021276596,0.010397178200143357,0.00700094232841084,0.00433777229802915,0.00700094232841084,0.7033718306119741,0.11407294842352388,resnet50,unweighted_bce,ensemble,Pneumonia,T1_2015,temperature,fixed_0.5,0.5
1.0,1879,0,0.0,0.0,50.0,0.026609898882384245,50.0,0.0,0.0,1.0,,0.9733901011176157,0.023436014702304202,0.009807577034385655,0.004287163032236581,0.009807577034385655,0.847840349917988,0.2257113811069134,resnet50,unweighted_bce,ensemble,Pneumonia,T1_2015,temperature,fixed_0.5,0.5
0.5,940,939,0.9,0.48879168944778567,5.0,0.005319148936170213,5.0,0.0,0.0,1.0,,0.9946808510638298,0.005295999634184546,0.006428017629852374,0.0002754095467943328,0.006428017629852374,0.4919786096256684,0.0063213899365988525,resnet50,unweighted_bce,ensemble,Pneumonia,T1_2015,offset,youden_validation,0.039240788047512375
0.6,1128,751,0.88,0.3865500273373428,6.0,0.005319148936170213,6.0,0.0,0.0,1.0,,0.9946808510638298,0.005300572566967617,0.005480882557214987,0.0012017534857115568,0.005480882557214987,0.49732620320855614,0.007192044964163416,resnet50,unweighted_bce,ensemble,Pneumonia,T1_2015,offset,youden_validation,0.039240788047512375
0.7,1316,563,0.84,0.28485511208310554,8.0,0.0060790273556231,8.0,0.0,0.0,1.0,,0.993920972644377,0.006056221794745773,0.007972322726063881,0.0016904243032320205,0.007972322726063881,0.5395642201834863,0.008179296660275687,resnet50,unweighted_bce,ensemble,Pneumonia,T1_2015,offset,youden_validation,0.039240788047512375
0.8,1504,375,0.72,0.18534718425369054,14.0,0.009308510638297872,10.0,3.0,0.2857142857142857,0.9979865771812081,0.5714285714285714,0.9933199732798931,0.008072660030990388,0.005915293411354693,0.004184931642291552,0.005915293411354693,0.690699904122723,0.19520361754464516,resnet50,unweighted_bce,ensemble,Pneumonia,T1_2015,offset,youden_validation,0.039240788047512375
0.9,1692,187,0.32,0.09349371241115363,34.0,0.02009456264775414,11.0,113.0,0.6764705882352942,0.9318455971049457,0.16911764705882354,0.9929305912596401,0.017560462865645807,0.005400064867386995,0.006546013294137803,0.005400064867386995,0.8330376782799971,0.2130599003313113,resnet50,unweighted_bce,ensemble,Pneumonia,T1_2015,offset,youden_validation,0.039240788047512375
1.0,1879,0,0.0,0.0,50.0,0.026609898882384245,11.0,275.0,0.78,0.8496446145434664,0.12420382165605096,0.9929712460063898,0.023480777594772895,0.00969236565859563,0.003615710681151911,0.00969236565859563,0.8475123018042646,0.19829036929799707,resnet50,unweighted_bce,ensemble,Pneumonia,T1_2015,offset,youden_validation,0.039240788047512375
0.5,940,939,0.9,0.48879168944778567,5.0,0.005319148936170213,5.0,0.0,0.0,1.0,,0.9946808510638298,0.005295999634184546,0.006428017629852374,0.0002754095467943328,0.006428017629852374,0.4919786096256684,0.0063213899365988525,resnet50,unweighted_bce,ensemble,Pneumonia,T1_2015,offset,fixed_0.5,0.5
0.6,1128,751,0.88,0.3865500273373428,6.0,0.005319148936170213,6.0,0.0,0.0,1.0,,0.9946808510638298,0.005300572566967617,0.005480882557214987,0.0012017534857115568,0.005480882557214987,0.49732620320855614,0.007192044964163416,resnet50,unweighted_bce,ensemble,Pneumonia,T1_2015,offset,fixed_0.5,0.5
0.7,1316,563,0.84,0.28485511208310554,8.0,0.0060790273556231,8.0,0.0,0.0,1.0,,0.993920972644377,0.006056221794745773,0.007972322726063881,0.0016904243032320205,0.007972322726063881,0.5395642201834863,0.008179296660275687,resnet50,unweighted_bce,ensemble,Pneumonia,T1_2015,offset,fixed_0.5,0.5
0.8,1504,375,0.8,0.18316019682886822,10.0,0.006648936170212766,10.0,0.0,0.0,1.0,,0.9933510638297872,0.006638799247941692,0.006913786097784367,0.0031244375408817455,0.006913786097784367,0.565863453815261,0.01017147375091425,resnet50,unweighted_bce,ensemble,Pneumonia,T1_2015,offset,fixed_0.5,0.5
0.9,1692,187,0.66,0.08419901585565882,17.0,0.01004728132387707,17.0,0.0,0.0,1.0,,0.9899527186761229,0.00989542808663206,0.006759409923202675,0.003997196408557335,0.006759409923202675,0.6887796312554872,0.03339133119699879,resnet50,unweighted_bce,ensemble,Pneumonia,T1_2015,offset,fixed_0.5,0.5
1.0,1879,0,0.0,0.0,50.0,0.026609898882384245,50.0,0.0,0.0,1.0,,0.9733901011176157,0.023480777594772895,0.009692365658595636,0.00361571068115191,0.009692365658595636,0.8475123018042646,0.19829036929799707,resnet50,unweighted_bce,ensemble,Pneumonia,T1_2015,offset,fixed_0.5,0.5
0.5,940,939,0.92,0.4882449425915801,4.0,0.00425531914893617,4.0,0.0,0.0,1.0,,0.9957446808510638,0.004252360728549074,0.006236567060973067,0.000639747111044732,0.006236567060973067,0.344017094017094,0.003834278677580378,resnet50,unweighted_bce,ensemble,Pneumonia,T1_2015,platt,youden_validation,0.0385898786286513
0.6,1128,751,0.84,0.38764352104975397,8.0,0.0070921985815602835,8.0,0.0,0.0,1.0,,0.9929078014184397,0.007030283459851605,0.006062911385946464,0.0012049310321334081,0.006062911385946464,0.6102678571428571,0.034476619959364824,resnet50,unweighted_bce,ensemble,Pneumonia,T1_2015,platt,youden_validation,0.0385898786286513
0.7,1316,563,0.84,0.28485511208310554,8.0,0.0060790273556231,8.0,0.0,0.0,1.0,,0.993920972644377,0.006059825045679402,0.006613867849342603,0.001153395222377669,0.006613867849342603,0.5225535168195719,0.007749786376954721,resnet50,unweighted_bce,ensemble,Pneumonia,T1_2015,platt,youden_validation,0.0385898786286513
0.8,1504,375,0.74,0.18480043739748497,13.0,0.008643617021276596,10.0,12.0,0.23076923076923078,0.9919517102615694,0.2,0.9932840832773674,0.008224354241849505,0.006454512282564965,0.003148170049227882,0.006454512282564965,0.6600629417530827,0.14862311068505515,resnet50,unweighted_bce,ensemble,Pneumonia,T1_2015,platt,youden_validation,0.0385898786286513
0.9,1692,187,0.3,0.09404045926735921,35.0,0.020685579196217493,11.0,125.0,0.6857142857142857,0.9245624622812312,0.1610738255033557,0.9928710304601426,0.018520681896021667,0.00517243385497746,0.006764433609490431,0.00517243385497746,0.8300025864298647,0.17007081491833964,resnet50,unweighted_bce,ensemble,Pneumonia,T1_2015,platt,youden_validation,0.0385898786286513
1.0,1879,0,0.0,0.0,50.0,0.026609898882384245,11.0,284.0,0.78,0.8447238928376162,0.12074303405572756,0.9929305912596401,0.023899523764217282,0.010255506335212532,0.004121746261610499,0.010255506335212532,0.8425369054127938,0.16684668419845256,resnet50,unweighted_bce,ensemble,Pneumonia,T1_2015,platt,youden_validation,0.0385898786286513
0.5,940,939,0.92,0.4882449425915801,4.0,0.00425531914893617,4.0,0.0,0.0,1.0,,0.9957446808510638,0.004252360728549074,0.006236567060973067,0.000639747111044732,0.006236567060973067,0.344017094017094,0.003834278677580378,resnet50,unweighted_bce,ensemble,Pneumonia,T1_2015,platt,fixed_0.5,0.5
0.6,1128,751,0.84,0.38764352104975397,8.0,0.0070921985815602835,8.0,0.0,0.0,1.0,,0.9929078014184397,0.007030283459851605,0.006062911385946464,0.0012049310321334081,0.006062911385946464,0.6102678571428571,0.034476619959364824,resnet50,unweighted_bce,ensemble,Pneumonia,T1_2015,platt,fixed_0.5,0.5
0.7,1316,563,0.84,0.28485511208310554,8.0,0.0060790273556231,8.0,0.0,0.0,1.0,,0.993920972644377,0.006059825045679402,0.006613867849342603,0.001153395222377669,0.006613867849342603,0.5225535168195719,0.007749786376954721,resnet50,unweighted_bce,ensemble,Pneumonia,T1_2015,platt,fixed_0.5,0.5
0.8,1504,375,0.8,0.18316019682886822,10.0,0.006648936170212766,10.0,0.0,0.0,1.0,,0.9933510638297872,0.006639377081573701,0.006055043155000163,0.00274870092166308,0.006055043155000163,0.5572958500669344,0.011581718926485714,resnet50,unweighted_bce,ensemble,Pneumonia,T1_2015,platt,fixed_0.5,0.5
0.9,1692,187,0.64,0.0847457627118644,18.0,0.010638297872340425,18.0,0.0,0.0,1.0,,0.9893617021276596,0.01043352648723889,0.006065063645397454,0.0032606647263204655,0.006065063645397454,0.6988915438736227,0.03948770250885934,resnet50,unweighted_bce,ensemble,Pneumonia,T1_2015,platt,fixed_0.5,0.5
1.0,1879,0,0.0,0.0,50.0,0.026609898882384245,50.0,0.0,0.0,1.0,,0.9733901011176157,0.02389952376421728,0.010255506335212534,0.004121746261610499,0.010255506335212534,0.8425369054127938,0.16684668419845256,resnet50,unweighted_bce,ensemble,Pneumonia,T1_2015,platt,fixed_0.5,0.5
0.5,940,939,,,,,4.16,,,,,,0.023538243542735197,,,,,,resnet50,unweighted_bce,ensemble,Pneumonia,T1_2015,random_baseline,youden_validation,0.01931908537818541
0.6,1128,751,,,,,4.82,,,,,,0.023780417250732086,,,,,,resnet50,unweighted_bce,ensemble,Pneumonia,T1_2015,random_baseline,youden_validation,0.01931908537818541
0.7,1316,563,,,,,5.39,,,,,,0.02340228236716847,,,,,,resnet50,unweighted_bce,ensemble,Pneumonia,T1_2015,random_baseline,youden_validation,0.01931908537818541
0.8,1504,375,,,,,6.41,,,,,,0.023535462454942587,,,,,,resnet50,unweighted_bce,ensemble,Pneumonia,T1_2015,random_baseline,youden_validation,0.01931908537818541
0.9,1692,187,,,,,7.19,,,,,,0.02351669175692845,,,,,,resnet50,unweighted_bce,ensemble,Pneumonia,T1_2015,random_baseline,youden_validation,0.01931908537818541
1.0,1879,0,,,,,8.0,,,,,,0.02357501736322657,,,,,,resnet50,unweighted_bce,ensemble,Pneumonia,T1_2015,random_baseline,youden_validation,0.01931908537818541
0.5,1994,1993,0.9493670886075949,0.4907881269191402,4.0,0.0020060180541624875,4.0,0.0,0.0,1.0,,0.9979939819458375,0.001999757763236628,0.002540511314738339,0.0014562597384187663,0.002540511314738339,0.8277638190954774,0.007004841306250053,resnet50,unweighted_bce,ensemble,Pneumonia,T2_2016,raw,youden_validation,0.01931908537818541
0.6,2393,1594,0.9240506329113924,0.3892016376663255,6.0,0.0025073129962390303,6.0,0.0,0.0,1.0,,0.9974926870037609,0.0024991043603306406,0.002871001568157195,0.0016019849288489156,0.002871001568157195,0.7614160033514873,0.006389727934182783,resnet50,unweighted_bce,ensemble,Pneumonia,T2_2016,raw,youden_validation,0.01931908537818541
0.7,2791,1196,0.8860759493670886,0.2881269191402252,9.0,0.0032246506628448583,9.0,0.0,0.0,1.0,,0.9967753493371552,0.003210361522259996,0.0025492819215165085,0.0017617935549957002,0.0025492819215165085,0.747543733525042,0.008982638507038614,resnet50,unweighted_bce,ensemble,Pneumonia,T2_2016,raw,youden_validation,0.01931908537818541
0.8,3190,797,0.569620253164557,0.19242579324462641,34.0,0.010658307210031349,13.0,120.0,0.6176470588235294,0.9619771863117871,0.14893617021276595,0.995736306985897,0.009657587878413467,0.0019688728553269278,0.002316653009615174,0.0019688728553269278,0.8899854618653544,0.13088838463266514,resnet50,unweighted_bce,ensemble,Pneumonia,T2_2016,raw,youden_validation,0.01931908537818541
0.9,3589,398,0.16455696202531644,0.09851586489252814,66.0,0.01838952354416272,14.0,453.0,0.7878787878787878,0.871416406471757,0.10297029702970296,0.9954604409857328,0.01663059880166871,0.005222623963513988,0.0016578200002204595,0.005222623963513988,0.8970402291435501,0.13970994575155626,resnet50,unweighted_bce,ensemble,Pneumonia,T2_2016,raw,youden_validation,0.01931908537818541
1.0,3987,0,0.0,0.0,79.0,0.01981439678956609,15.0,815.0,0.810126582278481,0.7914534288638689,0.07281001137656427,0.9951737451737451,0.018128628077648853,0.004183117838320865,0.002053158705852882,0.004183117838320865,0.8781273078268531,0.12907204593078656,resnet50,unweighted_bce,ensemble,Pneumonia,T2_2016,raw,youden_validation,0.01931908537818541
0.5,1994,1993,0.9493670886075949,0.4907881269191402,4.0,0.0020060180541624875,4.0,0.0,0.0,1.0,,0.9979939819458375,0.001999757763236628,0.002540511314738339,0.0014562597384187663,0.002540511314738339,0.8277638190954774,0.007004841306250053,resnet50,unweighted_bce,ensemble,Pneumonia,T2_2016,raw,fixed_0.5,0.5
0.6,2393,1594,0.9240506329113924,0.3892016376663255,6.0,0.0025073129962390303,6.0,0.0,0.0,1.0,,0.9974926870037609,0.0024991043603306406,0.002871001568157195,0.0016019849288489156,0.002871001568157195,0.7614160033514873,0.006389727934182783,resnet50,unweighted_bce,ensemble,Pneumonia,T2_2016,raw,fixed_0.5,0.5
0.7,2791,1196,0.8860759493670886,0.2881269191402252,9.0,0.0032246506628448583,9.0,0.0,0.0,1.0,,0.9967753493371552,0.003210361522259996,0.0025492819215165085,0.0017617935549957002,0.0025492819215165085,0.747543733525042,0.008982638507038614,resnet50,unweighted_bce,ensemble,Pneumonia,T2_2016,raw,fixed_0.5,0.5
0.8,3190,797,0.7848101265822784,0.18807574206755373,17.0,0.005329153605015674,17.0,0.0,0.0,1.0,,0.9946708463949844,0.0052638902023670435,0.0021012648865684604,0.001111637458713591,0.0021012648865684604,0.7940898388980553,0.0316612364527745,resnet50,unweighted_bce,ensemble,Pneumonia,T2_2016,raw,fixed_0.5,0.5
0.9,3589,398,0.6075949367088608,0.08955987717502559,31.0,0.008637503482864307,31.0,0.0,0.0,1.0,,0.9913624965171357,0.008453404600157081,0.0020910077751733554,0.0007935095175507292,0.0020910077751733554,0.8151281074906164,0.030592108568873337,resnet50,unweighted_bce,ensemble,Pneumonia,T2_2016,raw,fixed_0.5,0.5
1.0,3987,0,0.0,0.0,79.0,0.01981439678956609,79.0,0.0,0.0,1.0,,0.9801856032104339,0.01812862807764885,0.004183117838320865,0.00205315870585288,0.004183117838320865,0.8781273078268531,0.12907204593078656,resnet50,unweighted_bce,ensemble,Pneumonia,T2_2016,raw,fixed_0.5,0.5
0.5,1994,1993,0.9493670886075949,0.4907881269191402,4.0,0.0020060180541624875,4.0,0.0,0.0,1.0,,0.9979939819458375,0.0020184847509297325,0.004813303010082367,0.004813302788461224,0.004813303010082367,0.8806532663316582,0.016867453188207905,resnet50,unweighted_bce,ensemble,Pneumonia,T2_2016,temperature,youden_validation,0.038718036065498986
0.6,2393,1594,0.9240506329113924,0.3892016376663255,6.0,0.0025073129962390303,6.0,0.0,0.0,1.0,,0.9974926870037609,0.0025235632131036943,0.005299050154843952,0.005299050519316829,0.005299050154843952,0.7935344225666806,0.009432417863436158,resnet50,unweighted_bce,ensemble,Pneumonia,T2_2016,temperature,youden_validation,0.038718036065498986
0.7,2791,1196,0.8860759493670886,0.2881269191402252,9.0,0.0032246506628448583,9.0,0.0,0.0,1.0,,0.9967753493371552,0.0032404189617395805,0.005852082245878071,0.005852081547970095,0.005852082245878071,0.7739036664270309,0.014957914642524606,resnet50,unweighted_bce,ensemble,Pneumonia,T2_2016,temperature,youden_validation,0.038718036065498986
0.8,3190,797,0.7848101265822784,0.18807574206755373,17.0,0.005329153605015674,15.0,12.0,0.11764705882352941,0.9962180901355184,0.14285714285714285,0.9952770780856424,0.005286261946633073,0.0066759258394821505,0.006675926367036974,0.0066759258394821505,0.8068815928514488,0.04702581391079835,resnet50,unweighted_bce,ensemble,Pneumonia,T2_2016,temperature,youden_validation,0.038718036065498986
0.9,3589,398,0.20253164556962025,0.0977482088024565,63.0,0.01755363611033714,20.0,257.0,0.6825396825396826,0.9271128757799206,0.14333333333333334,0.993919124353907,0.01582077754250134,0.006004729887637198,0.006903926917946282,0.006004729887637198,0.8996164546363071,0.13867174102087082,resnet50,unweighted_bce,ensemble,Pneumonia,T2_2016,temperature,youden_validation,0.038718036065498986
1.0,3987,0,0.0,0.0,79.0,0.01981439678956609,20.0,610.0,0.7468354430379747,0.8439099283520982,0.08819133034379671,0.9939722724532851,0.018096983505708635,0.005816056682679877,0.007679706610830798,0.005816056682679877,0.8817323763004806,0.12981720571830543,resnet50,unweighted_bce,ensemble,Pneumonia,T2_2016,temperature,youden_validation,0.038718036065498986
0.5,1994,1993,0.9493670886075949,0.4907881269191402,4.0,0.0020060180541624875,4.0,0.0,0.0,1.0,,0.9979939819458375,0.0020184847509297325,0.004813303010082367,0.004813302788461224,0.004813303010082367,0.8806532663316582,0.016867453188207905,resnet50,unweighted_bce,ensemble,Pneumonia,T2_2016,temperature,fixed_0.5,0.5
0.6,2393,1594,0.9240506329113924,0.3892016376663255,6.0,0.0025073129962390303,6.0,0.0,0.0,1.0,,0.9974926870037609,0.0025235632131036943,0.005299050154843952,0.005299050519316829,0.005299050154843952,0.7935344225666806,0.009432417863436158,resnet50,unweighted_bce,ensemble,Pneumonia,T2_2016,temperature,fixed_0.5,0.5
0.7,2791,1196,0.8860759493670886,0.2881269191402252,9.0,0.0032246506628448583,9.0,0.0,0.0,1.0,,0.9967753493371552,0.0032404189617395805,0.005852082245878071,0.005852081547970095,0.005852082245878071,0.7739036664270309,0.014957914642524606,resnet50,unweighted_bce,ensemble,Pneumonia,T2_2016,temperature,fixed_0.5,0.5
0.8,3190,797,0.7974683544303798,0.18781985670419651,16.0,0.005015673981191223,16.0,0.0,0.0,1.0,,0.9949843260188088,0.004996511466809624,0.006033460954992469,0.00603346160691827,0.006033460954992469,0.7946006616257089,0.021021236062819814,resnet50,unweighted_bce,ensemble,Pneumonia,T2_2016,temperature,fixed_0.5,0.5
0.9,3589,398,0.6075949367088608,0.08955987717502559,31.0,0.008637503482864307,31.0,0.0,0.0,1.0,,0.9913624965171357,0.008478438692916637,0.00622834261339682,0.006228342890276505,0.00622834261339682,0.824430180057662,0.03365744341090844,resnet50,unweighted_bce,ensemble,Pneumonia,T2_2016,temperature,fixed_0.5,0.5
1.0,3987,0,0.0,0.0,79.0,0.01981439678956609,79.0,0.0,0.0,1.0,,0.9801856032104339,0.018096983505708635,0.005816057428298552,0.007679706689316975,0.005816057428298552,0.8817323763004806,0.12981720571830543,resnet50,unweighted_bce,ensemble,Pneumonia,T2_2016,temperature,fixed_0.5,0.5
0.5,1994,1993,0.9493670886075949,0.4907881269191402,4.0,0.0020060180541624875,4.0,0.0,0.0,1.0,,0.9979939819458375,0.0020083176899253655,0.0041569365409633505,0.003751766416753307,0.0041569365409633505,0.9071608040201005,0.015381247561662838,resnet50,unweighted_bce,ensemble,Pneumonia,T2_2016,offset,youden_validation,0.039240788047512375
0.6,2393,1594,0.9240506329113924,0.3892016376663255,6.0,0.0025073129962390303,6.0,0.0,0.0,1.0,,0.9974926870037609,0.0025116732293209744,0.004917028969923572,0.004205877585410512,0.004917028969923572,0.813433877950007,0.022730030153603413,resnet50,unweighted_bce,ensemble,Pneumonia,T2_2016,offset,youden_validation,0.039240788047512375
0.7,2791,1196,0.8734177215189873,0.2883828045035824,10.0,0.0035829451809387316,10.0,0.0,0.0,1.0,,0.9964170548190613,0.0035734882519927254,0.005427038422607176,0.004381396720304001,0.005427038422607176,0.8026968716289105,0.06351711986050482,resnet50,unweighted_bce,ensemble,Pneumonia,T2_2016,offset,youden_validation,0.039240788047512375
0.8,3190,797,0.759493670886076,0.18858751279426816,19.0,0.0059561128526645765,17.0,12.0,0.10526315789473684,0.9962157048249763,0.14285714285714285,0.9946473551637279,0.005905181817785324,0.005286982255114891,0.005163498171444596,0.005286982255114891,0.8293249680492623,0.0800470172357109,resnet50,unweighted_bce,ensemble,Pneumonia,T2_2016,offset,youden_validation,0.039240788047512375
0.9,3589,398,0.20253164556962025,0.0977482088024565,63.0,0.01755363611033714,20.0,247.0,0.6825396825396826,0.9299489506522972,0.1482758620689655,0.9939375568354046,0.015822252265689687,0.0045264306239857464,0.005158595727560961,0.0045264306239857464,0.9004762805103134,0.1424330873433611,resnet50,unweighted_bce,ensemble,Pneumonia,T2_2016,offset,youden_validation,0.039240788047512375
1.0,3987,0,0.0,0.0,79.0,0.01981439678956609,20.0,604.0,0.7468354430379747,0.8454452405322416,0.0889894419306184,0.9939831528279182,0.018116901583167273,0.006033357777949289,0.0063997817316620706,0.006033357777949289,0.882593964992291,0.13278460768326392,resnet50,unweighted_bce,ensemble,Pneumonia,T2_2016,offset,youden_validation,0.039240788047512375
0.5,1994,1993,0.9493670886075949,0.4907881269191402,4.0,0.0020060180541624875,4.0,0.0,0.0,1.0,,0.9979939819458375,0.0020083176899253655,0.0041569365409633505,0.003751766416753307,0.0041569365409633505,0.9071608040201005,0.015381247561662838,resnet50,unweighted_bce,ensemble,Pneumonia,T2_2016,offset,fixed_0.5,0.5
0.6,2393,1594,0.9240506329113924,0.3892016376663255,6.0,0.0025073129962390303,6.0,0.0,0.0,1.0,,0.9974926870037609,0.0025116732293209744,0.004917028969923572,0.004205877585410512,0.004917028969923572,0.813433877950007,0.022730030153603413,resnet50,unweighted_bce,ensemble,Pneumonia,T2_2016,offset,fixed_0.5,0.5
0.7,2791,1196,0.8734177215189873,0.2883828045035824,10.0,0.0035829451809387316,10.0,0.0,0.0,1.0,,0.9964170548190613,0.0035734882519927254,0.005427038422607176,0.004381396720304001,0.005427038422607176,0.8026968716289105,0.06351711986050482,resnet50,unweighted_bce,ensemble,Pneumonia,T2_2016,offset,fixed_0.5,0.5
0.8,3190,797,0.7848101265822784,0.18807574206755373,17.0,0.005329153605015674,17.0,0.0,0.0,1.0,,0.9946708463949844,0.005279528979550685,0.004731242113008068,0.004607757448939881,0.004731242113008068,0.8088652416529171,0.026876295181102135,resnet50,unweighted_bce,ensemble,Pneumonia,T2_2016,offset,fixed_0.5,0.5
0.9,3589,398,0.620253164556962,0.08930399181166837,30.0,0.008358874338255782,30.0,0.0,0.0,1.0,,0.9916411256617442,0.008217614186656924,0.005566566031232609,0.005566567202521902,0.005566566031232609,0.8209047485248665,0.031345230510705396,resnet50,unweighted_bce,ensemble,Pneumonia,T2_2016,offset,fixed_0.5,0.5
1.0,3987,0,0.0,0.0,79.0,0.01981439678956609,79.0,0.0,0.0,1.0,,0.9801856032104339,0.018116901583167273,0.006033357777949289,0.0063997817316620706,0.006033357777949289,0.882593964992291,0.13278460768326392,resnet50,unweighted_bce,ensemble,Pneumonia,T2_2016,offset,fixed_0.5,0.5
0.5,1994,1993,0.9493670886075949,0.4907881269191402,4.0,0.0020060180541624875,4.0,0.0,0.0,1.0,,0.9979939819458375,0.0020049243714555425,0.0038966098356592203,0.003065465963954702,0.0038966098356592203,0.8625628140703517,0.010650378889353218,resnet50,unweighted_bce,ensemble,Pneumonia,T2_2016,platt,youden_validation,0.0385898786286513
0.6,2393,1594,0.9240506329113924,0.3892016376663255,6.0,0.0025073129962390303,6.0,0.0,0.0,1.0,,0.9974926870037609,0.0025083215998521315,0.0038075977475201415,0.0035670601484173894,0.0038075977475201415,0.7845273006563328,0.010553777860861757,resnet50,unweighted_bce,ensemble,Pneumonia,T2_2016,platt,youden_validation,0.0385898786286513
0.7,2791,1196,0.8734177215189873,0.2883828045035824,10.0,0.0035829451809387316,10.0,0.0,0.0,1.0,,0.9964170548190613,0.0035700225604489537,0.0038455046579209716,0.003827261651052941,0.0038455046579209716,0.7886371808701906,0.020225010181656795,resnet50,unweighted_bce,ensemble,Pneumonia,T2_2016,platt,youden_validation,0.0385898786286513
0.8,3190,797,0.7341772151898734,0.1890992835209826,21.0,0.0065830721003134795,17.0,17.0,0.19047619047619047,0.9946355317134743,0.19047619047619047,0.9946355317134743,0.006379196760267151,0.004566404193626618,0.00456640395046822,0.004566404193626618,0.8390809779260394,0.07702805290562174,resnet50,unweighted_bce,ensemble,Pneumonia,T2_2016,platt,youden_validation,0.0385898786286513
0.9,3589,398,0.21518987341772153,0.09749232343909929,62.0,0.017275006965728614,19.0,268.0,0.6935483870967742,0.9240147434079955,0.1382636655948553,0.9942037827943868,0.015657807515314304,0.00491813522257927,0.006816866382329568,0.00491813522257927,0.897482096637003,0.13342289982333533,resnet50,unweighted_bce,ensemble,Pneumonia,T2_2016,platt,youden_validation,0.0385898786286513
1.0,3987,0,0.0,0.0,79.0,0.01981439678956609,20.0,624.0,0.7468354430379747,0.8403275332650972,0.08638360175695461,0.9939467312348669,0.018188013302693422,0.005884849794255955,0.007594040760143017,0.005884849794255955,0.8803233872743997,0.1255291542981871,resnet50,unweighted_bce,ensemble,Pneumonia,T2_2016,platt,youden_validation,0.0385898786286513
0.5,1994,1993,0.9493670886075949,0.4907881269191402,4.0,0.0020060180541624875,4.0,0.0,0.0,1.0,,0.9979939819458375,0.0020049243714555425,0.003896609928604653,0.003065465963954702,0.003896609928604653,0.8625628140703517,0.010650378889353218,resnet50,unweighted_bce,ensemble,Pneumonia,T2_2016,platt,fixed_0.5,0.5
0.6,2393,1594,0.9240506329113924,0.3892016376663255,6.0,0.0025073129962390303,6.0,0.0,0.0,1.0,,0.9974926870037609,0.0025083215998521315,0.0038075977475201415,0.0035670601484173894,0.0038075977475201415,0.7845273006563328,0.010553777860861757,resnet50,unweighted_bce,ensemble,Pneumonia,T2_2016,platt,fixed_0.5,0.5
0.7,2791,1196,0.8734177215189873,0.2883828045035824,10.0,0.0035829451809387316,10.0,0.0,0.0,1.0,,0.9964170548190613,0.0035700225604489537,0.0038455046579209716,0.003827261651052941,0.0038455046579209716,0.7886371808701906,0.020225010181656795,resnet50,unweighted_bce,ensemble,Pneumonia,T2_2016,platt,fixed_0.5,0.5
0.8,3190,797,0.7848101265822784,0.18807574206755373,17.0,0.005329153605015674,17.0,0.0,0.0,1.0,,0.9946708463949844,0.005277737816305541,0.004188479762779824,0.004188479751138291,0.004188479762779824,0.8009862627685805,0.022077164171407555,resnet50,unweighted_bce,ensemble,Pneumonia,T2_2016,platt,fixed_0.5,0.5
0.9,3589,398,0.6075949367088608,0.08955987717502559,31.0,0.008637503482864307,31.0,0.0,0.0,1.0,,0.9913624965171357,0.008463872327356464,0.005115531624230462,0.005115531622900559,0.005115531624230462,0.8227529057643838,0.03705278034250386,resnet50,unweighted_bce,ensemble,Pneumonia,T2_2016,platt,fixed_0.5,0.5
1.0,3987,0,0.0,0.0,79.0,0.01981439678956609,79.0,0.0,0.0,1.0,,0.9801856032104339,0.018188013302693422,0.005884849421446617,0.007594038838166056,0.005884849421446617,0.8803233872743997,0.1255291542981871,resnet50,unweighted_bce,ensemble,Pneumonia,T2_2016,platt,fixed_0.5,0.5
0.5,1994,1993,,,,,7.36,,,,,,0.01805009369898734,,,,,,resnet50,unweighted_bce,ensemble,Pneumonia,T2_2016,random_baseline,youden_validation,0.01931908537818541
0.6,2393,1594,,,,,8.75,,,,,,0.017933545328909613,,,,,,resnet50,unweighted_bce,ensemble,Pneumonia,T2_2016,random_baseline,youden_validation,0.01931908537818541
0.7,2791,1196,,,,,10.38,,,,,,0.018120415221759688,,,,,,resnet50,unweighted_bce,ensemble,Pneumonia,T2_2016,random_baseline,youden_validation,0.01931908537818541
0.8,3190,797,,,,,12.06,,,,,,0.018044834396263542,,,,,,resnet50,unweighted_bce,ensemble,Pneumonia,T2_2016,random_baseline,youden_validation,0.01931908537818541
0.9,3589,398,,,,,13.34,,,,,,0.01811186317981009,,,,,,resnet50,unweighted_bce,ensemble,Pneumonia,T2_2016,random_baseline,youden_validation,0.01931908537818541
1.0,3987,0,,,,,15.0,,,,,,0.01812862807764886,,,,,,resnet50,unweighted_bce,ensemble,Pneumonia,T2_2016,random_baseline,youden_validation,0.01931908537818541
0.5,1218,1218,0.96,0.490360435875943,2.0,0.0016420361247947454,2.0,0.0,0.0,1.0,,0.9983579638752053,0.0016387085154575432,0.0029613063842161644,0.0017552023254640682,0.0029613063842161644,0.8421052631578947,0.026541764246682278,resnet50,unweighted_bce,ensemble,Pneumonia,T3_2017,raw,youden_validation,0.01931908537818541
0.6,1462,974,0.96,0.38809723386420786,2.0,0.0013679890560875513,2.0,0.0,0.0,1.0,,0.9986320109439124,0.0013740087410573309,0.0033054262723814253,0.002669357734838229,0.0033054262723814253,0.7013698630136986,0.0035261367151252707,resnet50,unweighted_bce,ensemble,Pneumonia,T3_2017,raw,youden_validation,0.01931908537818541
0.7,1706,730,0.94,0.2862531433361274,3.0,0.0017584994138335288,3.0,0.0,0.0,1.0,,0.9982415005861665,0.0017668608835273436,0.003534793017527653,0.0031498279991358023,0.003534793017527653,0.7095321980818163,0.005105389798190586,resnet50,unweighted_bce,ensemble,Pneumonia,T3_2017,raw,youden_validation,0.01931908537818541
0.8,1949,487,0.62,0.19111483654652137,19.0,0.009748589020010261,5.0,72.0,0.7368421052631579,0.9626943005181348,0.16279069767441862,0.9973161567364466,0.008373221155764866,0.004403140460305455,0.004353018187033771,0.004403140460305455,0.9247886555767658,0.29174564536974357,resnet50,unweighted_bce,ensemble,Pneumonia,T3_2017,raw,youden_validation,0.01931908537818541
0.9,2193,243,0.24,0.09681475272422464,38.0,0.017327861377108983,5.0,275.0,0.868421052631579,0.8723897911832946,0.10714285714285714,0.9973474801061007,0.01541726220845699,0.006170850597866753,0.0016019116723923143,0.006170850597866753,0.9143363047991208,0.21093374630122616,resnet50,unweighted_bce,ensemble,Pneumonia,T3_2017,raw,youden_validation,0.01931908537818541
1.0,2436,0,0.0,0.0,50.0,0.020525451559934318,5.0,496.0,0.9,0.7921207041072925,0.08317929759704251,0.9973614775725593,0.01857526537101847,0.00714634407374452,0.0026964412106686387,0.00714634407374452,0.8963788767812239,0.1843662699894023,resnet50,unweighted_bce,ensemble,Pneumonia,T3_2017,raw,youden_validation,0.01931908537818541
0.5,1218,1218,0.96,0.490360435875943,2.0,0.0016420361247947454,2.0,0.0,0.0,1.0,,0.9983579638752053,0.0016387085154575432,0.0029613063842161644,0.0017552023254640682,0.0029613063842161644,0.8421052631578947,0.026541764246682278,resnet50,unweighted_bce,ensemble,Pneumonia,T3_2017,raw,fixed_0.5,0.5
0.6,1462,974,0.96,0.38809723386420786,2.0,0.0013679890560875513,2.0,0.0,0.0,1.0,,0.9986320109439124,0.0013740087410573309,0.0033054262723814253,0.002669357734838229,0.0033054262723814253,0.7013698630136986,0.0035261367151252707,resnet50,unweighted_bce,ensemble,Pneumonia,T3_2017,raw,fixed_0.5,0.5
0.7,1706,730,0.94,0.2862531433361274,3.0,0.0017584994138335288,3.0,0.0,0.0,1.0,,0.9982415005861665,0.0017668608835273436,0.003534793017527653,0.0031498279991358023,0.003534793017527653,0.7095321980818163,0.005105389798190586,resnet50,unweighted_bce,ensemble,Pneumonia,T3_2017,raw,fixed_0.5,0.5
0.8,1949,487,0.86,0.18608549874266556,7.0,0.0035915854284248334,7.0,0.0,0.0,1.0,,0.9964084145715751,0.0035589019453992382,0.003513034908548993,0.0027809038928816943,0.003513034908548993,0.8159482124466676,0.024036534235965516,resnet50,unweighted_bce,ensemble,Pneumonia,T3_2017,raw,fixed_0.5,0.5
0.9,2193,243,0.56,0.09010896898575022,22.0,0.010031919744642043,22.0,0.0,0.0,1.0,,0.989968080255358,0.00963326585171252,0.006208448326338961,0.0006239516646871623,0.006208448326338961,0.8875675222980612,0.07401970313079324,resnet50,unweighted_bce,ensemble,Pneumonia,T3_2017,raw,fixed_0.5,0.5
1.0,2436,0,0.0,0.0,50.0,0.020525451559934318,50.0,0.0,0.0,1.0,,0.9794745484400657,0.01857526537101847,0.007146344073744518,0.0026964412106686387,0.007146344073744518,0.8963788767812239,0.1843662699894023,resnet50,unweighted_bce,ensemble,Pneumonia,T3_2017,raw,fixed_0.5,0.5
0.5,1218,1218,0.98,0.4899413243922883,1.0,0.0008210180623973727,1.0,0.0,0.0,1.0,,0.9991789819376026,0.0008607352750354046,0.006134563118023629,0.00592231989665376,0.006134563118023629,0.5735414954806902,0.0019230769230769232,resnet50,unweighted_bce,ensemble,Pneumonia,T3_2017,temperature,youden_validation,0.038718036065498986
0.6,1462,974,0.96,0.38809723386420786,2.0,0.0013679890560875513,2.0,0.0,0.0,1.0,,0.9986320109439124,0.0014103704799930106,0.006365237960135806,0.006365238629006328,0.006365237960135806,0.7065068493150685,0.006517233856893543,resnet50,unweighted_bce,ensemble,Pneumonia,T3_2017,temperature,youden_validation,0.038718036065498986
0.7,1706,730,0.94,0.2862531433361274,3.0,0.0017584994138335288,3.0,0.0,0.0,1.0,,0.9982415005861665,0.0018152554628199041,0.007227202124319368,0.007227202534570784,0.007227202124319368,0.7085535329810139,0.0052204215019341065,resnet50,unweighted_bce,ensemble,Pneumonia,T3_2017,temperature,youden_validation,0.038718036065498986
0.8,1949,487,0.78,0.18776194467728416,11.0,0.005643919958953309,6.0,6.0,0.45454545454545453,0.9969040247678018,0.45454545454545453,0.9969040247678018,0.0047592310762877,0.007129484116328664,0.008973683528277187,0.007129484116328664,0.8855896425555868,0.3245587153172578,resnet50,unweighted_bce,ensemble,Pneumonia,T3_2017,temperature,youden_validation,0.038718036065498986
0.9,2193,243,0.32,0.09513830678960604,34.0,0.015503875968992248,8.0,173.0,0.7647058823529411,0.9198703103288559,0.1306532663316583,0.995987963891675,0.013717548035099903,0.007692123402285483,0.008221795777350705,0.007692123402285483,0.9177860120426123,0.22136503653257517,resnet50,unweighted_bce,ensemble,Pneumonia,T3_2017,temperature,youden_validation,0.038718036065498986
1.0,2436,0,0.0,0.0,50.0,0.020525451559934318,8.0,377.0,0.84,0.8419949706621962,0.10023866348448687,0.9960337134357957,0.018497451260903276,0.007586552917097858,0.006076710852251459,0.007586552917097858,0.8972254819782062,0.18493808201548256,resnet50,unweighted_bce,ensemble,Pneumonia,T3_2017,temperature,youden_validation,0.038718036065498986
0.5,1218,1218,0.98,0.4899413243922883,1.0,0.0008210180623973727,1.0,0.0,0.0,1.0,,0.9991789819376026,0.0008607352750354046,0.006134563024738446,0.00592231989665376,0.006134563024738446,0.5735414954806902,0.0019230769230769232,resnet50,unweighted_bce,ensemble,Pneumonia,T3_2017,temperature,fixed_0.5,0.5
0.6,1462,974,0.96,0.38809723386420786,2.0,0.0013679890560875513,2.0,0.0,0.0,1.0,,0.9986320109439124,0.0014103704799930106,0.006365237960135806,0.006365238629006328,0.006365237960135806,0.7065068493150685,0.006517233856893543,resnet50,unweighted_bce,ensemble,Pneumonia,T3_2017,temperature,fixed_0.5,0.5
0.7,1706,730,0.94,0.2862531433361274,3.0,0.0017584994138335288,3.0,0.0,0.0,1.0,,0.9982415005861665,0.0018152554628199041,0.007227202124319368,0.007227202534570784,0.007227202124319368,0.7085535329810139,0.0052204215019341065,resnet50,unweighted_bce,ensemble,Pneumonia,T3_2017,temperature,fixed_0.5,0.5
0.8,1949,487,0.86,0.18608549874266556,7.0,0.0035915854284248334,7.0,0.0,0.0,1.0,,0.9964084145715751,0.00360577961316698,0.007416023560400657,0.00741602341740513,0.007416023560400657,0.818964248933353,0.03707763749067633,resnet50,unweighted_bce,ensemble,Pneumonia,T3_2017,temperature,fixed_0.5,0.5
0.9,2193,243,0.58,0.08968985750209556,21.0,0.009575923392612859,21.0,0.0,0.0,1.0,,0.9904240766073872,0.009207805285898863,0.008596499187203368,0.005321958614449576,0.008596499187203368,0.8834736472858019,0.06254835974878592,resnet50,unweighted_bce,ensemble,Pneumonia,T3_2017,temperature,fixed_0.5,0.5
1.0,2436,0,0.0,0.0,50.0,0.020525451559934318,50.0,0.0,0.0,1.0,,0.9794745484400657,0.018497451260903276,0.007586555155942274,0.006076706649830384,0.007586555155942274,0.8972254819782062,0.18493808201548256,resnet50,unweighted_bce,ensemble,Pneumonia,T3_2017,temperature,fixed_0.5,0.5
0.5,1218,1218,0.98,0.4899413243922883,1.0,0.0008210180623973727,1.0,0.0,0.0,1.0,,0.9991789819376026,0.0008470803365192431,0.005001338674382526,0.004851628158376086,0.005001338674382526,0.7000821692686935,0.00273224043715847,resnet50,unweighted_bce,ensemble,Pneumonia,T3_2017,offset,youden_validation,0.039240788047512375
0.6,1462,974,0.96,0.38809723386420786,2.0,0.0013679890560875513,2.0,0.0,0.0,1.0,,0.9986320109439124,0.0013955427305617054,0.005277185926736854,0.005264347359262886,0.005277185926736854,0.7613013698630137,0.007194899817850637,resnet50,unweighted_bce,ensemble,Pneumonia,T3_2017,offset,youden_validation,0.039240788047512375
0.7,1706,730,0.94,0.2862531433361274,3.0,0.0017584994138335288,3.0,0.0,0.0,1.0,,0.9982415005861665,0.0017985364389550638,0.006105025064015644,0.00610502495606193,0.006105025064015644,0.7400665492268546,0.0054500731942166165,resnet50,unweighted_bce,ensemble,Pneumonia,T3_2017,offset,youden_validation,0.039240788047512375
0.8,1949,487,0.78,0.18776194467728416,11.0,0.005643919958953309,6.0,5.0,0.45454545454545453,0.9974200206398349,0.5,0.9969056214543579,0.004597721642395408,0.006036214908563927,0.007734580157088616,0.006036214908563927,0.8917346843043438,0.32270406586323314,resnet50,unweighted_bce,ensemble,Pneumonia,T3_2017,offset,youden_validation,0.039240788047512375
0.9,2193,243,0.32,0.09513830678960604,34.0,0.015503875968992248,8.0,166.0,0.7647058823529411,0.9231125521074571,0.13541666666666666,0.9960019990004998,0.01363076639472727,0.006429915824744508,0.007119253160567031,0.006429915824744508,0.9198430645996241,0.22341228574940308,resnet50,unweighted_bce,ensemble,Pneumonia,T3_2017,offset,youden_validation,0.039240788047512375
1.0,2436,0,0.0,0.0,50.0,0.020525451559934318,8.0,378.0,0.84,0.8415758591785415,0.1,0.996031746031746,0.018433989199342336,0.006109169551113251,0.005369439352554542,0.006109169551113251,0.8982313495389774,0.18647625413197216,resnet50,unweighted_bce,ensemble,Pneumonia,T3_2017,offset,youden_validation,0.039240788047512375
0.5,1218,1218,0.98,0.4899413243922883,1.0,0.0008210180623973727,1.0,0.0,0.0,1.0,,0.9991789819376026,0.0008470803365192431,0.005001338720642802,0.004851628158376086,0.005001338720642802,0.7000821692686935,0.00273224043715847,resnet50,unweighted_bce,ensemble,Pneumonia,T3_2017,offset,fixed_0.5,0.5
0.6,1462,974,0.96,0.38809723386420786,2.0,0.0013679890560875513,2.0,0.0,0.0,1.0,,0.9986320109439124,0.0013955427305617054,0.005277185926736854,0.005264347359262886,0.005277185926736854,0.7613013698630137,0.007194899817850637,resnet50,unweighted_bce,ensemble,Pneumonia,T3_2017,offset,fixed_0.5,0.5
0.7,1706,730,0.94,0.2862531433361274,3.0,0.0017584994138335288,3.0,0.0,0.0,1.0,,0.9982415005861665,0.0017985364389550638,0.006105025249625067,0.00610502495606193,0.006105025249625067,0.7400665492268546,0.0054500731942166165,resnet50,unweighted_bce,ensemble,Pneumonia,T3_2017,offset,fixed_0.5,0.5
0.8,1949,487,0.86,0.18608549874266556,7.0,0.0035915854284248334,7.0,0.0,0.0,1.0,,0.9964084145715751,0.0035894638489396002,0.006313255951864566,0.006313255532673838,0.006313255951864566,0.8290422245108137,0.051488384760002455,resnet50,unweighted_bce,ensemble,Pneumonia,T3_2017,offset,fixed_0.5,0.5
0.9,2193,243,0.6,0.0892707460184409,20.0,0.009119927040583675,20.0,0.0,0.0,1.0,,0.9908800729594163,0.008797395041040502,0.007060050020717182,0.004886267617993767,0.007060050020717182,0.879475379659457,0.06223313368713501,resnet50,unweighted_bce,ensemble,Pneumonia,T3_2017,offset,fixed_0.5,0.5
1.0,2436,0,0.0,0.0,50.0,0.020525451559934318,50.0,0.0,0.0,1.0,,0.9794745484400657,0.018433989199342336,0.006109171043676195,0.005369439933675361,0.006109171043676195,0.8982313495389774,0.18647625413197216,resnet50,unweighted_bce,ensemble,Pneumonia,T3_2017,offset,fixed_0.5,0.5
0.5,1218,1218,0.98,0.4899413243922883,1.0,0.0008210180623973727,1.0,0.0,0.0,1.0,,0.9991789819376026,0.0008419927456884668,0.004639450279072123,0.004173097729817498,0.004639450279072123,0.6105176663927692,0.002105263157894737,resnet50,unweighted_bce,ensemble,Pneumonia,T3_2017,platt,youden_validation,0.0385898786286513
0.6,1462,974,0.96,0.38809723386420786,2.0,0.0013679890560875513,2.0,0.0,0.0,1.0,,0.9986320109439124,0.0013909695705441208,0.004800446391221589,0.004630905516170444,0.004800446391221589,0.7113013698630136,0.005327828458160393,resnet50,unweighted_bce,ensemble,Pneumonia,T3_2017,platt,youden_validation,0.0385898786286513
0.7,1706,730,0.94,0.2862531433361274,3.0,0.0017584994138335288,3.0,0.0,0.0,1.0,,0.9982415005861665,0.0017944262019853278,0.005569435193821359,0.0055490137374843065,0.005569435193821359,0.7101193971422979,0.005014016029813638,resnet50,unweighted_bce,ensemble,Pneumonia,T3_2017,platt,youden_validation,0.0385898786286513
0.8,1949,487,0.78,0.18776194467728416,11.0,0.005643919958953309,6.0,15.0,0.45454545454545453,0.9922600619195047,0.25,0.9968895800933126,0.004868888888619432,0.006152373167859145,0.0075685469679278305,0.006152373167859145,0.8843231072333239,0.36034378754342244,resnet50,unweighted_bce,ensemble,Pneumonia,T3_2017,platt,youden_validation,0.0385898786286513
0.9,2193,243,0.3,0.09555741827326068,35.0,0.01595987232102143,8.0,182.0,0.7714285714285715,0.9156626506024096,0.1291866028708134,0.9959677419354839,0.014114150901941867,0.006126700882339997,0.007385306096836634,0.006126700882339997,0.916708592612207,0.22476032909718738,resnet50,unweighted_bce,ensemble,Pneumonia,T3_2017,platt,youden_validation,0.0385898786286513
1.0,2436,0,0.0,0.0,50.0,0.020525451559934318,8.0,392.0,0.84,0.8357082984073764,0.0967741935483871,0.996003996003996,0.0184944077077138,0.00576276422079885,0.0059285870889333285,0.00576276422079885,0.8955322715842414,0.18846816808657643,resnet50,unweighted_bce,ensemble,Pneumonia,T3_2017,platt,youden_validation,0.0385898786286513
0.5,1218,1218,0.98,0.4899413243922883,1.0,0.0008210180623973727,1.0,0.0,0.0,1.0,,0.9991789819376026,0.0008419927456884668,0.004639450279072123,0.004173097729817498,0.004639450279072123,0.6105176663927692,0.002105263157894737,resnet50,unweighted_bce,ensemble,Pneumonia,T3_2017,platt,fixed_0.5,0.5
0.6,1462,974,0.96,0.38809723386420786,2.0,0.0013679890560875513,2.0,0.0,0.0,1.0,,0.9986320109439124,0.0013909695705441208,0.004800446391221589,0.004630905516170444,0.004800446391221589,0.7113013698630136,0.005327828458160393,resnet50,unweighted_bce,ensemble,Pneumonia,T3_2017,platt,fixed_0.5,0.5
0.7,1706,730,0.94,0.2862531433361274,3.0,0.0017584994138335288,3.0,0.0,0.0,1.0,,0.9982415005861665,0.0017944262019853278,0.005569435193821359,0.0055490137374843065,0.005569435193821359,0.7101193971422979,0.005014016029813638,resnet50,unweighted_bce,ensemble,Pneumonia,T3_2017,platt,fixed_0.5,0.5
0.8,1949,487,0.86,0.18608549874266556,7.0,0.0035915854284248334,7.0,0.0,0.0,1.0,,0.9964084145715751,0.003588043095960705,0.005896907532288994,0.005896906844369413,0.005896907532288994,0.8166102692364279,0.03290795611326169,resnet50,unweighted_bce,ensemble,Pneumonia,T3_2017,platt,fixed_0.5,0.5
0.9,2193,243,0.6,0.0892707460184409,20.0,0.009119927040583675,20.0,0.0,0.0,1.0,,0.9908800729594163,0.008807974658262593,0.006491378291263306,0.004735641092710907,0.006491378291263306,0.8733778186838472,0.05762213859914566,resnet50,unweighted_bce,ensemble,Pneumonia,T3_2017,platt,fixed_0.5,0.5
1.0,2436,0,0.0,0.0,50.0,0.020525451559934318,50.0,0.0,0.0,1.0,,0.9794745484400657,0.0184944077077138,0.00576276422079885,0.0059285870889333285,0.00576276422079885,0.8955322715842414,0.18846816808657643,resnet50,unweighted_bce,ensemble,Pneumonia,T3_2017,platt,fixed_0.5,0.5
0.5,1218,1218,,,,,2.53,,,,,,0.018773112790238165,,,,,,resnet50,unweighted_bce,ensemble,Pneumonia,T3_2017,random_baseline,youden_validation,0.01931908537818541
0.6,1462,974,,,,,2.93,,,,,,0.01871194953165795,,,,,,resnet50,unweighted_bce,ensemble,Pneumonia,T3_2017,random_baseline,youden_validation,0.01931908537818541
0.7,1706,730,,,,,3.33,,,,,,0.01865282875920726,,,,,,resnet50,unweighted_bce,ensemble,Pneumonia,T3_2017,random_baseline,youden_validation,0.01931908537818541
0.8,1949,487,,,,,4.04,,,,,,0.018543882120177175,,,,,,resnet50,unweighted_bce,ensemble,Pneumonia,T3_2017,random_baseline,youden_validation,0.01931908537818541
0.9,2193,243,,,,,4.55,,,,,,0.018521676100638852,,,,,,resnet50,unweighted_bce,ensemble,Pneumonia,T3_2017,random_baseline,youden_validation,0.01931908537818541
1.0,2436,0,,,,,5.0,,,,,,0.018575265371018473,,,,,,resnet50,unweighted_bce,ensemble,Pneumonia,T3_2017,random_baseline,youden_validation,0.01931908537818541
0.5,940,939,0.98989898989899,0.47247191011235956,1.0,0.0010638297872340426,1.0,0.0,0.0,1.0,,0.9989361702127659,0.027480202431575302,0.15271564706161972,0.15271564706161972,0.15271564706161972,0.4494142705005325,0.0019305019305019305,resnet50,weighted_bce,ensemble,Pleural Effusion,T1_2015,raw,youden_validation,0.5634985336009701
0.6,1128,751,0.9191919191919192,0.3707865168539326,8.0,0.0070921985815602835,1.0,5.0,0.875,0.9955357142857143,0.5833333333333334,0.9991039426523297,0.03822394069836172,0.17317985242326253,0.17317985242326256,0.17317985242326253,0.9204241071428572,0.6388487899022601,resnet50,weighted_bce,ensemble,Pleural Effusion,T1_2015,raw,youden_validation,0.5634985336009701
0.7,1316,563,0.6767676767676768,0.2786516853932584,32.0,0.0243161094224924,4.0,21.0,0.875,0.9836448598130841,0.5714285714285714,0.9968429360694554,0.05445731879547733,0.1898509784691378,0.1898509784691378,0.1898509784691378,0.9640771028037384,0.5716216127933634,resnet50,weighted_bce,ensemble,Pleural Effusion,T1_2015,raw,youden_validation,0.5634985336009701
0.8,1504,375,0.40404040404040403,0.18820224719101122,59.0,0.03922872340425532,12.0,39.0,0.7966101694915254,0.9730103806228374,0.5465116279069767,0.9915373765867419,0.0713885163148815,0.20475790226357918,0.2047579022635792,0.20475790226357918,0.9561081461497859,0.5243897269302858,resnet50,weighted_bce,ensemble,Pleural Effusion,T1_2015,raw,youden_validation,0.5634985336009701
0.9,1692,187,0.18181818181818182,0.0949438202247191,81.0,0.047872340425531915,18.0,76.0,0.7777777777777778,0.9528243327126009,0.45323741007194246,0.9884095299420477,0.0907519685582006,0.22566795394701694,0.2256679539470169,0.22566795394701694,0.9420573066341739,0.4935274537572592,resnet50,weighted_bce,ensemble,Pleural Effusion,T1_2015,raw,youden_validation,0.5634985336009701
1.0,1879,0,0.0,0.0,99.0,0.05268759978712081,22.0,128.0,0.7777777777777778,0.9280898876404494,0.375609756097561,0.986857825567503,0.11010975595263314,0.24809276338171157,0.24809276338171157,0.24809276338171157,0.9280785381908977,0.4669499964536171,resnet50,weighted_bce,ensemble,Pleural Effusion,T1_2015,raw,youden_validation,0.5634985336009701
0.5,940,939,0.8686868686868687,0.47921348314606743,13.0,0.013829787234042552,1.0,9.0,0.9230769230769231,0.9902912621359223,0.5714285714285714,0.998911860718172,0.03231338015545951,0.15137706514557758,0.1513770651455776,0.15137706514557758,0.953862749979255,0.6177297611508138,resnet50,weighted_bce,ensemble,Pleural Effusion,T1_2015,raw,fixed_0.5,0.5
0.6,1128,751,0.6767676767676768,0.3842696629213483,32.0,0.028368794326241134,1.0,26.0,0.96875,0.9762773722627737,0.543859649122807,0.9990662931839402,0.046064943469550576,0.16913566629721216,0.1691356662972122,0.16913566629721216,0.9707744069343065,0.6006094279413012,resnet50,weighted_bce,ensemble,Pleural Effusion,T1_2015,raw,fixed_0.5,0.5
0.7,1316,563,0.41414141414141414,0.2932584269662921,58.0,0.044072948328267476,3.0,54.0,0.9482758620689655,0.9570747217806042,0.5045871559633027,0.9975144987572494,0.06218582676368091,0.18505776336317104,0.18505776336317104,0.18505776336317104,0.9682172030042212,0.5669272941672873,resnet50,weighted_bce,ensemble,Pleural Effusion,T1_2015,raw,fixed_0.5,0.5
0.8,1504,375,0.21212121212121213,0.19887640449438201,78.0,0.05186170212765957,9.0,89.0,0.8846153846153846,0.9375876577840112,0.43670886075949367,0.9933135215453195,0.07860171423593128,0.20328441042999912,0.20328441042999915,0.20328441042999912,0.9579152731326646,0.5282974692571326,resnet50,weighted_bce,ensemble,Pleural Effusion,T1_2015,raw,fixed_0.5,0.5
0.9,1692,187,0.06060606060606061,0.10168539325842697,93.0,0.0549645390070922,16.0,145.0,0.8279569892473119,0.9093183239524703,0.34684684684684686,0.9891156462585035,0.09515683663086615,0.2243433392799404,0.22434333927994035,0.2243433392799404,0.942786822409167,0.491457161292595,resnet50,weighted_bce,ensemble,Pleural Effusion,T1_2015,raw,fixed_0.5,0.5
1.0,1879,0,0.0,0.0,99.0,0.05268759978712081,19.0,226.0,0.8080808080808081,0.8730337078651685,0.26143790849673204,0.9879211697393515,0.11010975595263317,0.24809276338171157,0.24809276338171157,0.24809276338171157,0.9280785381908977,0.4669499964536171,resnet50,weighted_bce,ensemble,Pleural Effusion,T1_2015,raw,fixed_0.5,0.5
0.5,940,939,0.98989898989899,0.47247191011235956,1.0,0.0010638297872340426,1.0,0.0,0.0,1.0,,0.9989361702127659,0.004108125431492848,0.0447193684735523,0.044719368473552304,0.0447193684735523,0.4238551650692226,0.0018450184501845018,resnet50,weighted_bce,ensemble,Pleural Effusion,T1_2015,temperature,youden_validation,0.5458083748817444
0.6,1128,751,0.9494949494949495,0.3691011235955056,5.0,0.004432624113475178,2.0,1.0,0.6,0.9991095280498664,0.75,0.998220640569395,0.008658638280240601,0.06196187633521468,0.061961876335214675,0.06196187633521468,0.8591273374888692,0.6127984344422701,resnet50,weighted_bce,ensemble,Pleural Effusion,T1_2015,temperature,youden_validation,0.5458083748817444
0.7,1316,563,0.6868686868686869,0.27808988764044945,31.0,0.023556231003039513,6.0,18.0,0.8064516129032258,0.9859922178988327,0.5813953488372093,0.99528672427337,0.02428017611905085,0.08335958611837982,0.08335958611837982,0.08335958611837982,0.9561440943893561,0.528101302529677,resnet50,weighted_bce,ensemble,Pleural Effusion,T1_2015,temperature,youden_validation,0.5458083748817444
0.8,1504,375,0.37373737373737376,0.1898876404494382,62.0,0.041223404255319146,14.0,56.0,0.7741935483870968,0.9611650485436893,0.46153846153846156,0.99,0.04617952622938834,0.10846731858640811,0.10846731858640812,0.10846731858640811,0.9507740145854772,0.4918037281403575,resnet50,weighted_bce,ensemble,Pleural Effusion,T1_2015,temperature,youden_validation,0.5458083748817444
0.9,1692,187,0.1414141414141414,0.09719101123595505,85.0,0.050236406619385346,20.0,99.0,0.7647058823529411,0.9383945239576851,0.39634146341463417,0.9869109947643979,0.0666791274245371,0.1372477311148412,0.1372477311148412,0.1372477311148412,0.9343460595190161,0.45488952714870406,resnet50,weighted_bce,ensemble,Pleural Effusion,T1_2015,temperature,youden_validation,0.5458083748817444
1.0,1879,0,0.0,0.0,99.0,0.05268759978712081,24.0,160.0,0.7575757575757576,0.9101123595505618,0.3191489361702128,0.9854014598540146,0.08761707021477258,0.169090683538164,0.16909068353816403,0.169090683538164,0.9167858358869595,0.42468253855599875,resnet50,weighted_bce,ensemble,Pleural Effusion,T1_2015,temperature,youden_validation,0.5458083748817444
0.5,940,939,0.98989898989899,0.47247191011235956,1.0,0.0010638297872340426,1.0,0.0,0.0,1.0,,0.9989361702127659,0.004108125431492848,0.0447193684735523,0.044719368473552304,0.0447193684735523,0.4238551650692226,0.0018450184501845018,resnet50,weighted_bce,ensemble,Pleural Effusion,T1_2015,temperature,fixed_0.5,0.5
0.6,1128,751,0.9292929292929293,0.3702247191011236,7.0,0.0062056737588652485,2.0,6.0,0.7142857142857143,0.9946476360392507,0.45454545454545453,0.9982094897045658,0.011526085020351223,0.06416012294216272,0.06416012294216272,0.06416012294216272,0.898559959220084,0.5887539075406003,resnet50,weighted_bce,ensemble,Pleural Effusion,T1_2015,temperature,fixed_0.5,0.5
0.7,1316,563,0.6161616161616161,0.28202247191011237,38.0,0.028875379939209727,5.0,34.0,0.868421052631579,0.97339593114241,0.4925373134328358,0.9959967974379503,0.02989777927732143,0.08697265943653731,0.08697265943653733,0.08697265943653731,0.9616382505559675,0.542683456152529,resnet50,weighted_bce,ensemble,Pleural Effusion,T1_2015,temperature,fixed_0.5,0.5
0.8,1504,375,0.30303030303030304,0.19382022471910113,69.0,0.045877659574468085,13.0,69.0,0.8115942028985508,0.9519163763066202,0.448,0.990572878897752,0.04882979290410048,0.10843315490027047,0.10843315490027047,0.10843315490027047,0.9521284653840327,0.49493655598540925,resnet50,weighted_bce,ensemble,Pleural Effusion,T1_2015,temperature,fixed_0.5,0.5
0.9,1692,187,0.10101010101010101,0.09943820224719101,89.0,0.05260047281323877,18.0,141.0,0.797752808988764,0.9120399251403618,0.33490566037735847,0.9878378378378379,0.0702243957968755,0.13904861962879606,0.13904861962879606,0.13904861962879606,0.9342244527466057,0.45296248104911113,resnet50,weighted_bce,ensemble,Pleural Effusion,T1_2015,temperature,fixed_0.5,0.5
1.0,1879,0,0.0,0.0,99.0,0.05268759978712081,23.0,216.0,0.7676767676767676,0.8786516853932584,0.2602739726027397,0.9855072463768116,0.0876170702147726,0.169090683538164,0.16909068353816403,0.169090683538164,0.9167858358869595,0.42468253855599875,resnet50,weighted_bce,ensemble,Pleural Effusion,T1_2015,temperature,fixed_0.5,0.5
0.5,940,939,0.98989898989899,0.47247191011235956,1.0,0.0010638297872340426,1.0,0.0,0.0,1.0,,0.9989361702127659,0.0013759914963430158,0.01603393222585445,0.016033932225854454,0.01603393222585445,0.4866879659211928,0.002070393374741201,resnet50,weighted_bce,ensemble,Pleural Effusion,T1_2015,offset,youden_validation,0.10163329169154167
0.6,1128,751,0.9797979797979798,0.36741573033707864,2.0,0.0017730496453900709,2.0,0.0,0.0,1.0,,0.99822695035461,0.0021794522138276337,0.018466786294256167,0.018466786294256167,0.018466786294256167,0.6953818827708703,0.029268090743500577,resnet50,weighted_bce,ensemble,Pleural Effusion,T1_2015,offset,youden_validation,0.10163329169154167
0.7,1316,563,0.9191919191919192,0.2651685393258427,8.0,0.0060790273556231,8.0,0.0,0.0,1.0,,0.993920972644377,0.0062959644435008864,0.017972737358254328,0.017972737358254328,0.017972737358254328,0.864296636085627,0.08194934510559813,resnet50,weighted_bce,ensemble,Pleural Effusion,T1_2015,offset,youden_validation,0.10163329169154167
0.8,1504,375,0.7575757575757576,0.16853932584269662,24.0,0.015957446808510637,17.0,4.0,0.2916666666666667,0.9972972972972973,0.6363636363636364,0.9886135298057602,0.013299227141205966,0.015432043718314846,0.019009887016855943,0.015432043718314846,0.8900900900900902,0.28096865213963573,resnet50,weighted_bce,ensemble,Pleural Effusion,T1_2015,offset,youden_validation,0.10163329169154167
0.9,1692,187,0.3939393939393939,0.08314606741573034,60.0,0.03546099290780142,21.0,26.0,0.65,0.9840686274509803,0.6,0.9870928088506453,0.02479626944453554,0.021142570788637034,0.02989999289675067,0.021142570788637034,0.9241217320261438,0.4744827588680247,resnet50,weighted_bce,ensemble,Pleural Effusion,T1_2015,offset,youden_validation,0.10163329169154167
1.0,1879,0,0.0,0.0,99.0,0.05268759978712081,22.0,116.0,0.7777777777777778,0.9348314606741573,0.39896373056994816,0.9869513641755635,0.03843054765505529,0.039056634459389936,0.03882720184090093,0.039056634459389936,0.9263023493360572,0.48969228005279836,resnet50,weighted_bce,ensemble,Pleural Effusion,T1_2015,offset,youden_validation,0.10163329169154167
0.5,940,939,0.98989898989899,0.47247191011235956,1.0,0.0010638297872340426,1.0,0.0,0.0,1.0,,0.9989361702127659,0.0013759914963430158,0.01603393222585445,0.016033932225854454,0.01603393222585445,0.4866879659211928,0.002070393374741201,resnet50,weighted_bce,ensemble,Pleural Effusion,T1_2015,offset,fixed_0.5,0.5
0.6,1128,751,0.9797979797979798,0.36741573033707864,2.0,0.0017730496453900709,2.0,0.0,0.0,1.0,,0.99822695035461,0.0021794522138276337,0.018466786294256167,0.018466786294256167,0.018466786294256167,0.6953818827708703,0.029268090743500577,resnet50,weighted_bce,ensemble,Pleural Effusion,T1_2015,offset,fixed_0.5,0.5
0.7,1316,563,0.9191919191919192,0.2651685393258427,8.0,0.0060790273556231,8.0,0.0,0.0,1.0,,0.993920972644377,0.0062959644435008864,0.017972737358254328,0.017972737358254328,0.017972737358254328,0.864296636085627,0.08194934510559813,resnet50,weighted_bce,ensemble,Pleural Effusion,T1_2015,offset,fixed_0.5,0.5
0.8,1504,375,0.8282828282828283,0.1646067415730337,17.0,0.011303191489361703,17.0,0.0,0.0,1.0,,0.9886968085106383,0.011283954732502278,0.017656883887921398,0.0176568838879214,0.017656883887921398,0.841330748842913,0.039637521611318796,resnet50,weighted_bce,ensemble,Pleural Effusion,T1_2015,offset,fixed_0.5,0.5
0.9,1692,187,0.7676767676767676,0.062359550561797754,23.0,0.013593380614657211,23.0,0.0,0.0,1.0,,0.9864066193853428,0.013796402524552784,0.021542204304704483,0.02154220430470448,0.021542204304704483,0.7971969677234481,0.04061000855595277,resnet50,weighted_bce,ensemble,Pleural Effusion,T1_2015,offset,fixed_0.5,0.5
1.0,1879,0,0.0,0.0,99.0,0.05268759978712081,99.0,0.0,0.0,1.0,,0.9473124002128792,0.03843054765505528,0.03905663445938994,0.03882720184090093,0.03905663445938994,0.9263023493360572,0.48969228005279836,resnet50,weighted_bce,ensemble,Pleural Effusion,T1_2015,offset,fixed_0.5,0.5
0.5,940,939,0.98989898989899,0.47247191011235956,1.0,0.0010638297872340426,1.0,0.0,0.0,1.0,,0.9989361702127659,0.001112580859637589,0.0061081791799686876,0.0047001386522946605,0.0061081791799686876,0.4494142705005325,0.0019305019305019305,resnet50,weighted_bce,ensemble,Pleural Effusion,T1_2015,platt,youden_validation,0.11108467727899551
0.6,1128,751,0.9696969696969697,0.36797752808988765,3.0,0.0026595744680851063,3.0,0.0,0.0,1.0,,0.9973404255319149,0.0027197789394883686,0.007557476323079364,0.006448611774307233,0.007557476323079364,0.7404444444444443,0.03325924902308513,resnet50,weighted_bce,ensemble,Pleural Effusion,T1_2015,platt,youden_validation,0.11108467727899551
0.7,1316,563,0.898989898989899,0.2662921348314607,10.0,0.007598784194528876,10.0,0.0,0.0,1.0,,0.9924012158054711,0.007437853125508647,0.007187182212345218,0.006471611217313169,0.007187182212345218,0.8549004594180705,0.06626896331631627,resnet50,weighted_bce,ensemble,Pleural Effusion,T1_2015,platt,youden_validation,0.11108467727899551
0.8,1504,375,0.6161616161616161,0.17640449438202246,38.0,0.02526595744680851,18.0,18.0,0.5263157894736842,0.9877216916780355,0.5263157894736842,0.9877216916780355,0.01822444054145852,0.008519329425184316,0.01007647899675636,0.008519329425184316,0.9190600990881023,0.38507764299646446,resnet50,weighted_bce,ensemble,Pleural Effusion,T1_2015,platt,youden_validation,0.11108467727899551
0.9,1692,187,0.2222222222222222,0.09269662921348315,77.0,0.04550827423167849,20.0,64.0,0.7402597402597403,0.9603715170278638,0.47107438016528924,0.9872692552514322,0.031061589640119517,0.019439351409629352,0.021443608141718452,0.019439351409629352,0.9309155241043787,0.47666523982275344,resnet50,weighted_bce,ensemble,Pleural Effusion,T1_2015,platt,youden_validation,0.11108467727899551
1.0,1879,0,0.0,0.0,99.0,0.05268759978712081,21.0,183.0,0.7878787878787878,0.897191011235955,0.2988505747126437,0.9870210135970334,0.03796110408959331,0.027646380727297838,0.020307508594304195,0.027646380727297838,0.9191408466689365,0.4562124640794835,resnet50,weighted_bce,ensemble,Pleural Effusion,T1_2015,platt,youden_validation,0.11108467727899551
0.5,940,939,0.98989898989899,0.47247191011235956,1.0,0.0010638297872340426,1.0,0.0,0.0,1.0,,0.9989361702127659,0.001112580859637589,0.0061081791799686876,0.0047001386522946605,0.0061081791799686876,0.4494142705005325,0.0019305019305019305,resnet50,weighted_bce,ensemble,Pleural Effusion,T1_2015,platt,fixed_0.5,0.5
0.6,1128,751,0.9696969696969697,0.36797752808988765,3.0,0.0026595744680851063,3.0,0.0,0.0,1.0,,0.9973404255319149,0.0027197789394883686,0.007557476323079364,0.006448611774307233,0.007557476323079364,0.7404444444444443,0.03325924902308513,resnet50,weighted_bce,ensemble,Pleural Effusion,T1_2015,platt,fixed_0.5,0.5
0.7,1316,563,0.898989898989899,0.2662921348314607,10.0,0.007598784194528876,10.0,0.0,0.0,1.0,,0.9924012158054711,0.007437853125508647,0.007187182212345218,0.006471611217313169,0.007187182212345218,0.8549004594180705,0.06626896331631627,resnet50,weighted_bce,ensemble,Pleural Effusion,T1_2015,platt,fixed_0.5,0.5
0.8,1504,375,0.8080808080808081,0.16573033707865167,19.0,0.012632978723404254,19.0,0.0,0.0,1.0,,0.9873670212765957,0.012348300490521418,0.009909083335966776,0.008687588442899597,0.009909083335966776,0.8328548644338118,0.04204461232670053,resnet50,weighted_bce,ensemble,Pleural Effusion,T1_2015,platt,fixed_0.5,0.5
0.9,1692,187,0.7272727272727273,0.06460674157303371,27.0,0.015957446808510637,27.0,0.0,0.0,1.0,,0.9840425531914894,0.015952745656172978,0.015524387644905172,0.015067430181813276,0.015524387644905172,0.8078967856745635,0.05072258909747691,resnet50,weighted_bce,ensemble,Pleural Effusion,T1_2015,platt,fixed_0.5,0.5
1.0,1879,0,0.0,0.0,99.0,0.05268759978712081,98.0,1.0,0.010101010101010102,0.999438202247191,0.5,0.9477890250399574,0.0379611040895933,0.02764638072729783,0.020307508594304195,0.02764638072729783,0.9191408466689365,0.4562124640794835,resnet50,weighted_bce,ensemble,Pleural Effusion,T1_2015,platt,fixed_0.5,0.5
0.5,940,939,0.98989898989899,0.47247191011235956,1.0,0.0010638297872340426,1.0,0.0,0.0,1.0,,0.9989361702127659,0.0011516814178076653,0.008816895574489806,0.008356784902354504,0.008816895574489806,0.4494142705005325,0.0019305019305019305,resnet50,weighted_bce,ensemble,Pleural Effusion,T1_2015,analytic_weight,youden_validation,0.06757531315088272
0.6,1128,751,0.9696969696969697,0.36797752808988765,3.0,0.0026595744680851063,3.0,0.0,0.0,1.0,,0.9973404255319149,0.0027229442093011274,0.008751209602354372,0.008564473744085494,0.008751209602354372,0.7754074074074073,0.03812277980125005,resnet50,weighted_bce,ensemble,Pleural Effusion,T1_2015,analytic_weight,youden_validation,0.06757531315088272
0.7,1316,563,0.9191919191919192,0.2651685393258427,8.0,0.0060790273556231,8.0,0.0,0.0,1.0,,0.993920972644377,0.006012844723455575,0.009292458155048066,0.007477444670188572,0.009292458155048066,0.858467125382263,0.06544421396878546,resnet50,weighted_bce,ensemble,Pleural Effusion,T1_2015,analytic_weight,youden_validation,0.06757531315088272
0.8,1504,375,0.8181818181818182,0.1651685393258427,18.0,0.011968085106382979,18.0,0.0,0.0,1.0,,0.988031914893617,0.011591997165876477,0.010720311479514187,0.004618600446810114,0.010720311479514187,0.8561013907581876,0.05265058486070174,resnet50,weighted_bce,ensemble,Pleural Effusion,T1_2015,analytic_weight,youden_validation,0.06757531315088272
0.9,1692,187,0.5050505050505051,0.07696629213483146,49.0,0.028959810874704492,21.0,16.0,0.5714285714285714,0.9902617163724894,0.6363636363636364,0.9872572815533981,0.021280527859654556,0.01552640780532429,0.015561839173730663,0.01552640780532429,0.9104053063708746,0.4618364905747858,resnet50,weighted_bce,ensemble,Pleural Effusion,T1_2015,analytic_weight,youden_validation,0.06757531315088272
1.0,1879,0,0.0,0.0,99.0,0.05268759978712081,23.0,105.0,0.7676767676767676,0.9410112359550562,0.4198895027624309,0.9864546525323911,0.0402428713855052,0.03426535759753626,0.01915883730270242,0.03426535759753626,0.9281012370900011,0.5111552253786821,resnet50,weighted_bce,ensemble,Pleural Effusion,T1_2015,analytic_weight,youden_validation,0.06757531315088272
0.5,940,939,0.98989898989899,0.47247191011235956,1.0,0.0010638297872340426,1.0,0.0,0.0,1.0,,0.9989361702127659,0.0011516814178076653,0.008816895574489806,0.008356784902354504,0.008816895574489806,0.4494142705005325,0.0019305019305019305,resnet50,weighted_bce,ensemble,Pleural Effusion,T1_2015,analytic_weight,fixed_0.5,0.5
0.6,1128,751,0.9696969696969697,0.36797752808988765,3.0,0.0026595744680851063,3.0,0.0,0.0,1.0,,0.9973404255319149,0.0027229442093011274,0.008751209602354372,0.008564473744085494,0.008751209602354372,0.7754074074074073,0.03812277980125005,resnet50,weighted_bce,ensemble,Pleural Effusion,T1_2015,analytic_weight,fixed_0.5,0.5
0.7,1316,563,0.9191919191919192,0.2651685393258427,8.0,0.0060790273556231,8.0,0.0,0.0,1.0,,0.993920972644377,0.006012844723455575,0.009292458155048066,0.007477444670188572,0.009292458155048066,0.858467125382263,0.06544421396878546,resnet50,weighted_bce,ensemble,Pleural Effusion,T1_2015,analytic_weight,fixed_0.5,0.5
0.8,1504,375,0.8181818181818182,0.1651685393258427,18.0,0.011968085106382979,18.0,0.0,0.0,1.0,,0.988031914893617,0.011591997165876477,0.010720311479514187,0.004618600446810114,0.010720311479514187,0.8561013907581876,0.05265058486070174,resnet50,weighted_bce,ensemble,Pleural Effusion,T1_2015,analytic_weight,fixed_0.5,0.5
0.9,1692,187,0.7676767676767676,0.062359550561797754,23.0,0.013593380614657211,23.0,0.0,0.0,1.0,,0.9864066193853428,0.013254082980271411,0.012009223332754107,0.0069407268469144825,0.012009223332754107,0.8022247114908693,0.03711630837179346,resnet50,weighted_bce,ensemble,Pleural Effusion,T1_2015,analytic_weight,fixed_0.5,0.5
1.0,1879,0,0.0,0.0,99.0,0.05268759978712081,99.0,0.0,0.0,1.0,,0.9473124002128792,0.04024287138550519,0.03426535759753626,0.019158836493804902,0.03426535759753626,0.9281012370900011,0.5111552253786821,resnet50,weighted_bce,ensemble,Pleural Effusion,T1_2015,analytic_weight,fixed_0.5,0.5
0.5,940,939,,,,,10.95,,,,,,0.11019230817869076,,,,,,resnet50,weighted_bce,ensemble,Pleural Effusion,T1_2015,random_baseline,youden_validation,0.5634985336009701
0.6,1128,751,,,,,13.49,,,,,,0.11038679940518509,,,,,,resnet50,weighted_bce,ensemble,Pleural Effusion,T1_2015,random_baseline,youden_validation,0.5634985336009701
0.7,1316,563,,,,,15.36,,,,,,0.10986694852578167,,,,,,resnet50,weighted_bce,ensemble,Pleural Effusion,T1_2015,random_baseline,youden_validation,0.5634985336009701
0.8,1504,375,,,,,17.5,,,,,,0.10990710129615079,,,,,,resnet50,weighted_bce,ensemble,Pleural Effusion,T1_2015,random_baseline,youden_validation,0.5634985336009701
0.9,1692,187,,,,,19.67,,,,,,0.11019943731092517,,,,,,resnet50,weighted_bce,ensemble,Pleural Effusion,T1_2015,random_baseline,youden_validation,0.5634985336009701
1.0,1879,0,,,,,22.0,,,,,,0.11010975595263318,,,,,,resnet50,weighted_bce,ensemble,Pleural Effusion,T1_2015,random_baseline,youden_validation,0.5634985336009701
0.5,1994,1993,0.9661016949152542,0.47821522309711284,6.0,0.003009027081243731,6.0,1.0,0.0,0.9994969818913481,0.0,0.9969894631209232,0.03140642468411904,0.1585660540363924,0.1585660540363924,0.1585660540363924,0.8502682763246144,0.01821978870410304,resnet50,weighted_bce,ensemble,Pleural Effusion,T2_2016,raw,youden_validation,0.5634985336009701
0.6,2393,1594,0.8305084745762712,0.37979002624671915,30.0,0.012536564981195153,9.0,31.0,0.7,0.9868810833685993,0.40384615384615385,0.9961554891072192,0.04749837139123799,0.18188387513298454,0.18188387513298457,0.18188387513298454,0.9261531950909861,0.40022729553949826,resnet50,weighted_bce,ensemble,Pleural Effusion,T2_2016,raw,youden_validation,0.5634985336009701
0.7,2791,1196,0.6892655367231638,0.28188976377952757,55.0,0.019706198495163023,10.0,91.0,0.8181818181818182,0.9667397660818714,0.33088235294117646,0.9962335216572504,0.06715192683756731,0.20897719444147672,0.2089771944414767,0.20897719444147672,0.9312666135034555,0.38173447732524823,resnet50,weighted_bce,ensemble,Pleural Effusion,T2_2016,raw,youden_validation,0.5634985336009701
0.8,3190,797,0.4745762711864407,0.18713910761154856,93.0,0.029153605015673982,22.0,165.0,0.7634408602150538,0.9467226348078785,0.3008474576271186,0.992552471225457,0.08662824125960865,0.2306229385379053,0.2306229385379053,0.2306229385379053,0.9295363879717103,0.3496009654872054,resnet50,weighted_bce,ensemble,Pleural Effusion,T2_2016,raw,youden_validation,0.5634985336009701
0.9,3589,398,0.22598870056497175,0.09396325459317585,137.0,0.03817219281136807,38.0,270.0,0.7226277372262774,0.921784472769409,0.2682926829268293,0.9881987577639751,0.10643938464394866,0.25100539437361663,0.2510053943736166,0.25100539437361663,0.9144471416126059,0.3159848168767263,resnet50,weighted_bce,ensemble,Pleural Effusion,T2_2016,raw,youden_validation,0.5634985336009701
1.0,3987,0,0.0,0.0,177.0,0.04439428141459744,62.0,418.0,0.6497175141242938,0.8902887139107611,0.21575984990619138,0.9820497973364215,0.12537336872049065,0.2712002859735447,0.2712002859735447,0.2712002859735447,0.8939988433649184,0.28838096969126176,resnet50,weighted_bce,ensemble,Pleural Effusion,T2_2016,raw,youden_validation,0.5634985336009701
0.5,1994,1993,0.8135593220338984,0.4853018372703412,33.0,0.016549648946840523,4.0,45.0,0.8787878787878788,0.9770525242223356,0.3918918918918919,0.9979166666666667,0.0417470279179851,0.16298052180845818,0.16298052180845818,0.16298052180845818,0.9673172314681748,0.45943336373242266,resnet50,weighted_bce,ensemble,Pleural Effusion,T2_2016,raw,fixed_0.5,0.5
0.6,2393,1594,0.6271186440677966,0.38923884514435697,66.0,0.027580442958629336,9.0,104.0,0.8636363636363636,0.9553072625698324,0.35403726708074534,0.9959677419354839,0.05999503593698156,0.18518977809195797,0.18518977809195797,0.18518977809195797,0.9511010404865153,0.38840499639591886,resnet50,weighted_bce,ensemble,Pleural Effusion,T2_2016,raw,fixed_0.5,0.5
0.7,2791,1196,0.4858757062146893,0.29133858267716534,91.0,0.032604801146542454,10.0,203.0,0.8901098901098901,0.9248148148148149,0.2852112676056338,0.9960111687275628,0.07927886538306558,0.212080640632889,0.212080640632889,0.212080640632889,0.9396784696784697,0.36441614867406724,resnet50,weighted_bce,ensemble,Pleural Effusion,T2_2016,raw,fixed_0.5,0.5
0.8,3190,797,0.3333333333333333,0.19370078740157481,118.0,0.03699059561128527,12.0,303.0,0.8983050847457628,0.9013671875,0.2591687041564792,0.9956850053937433,0.09522663201117997,0.23418479141552162,0.23418479141552162,0.23418479141552162,0.9293950829802261,0.34105829394579146,resnet50,weighted_bce,ensemble,Pleural Effusion,T2_2016,raw,fixed_0.5,0.5
0.9,3589,398,0.192090395480226,0.09553805774278215,143.0,0.039843967679019224,25.0,455.0,0.8251748251748252,0.8679628554846198,0.20593368237347295,0.991710875331565,0.11161782825097603,0.2552608617745294,0.2552608617745294,0.2552608617745294,0.9145741084220481,0.31565527729625803,resnet50,weighted_bce,ensemble,Pleural Effusion,T2_2016,raw,fixed_0.5,0.5
1.0,3987,0,0.0,0.0,177.0,0.04439428141459744,37.0,638.0,0.7909604519774012,0.8325459317585302,0.17994858611825193,0.9884699283265815,0.12537336872049065,0.2712002859735447,0.2712002859735447,0.2712002859735447,0.8939988433649184,0.28838096969126176,resnet50,weighted_bce,ensemble,Pleural Effusion,T2_2016,raw,fixed_0.5,0.5
0.5,1994,1993,0.9661016949152542,0.47821522309711284,6.0,0.003009027081243731,6.0,0.0,0.0,1.0,,0.9969909729187563,0.0064263041978450865,0.049022310093015345,0.04902230483762837,0.049022310093015345,0.8832159624413145,0.018938658052311385,resnet50,weighted_bce,ensemble,Pleural Effusion,T2_2016,temperature,youden_validation,0.5458083748817444
0.6,2393,1594,0.8587570621468926,0.3784776902887139,25.0,0.010447137484329294,10.0,12.0,0.6,0.9949324324324325,0.5555555555555556,0.9957734573119188,0.014992557910665753,0.0695822846955502,0.06958228175330251,0.0695822846955502,0.9234121621621622,0.3469078881057729,resnet50,weighted_bce,ensemble,Pleural Effusion,T2_2016,temperature,youden_validation,0.5458083748817444
0.7,2791,1196,0.6666666666666666,0.28293963254593174,59.0,0.021139376567538518,14.0,92.0,0.7627118644067796,0.9663250366032211,0.3284671532846715,0.9947249434815373,0.038625528408740895,0.10541980863431691,0.10541979861233834,0.10541980863431691,0.9370920912226717,0.37209427593157474,resnet50,weighted_bce,ensemble,Pleural Effusion,T2_2016,temperature,youden_validation,0.5458083748817444
0.8,3190,797,0.423728813559322,0.18950131233595802,102.0,0.03197492163009404,26.0,206.0,0.7450980392156863,0.9332901554404145,0.2695035460992908,0.9910591471801926,0.0631815693072937,0.1386952927584255,0.1386952838553904,0.1386952927584255,0.9275151122625216,0.3325538044435166,resnet50,weighted_bce,ensemble,Pleural Effusion,T2_2016,temperature,youden_validation,0.5458083748817444
0.9,3589,398,0.2033898305084746,0.09501312335958005,141.0,0.03928670938980217,40.0,333.0,0.7163120567375887,0.9034222737819025,0.23271889400921658,0.9873217115689382,0.0847296437739297,0.16903040008077086,0.16903039225963337,0.16903040008077086,0.9072686807852429,0.29896619005986963,resnet50,weighted_bce,ensemble,Pleural Effusion,T2_2016,temperature,youden_validation,0.5458083748817444
1.0,3987,0,0.0,0.0,177.0,0.04439428141459744,57.0,481.0,0.6779661016949152,0.873753280839895,0.19966722129783693,0.9831659775546367,0.10448782024274211,0.19673047582300043,0.19673047832357934,0.19673047582300043,0.8847294511914824,0.2724249436741296,resnet50,weighted_bce,ensemble,Pleural Effusion,T2_2016,temperature,youden_validation,0.5458083748817444
0.5,1994,1993,0.9661016949152542,0.47821522309711284,6.0,0.003009027081243731,6.0,1.0,0.0,0.9994969818913481,0.0,0.9969894631209232,0.006788993195352211,0.049384218495836116,0.049384213124617646,0.049384218495836116,0.8832159624413145,0.018938658052311385,resnet50,weighted_bce,ensemble,Pleural Effusion,T2_2016,temperature,fixed_0.5,0.5
0.6,2393,1594,0.7853107344632768,0.38188976377952755,38.0,0.015879648976180525,10.0,43.0,0.7368421052631579,0.9817409766454352,0.39436619718309857,0.9956933677863911,0.022686982592502503,0.07492385299956505,0.07492384740462424,0.07492385299956505,0.9468543971393452,0.393991998472129,resnet50,weighted_bce,ensemble,Pleural Effusion,T2_2016,temperature,fixed_0.5,0.5
0.7,2791,1196,0.5875706214689266,0.2866141732283465,73.0,0.026155499820852742,11.0,134.0,0.8493150684931506,0.9506990434142752,0.3163265306122449,0.9957610789980732,0.04479484344964563,0.10954062779547813,0.10954061686586881,0.10954062779547813,0.9415464634551998,0.36663881729337644,resnet50,weighted_bce,ensemble,Pleural Effusion,T2_2016,temperature,fixed_0.5,0.5
0.8,3190,797,0.3728813559322034,0.19186351706036744,111.0,0.034796238244514104,20.0,269.0,0.8198198198198198,0.9126339720688535,0.25277777777777777,0.9929328621908127,0.06808417933687348,0.14243314245622313,0.14243313713133524,0.14243314245622313,0.9275446280967554,0.3299432726678872,resnet50,weighted_bce,ensemble,Pleural Effusion,T2_2016,temperature,fixed_0.5,0.5
0.9,3589,398,0.1694915254237288,0.09658792650918635,147.0,0.04095848425745333,34.0,439.0,0.7687074829931972,0.8724578733294596,0.20471014492753623,0.9888047415212381,0.08870568489110979,0.17188373815779998,0.17188373253716835,0.17188373815779998,0.9064240455043144,0.29700797985880956,resnet50,weighted_bce,ensemble,Pleural Effusion,T2_2016,temperature,fixed_0.5,0.5
1.0,3987,0,0.0,0.0,177.0,0.04439428141459744,48.0,605.0,0.7288135593220338,0.8412073490813649,0.17574931880108993,0.9852443897940363,0.10448782024274211,0.19673047582300043,0.19673047416754944,0.19673047582300043,0.8847294511914824,0.2724249436741296,resnet50,weighted_bce,ensemble,Pleural Effusion,T2_2016,temperature,fixed_0.5,0.5
0.5,1994,1993,0.9661016949152542,0.47821522309711284,6.0,0.003009027081243731,6.0,0.0,0.0,1.0,,0.9969909729187563,0.0032455372451579,0.015079426851007742,0.015079425436742566,0.015079426851007742,0.7793427230046949,0.0098670990156228,resnet50,weighted_bce,ensemble,Pleural Effusion,T2_2016,offset,youden_validation,0.10163329169154167
0.6,2393,1594,0.943502824858757,0.3745406824146982,10.0,0.004178854993731718,10.0,0.0,0.0,1.0,,0.9958211450062683,0.004505343153412626,0.01741364218272826,0.01741364283189084,0.01741364218272826,0.7503147293327739,0.010940843951243001,resnet50,weighted_bce,ensemble,Pleural Effusion,T2_2016,offset,youden_validation,0.10163329169154167
0.7,2791,1196,0.903954802259887,0.2719160104986877,17.0,0.006091006807595844,17.0,0.0,0.0,1.0,,0.9939089931924041,0.00649515384606324,0.0200398142800931,0.020039814748257046,0.0200398142800931,0.7752449213283006,0.022220820105273455,resnet50,weighted_bce,ensemble,Pleural Effusion,T2_2016,offset,youden_validation,0.10163329169154167
0.8,3190,797,0.6610169491525424,0.1784776902887139,60.0,0.018808777429467086,32.0,33.0,0.4666666666666667,0.9894568690095846,0.45901639344262296,0.9897730904442313,0.0151221047352314,0.018406674233892917,0.021865781247732592,0.018406674233892917,0.8919808306709265,0.32803953570285627,resnet50,weighted_bce,ensemble,Pleural Effusion,T2_2016,offset,youden_validation,0.10163329169154167
0.9,3589,398,0.2994350282485876,0.09055118110236221,124.0,0.03455001393145723,52.0,147.0,0.5806451612903226,0.9575757575757575,0.3287671232876712,0.9845697329376855,0.027414833973351524,0.022344582330349364,0.021362670424025055,0.022344582330349364,0.9079202159847322,0.33993726796624296,resnet50,weighted_bce,ensemble,Pleural Effusion,T2_2016,offset,youden_validation,0.10163329169154167
1.0,3987,0,0.0,0.0,177.0,0.04439428141459744,57.0,407.0,0.6779661016949152,0.8931758530183727,0.22770398481973433,0.9835260115606936,0.03606993592330624,0.02265993099456925,0.022071996147333007,0.02265993099456925,0.8927636164123554,0.31104842595216625,resnet50,weighted_bce,ensemble,Pleural Effusion,T2_2016,offset,youden_validation,0.10163329169154167
0.5,1994,1993,0.9661016949152542,0.47821522309711284,6.0,0.003009027081243731,6.0,0.0,0.0,1.0,,0.9969909729187563,0.0032455372451579,0.015079426851007742,0.015079425436742566,0.015079426851007742,0.7793427230046949,0.0098670990156228,resnet50,weighted_bce,ensemble,Pleural Effusion,T2_2016,offset,fixed_0.5,0.5
0.6,2393,1594,0.943502824858757,0.3745406824146982,10.0,0.004178854993731718,10.0,0.0,0.0,1.0,,0.9958211450062683,0.004505343153412626,0.01741364218272826,0.01741364283189084,0.01741364218272826,0.7503147293327739,0.010940843951243001,resnet50,weighted_bce,ensemble,Pleural Effusion,T2_2016,offset,fixed_0.5,0.5
0.7,2791,1196,0.903954802259887,0.2719160104986877,17.0,0.006091006807595844,17.0,0.0,0.0,1.0,,0.9939089931924041,0.00649515384606324,0.0200398142800931,0.020039814748257046,0.0200398142800931,0.7752449213283006,0.022220820105273455,resnet50,weighted_bce,ensemble,Pleural Effusion,T2_2016,offset,fixed_0.5,0.5
0.8,3190,797,0.8022598870056498,0.17191601049868765,35.0,0.0109717868338558,35.0,0.0,0.0,1.0,,0.9890282131661442,0.011161292899738023,0.020694330839883993,0.020694331817772693,0.020694330839883993,0.8121621009735114,0.04141951559277577,resnet50,weighted_bce,ensemble,Pleural Effusion,T2_2016,offset,fixed_0.5,0.5
0.9,3589,398,0.5988700564971752,0.07664041994750656,71.0,0.01978266926720535,71.0,0.0,0.0,1.0,,0.9802173307327946,0.01904996990365539,0.019030769049652143,0.019030769722778573,0.019030769049652143,0.8405984514248653,0.0941608431337652,resnet50,weighted_bce,ensemble,Pleural Effusion,T2_2016,offset,fixed_0.5,0.5
1.0,3987,0,0.0,0.0,177.0,0.04439428141459744,177.0,0.0,0.0,1.0,,0.9556057185854026,0.03606993592330625,0.022659932485806604,0.022071996061371956,0.022659932485806604,0.8927636164123554,0.31104842595216625,resnet50,weighted_bce,ensemble,Pleural Effusion,T2_2016,offset,fixed_0.5,0.5
0.5,1994,1993,0.9661016949152542,0.47821522309711284,6.0,0.003009027081243731,6.0,0.0,0.0,1.0,,0.9969909729187563,0.0030146511720673484,0.003984824183255475,0.003774622709788345,0.003984824183255475,0.7947686116700201,0.008502949129202478,resnet50,weighted_bce,ensemble,Pleural Effusion,T2_2016,platt,youden_validation,0.11108467727899551
0.6,2393,1594,0.943502824858757,0.3745406824146982,10.0,0.004178854993731718,10.0,0.0,0.0,1.0,,0.9958211450062683,0.004241798122676256,0.0065412274553552216,0.006541226633637209,0.0065412274553552216,0.7616869492236676,0.012178957469119886,resnet50,weighted_bce,ensemble,Pleural Effusion,T2_2016,platt,youden_validation,0.11108467727899551
0.7,2791,1196,0.8587570621468926,0.2740157480314961,25.0,0.00895736295234683,18.0,5.0,0.28,0.9981923355025307,0.5833333333333334,0.9935228499460238,0.007664466039407921,0.00965719118609054,0.01052101348856793,0.00965719118609054,0.8401735357917571,0.2485663545213956,resnet50,weighted_bce,ensemble,Pleural Effusion,T2_2016,platt,youden_validation,0.11108467727899551
0.8,3190,797,0.519774011299435,0.18503937007874016,85.0,0.02664576802507837,36.0,88.0,0.5764705882352941,0.971658615136876,0.35766423357664234,0.9882083196855552,0.020624454559876215,0.010363854626306773,0.012460639471988133,0.010363854626306773,0.9128161409491332,0.348513380938689,resnet50,weighted_bce,ensemble,Pleural Effusion,T2_2016,platt,youden_validation,0.11108467727899551
0.9,3589,398,0.22033898305084745,0.09422572178477691,138.0,0.03845082195597659,46.0,252.0,0.6666666666666666,0.9269776876267748,0.26744186046511625,0.9858243451463791,0.03052996751390645,0.011731161899822115,0.012953053244386217,0.011731161899822115,0.9040122795744985,0.32322799830300114,resnet50,weighted_bce,ensemble,Pleural Effusion,T2_2016,platt,youden_validation,0.11108467727899551
1.0,3987,0,0.0,0.0,177.0,0.04439428141459744,51.0,551.0,0.711864406779661,0.8553805774278215,0.1861152141802068,0.9845921450151057,0.03635061626433491,0.013707020329633845,0.014739138264127745,0.013707020329633845,0.8843676320121001,0.29466297588788365,resnet50,weighted_bce,ensemble,Pleural Effusion,T2_2016,platt,youden_validation,0.11108467727899551
0.5,1994,1993,0.9661016949152542,0.47821522309711284,6.0,0.003009027081243731,6.0,0.0,0.0,1.0,,0.9969909729187563,0.0030146511720673484,0.003984824183255475,0.003774622709788345,0.003984824183255475,0.7947686116700201,0.008502949129202478,resnet50,weighted_bce,ensemble,Pleural Effusion,T2_2016,platt,fixed_0.5,0.5
0.6,2393,1594,0.943502824858757,0.3745406824146982,10.0,0.004178854993731718,10.0,0.0,0.0,1.0,,0.9958211450062683,0.004241798122676256,0.0065412274553552216,0.006541226633637209,0.0065412274553552216,0.7616869492236676,0.012178957469119886,resnet50,weighted_bce,ensemble,Pleural Effusion,T2_2016,platt,fixed_0.5,0.5
0.7,2791,1196,0.8926553672316384,0.27244094488188975,19.0,0.00680759584378359,19.0,0.0,0.0,1.0,,0.9931924041562165,0.006925900423317022,0.010023226412952503,0.010023226609119203,0.010023226412952503,0.7882395382395383,0.02781117826076728,resnet50,weighted_bce,ensemble,Pleural Effusion,T2_2016,platt,fixed_0.5,0.5
0.8,3190,797,0.768361581920904,0.17349081364829397,41.0,0.012852664576802508,41.0,0.0,0.0,1.0,,0.9871473354231975,0.012734677732649077,0.012542769522679865,0.012542769930626158,0.012542769522679865,0.8208180684537871,0.044498933392642444,resnet50,weighted_bce,ensemble,Pleural Effusion,T2_2016,platt,fixed_0.5,0.5
0.9,3589,398,0.559322033898305,0.07847769028871392,78.0,0.021733073279465033,78.0,0.0,0.0,1.0,,0.978266926720535,0.020736025142375738,0.014400571753502133,0.014400574213890818,0.014400571753502133,0.8394204295656873,0.09198325419573906,resnet50,weighted_bce,ensemble,Pleural Effusion,T2_2016,platt,fixed_0.5,0.5
1.0,3987,0,0.0,0.0,177.0,0.04439428141459744,176.0,0.0,0.005649717514124294,1.0,1.0,0.955845459106874,0.03635061626433491,0.013707020329633845,0.01473913696349968,0.013707020329633845,0.8843676320121001,0.29466297588788365,resnet50,weighted_bce,ensemble,Pleural Effusion,T2_2016,platt,fixed_0.5,0.5
0.5,1994,1993,0.9661016949152542,0.47821522309711284,6.0,0.003009027081243731,6.0,0.0,0.0,1.0,,0.9969909729187563,0.0030400902672225293,0.007010108320259208,0.007010108580179475,0.007010108320259208,0.8087692823608317,0.010900212057604726,resnet50,weighted_bce,ensemble,Pleural Effusion,T2_2016,analytic_weight,youden_validation,0.06757531315088272
0.6,2393,1594,0.943502824858757,0.3745406824146982,10.0,0.004178854993731718,10.0,0.0,0.0,1.0,,0.9958211450062683,0.004214792532890334,0.007878777032972592,0.007878776282816191,0.007878777032972592,0.7671842215694503,0.011293276388071573,resnet50,weighted_bce,ensemble,Pleural Effusion,T2_2016,analytic_weight,youden_validation,0.06757531315088272
0.7,2791,1196,0.903954802259887,0.2719160104986877,17.0,0.006091006807595844,17.0,0.0,0.0,1.0,,0.9939089931924041,0.006091822568439241,0.008677288859519362,0.008677289113789444,0.008677288859519362,0.785889986852708,0.024759780993288058,resnet50,weighted_bce,ensemble,Pleural Effusion,T2_2016,analytic_weight,youden_validation,0.06757531315088272
0.8,3190,797,0.7570621468926554,0.17401574803149605,43.0,0.013479623824451411,34.0,6.0,0.20930232558139536,0.998093422306959,0.6,0.9892913385826771,0.011799709899060378,0.008480864238478594,0.008394751537205845,0.008480864238478594,0.8533782635363321,0.23934624951504696,resnet50,weighted_bce,ensemble,Pleural Effusion,T2_2016,analytic_weight,youden_validation,0.06757531315088272
0.9,3589,398,0.3502824858757062,0.08818897637795275,115.0,0.032042351629980495,56.0,96.0,0.5130434782608696,0.9723661485319517,0.38064516129032255,0.9836924868957484,0.025836481300433117,0.01417501799229768,0.010249614511095205,0.01417501799229768,0.9046957522965633,0.338269162273128,resnet50,weighted_bce,ensemble,Pleural Effusion,T2_2016,analytic_weight,youden_validation,0.06757531315088272
1.0,3987,0,0.0,0.0,177.0,0.04439428141459744,62.0,359.0,0.6497175141242938,0.905774278215223,0.24261603375527427,0.9823512667235981,0.03667354114247757,0.020192231902007522,0.008043590739672125,0.020192231902007522,0.8942880021353263,0.3158952224460176,resnet50,weighted_bce,ensemble,Pleural Effusion,T2_2016,analytic_weight,youden_validation,0.06757531315088272
0.5,1994,1993,0.9661016949152542,0.47821522309711284,6.0,0.003009027081243731,6.0,0.0,0.0,1.0,,0.9969909729187563,0.0030400902672225293,0.007010108320259208,0.007010108580179475,0.007010108320259208,0.8087692823608317,0.010900212057604726,resnet50,weighted_bce,ensemble,Pleural Effusion,T2_2016,analytic_weight,fixed_0.5,0.5
0.6,2393,1594,0.943502824858757,0.3745406824146982,10.0,0.004178854993731718,10.0,0.0,0.0,1.0,,0.9958211450062683,0.004214792532890334,0.007878777032972592,0.007878776282816191,0.007878777032972592,0.7671842215694503,0.011293276388071573,resnet50,weighted_bce,ensemble,Pleural Effusion,T2_2016,analytic_weight,fixed_0.5,0.5
0.7,2791,1196,0.903954802259887,0.2719160104986877,17.0,0.006091006807595844,17.0,0.0,0.0,1.0,,0.9939089931924041,0.006091822568439241,0.008677288859519362,0.008677289113789444,0.008677288859519362,0.785889986852708,0.024759780993288058,resnet50,weighted_bce,ensemble,Pleural Effusion,T2_2016,analytic_weight,fixed_0.5,0.5
0.8,3190,797,0.8022598870056498,0.17191601049868765,35.0,0.0109717868338558,35.0,0.0,0.0,1.0,,0.9890282131661442,0.010722454058003044,0.007894884806190586,0.0071819346328047,0.007894884806190586,0.8179397781299524,0.043972009915832264,resnet50,weighted_bce,ensemble,Pleural Effusion,T2_2016,analytic_weight,fixed_0.5,0.5
0.9,3589,398,0.5932203389830508,0.07690288713910762,72.0,0.020061298411813876,72.0,0.0,0.0,1.0,,0.9799387015881861,0.018984432968853455,0.009679900785125988,0.0026854750248516586,0.009679900785125988,0.8467443844185385,0.10893467152660702,resnet50,weighted_bce,ensemble,Pleural Effusion,T2_2016,analytic_weight,fixed_0.5,0.5
1.0,3987,0,0.0,0.0,177.0,0.04439428141459744,177.0,0.0,0.0,1.0,,0.9556057185854026,0.03667354114247757,0.020192230037960834,0.008043590963918342,0.020192230037960834,0.8942880021353263,0.3158952224460176,resnet50,weighted_bce,ensemble,Pleural Effusion,T2_2016,analytic_weight,fixed_0.5,0.5
0.5,1994,1993,,,,,30.36,,,,,,0.12560226977835626,,,,,,resnet50,weighted_bce,ensemble,Pleural Effusion,T2_2016,random_baseline,youden_validation,0.5634985336009701
0.6,2393,1594,,,,,38.1,,,,,,0.12521544319624534,,,,,,resnet50,weighted_bce,ensemble,Pleural Effusion,T2_2016,random_baseline,youden_validation,0.5634985336009701
0.7,2791,1196,,,,,43.68,,,,,,0.12553311684502358,,,,,,resnet50,weighted_bce,ensemble,Pleural Effusion,T2_2016,random_baseline,youden_validation,0.5634985336009701
0.8,3190,797,,,,,49.45,,,,,,0.12547142030764866,,,,,,resnet50,weighted_bce,ensemble,Pleural Effusion,T2_2016,random_baseline,youden_validation,0.5634985336009701
0.9,3589,398,,,,,56.01,,,,,,0.12535258029634508,,,,,,resnet50,weighted_bce,ensemble,Pleural Effusion,T2_2016,random_baseline,youden_validation,0.5634985336009701
1.0,3987,0,,,,,62.0,,,,,,0.12537336872049068,,,,,,resnet50,weighted_bce,ensemble,Pleural Effusion,T2_2016,random_baseline,youden_validation,0.5634985336009701
0.5,1218,1218,0.9294117647058824,0.484474691620587,6.0,0.0049261083743842365,6.0,1.0,0.0,0.9991749174917491,0.0,0.9950698438783895,0.032902453344927585,0.15576704233930186,0.15576704233930186,0.15576704233930186,0.5552805280528054,0.06271349214661176,resnet50,weighted_bce,ensemble,Pleural Effusion,T3_2017,raw,youden_validation,0.5634985336009701
0.6,1462,974,0.6941176470588235,0.38919608677158657,26.0,0.017783857729138167,12.0,19.0,0.5384615384615384,0.9867688022284122,0.42424242424242425,0.9916025192442267,0.04966263723056261,0.17616188681706058,0.1761618868170606,0.17616188681706058,0.861233126205271,0.3266571163415015,resnet50,weighted_bce,ensemble,Pleural Effusion,T3_2017,raw,youden_validation,0.5634985336009701
0.7,1706,730,0.5411764705882353,0.29094002552105486,39.0,0.022860492379835874,13.0,48.0,0.6666666666666666,0.9712057588482303,0.35135135135135137,0.9920343137254902,0.06728341684305587,0.20312295945314518,0.2031229594531452,0.20312295945314518,0.8699798501838094,0.3209702686668638,resnet50,weighted_bce,ensemble,Pleural Effusion,T3_2017,raw,youden_validation,0.5634985336009701
0.8,1949,487,0.4,0.19268396427052317,51.0,0.02616726526423807,13.0,82.0,0.7450980392156863,0.9567966280295047,0.31666666666666665,0.9928922908693275,0.08429091035501673,0.22874374014354154,0.22874374014354154,0.22874374014354154,0.8735820988036942,0.32033323685052834,resnet50,weighted_bce,ensemble,Pleural Effusion,T3_2017,raw,youden_validation,0.5634985336009701
0.9,2193,243,0.21176470588235294,0.09570395576350489,67.0,0.030551755585955312,20.0,135.0,0.7014925373134329,0.9365004703668862,0.25824175824175827,0.9900546991546494,0.10333349979572296,0.25245191487805835,0.2524519148780584,0.25245191487805835,0.8758582440572303,0.30332724966095337,resnet50,weighted_bce,ensemble,Pleural Effusion,T3_2017,raw,youden_validation,0.5634985336009701
1.0,2436,0,0.0,0.0,85.0,0.03489326765188834,27.0,215.0,0.6823529411764706,0.9085495533815398,0.21245421245421245,0.9875173370319001,0.122725233888037,0.2751185415135099,0.27511854151350984,0.2751185415135099,0.869247128881327,0.27931882575843625,resnet50,weighted_bce,ensemble,Pleural Effusion,T3_2017,raw,youden_validation,0.5634985336009701
0.5,1218,1218,0.7529411764705882,0.490854955338154,21.0,0.017241379310344827,4.0,26.0,0.8095238095238095,0.9782790309106099,0.3953488372093023,0.9965957446808511,0.04225294282320074,0.16041613954626588,0.16041613954626588,0.16041613954626588,0.8668098818474759,0.3912966656318283,resnet50,weighted_bce,ensemble,Pleural Effusion,T3_2017,raw,fixed_0.5,0.5
0.6,1462,974,0.5411764705882353,0.39472564866014465,39.0,0.02667578659370725,9.0,63.0,0.7692307692307693,0.9557273366127899,0.3225806451612903,0.9934258582907232,0.06092672419960184,0.18344295313351505,0.1834429531335151,0.18344295313351505,0.9002468601906409,0.3611322985882259,resnet50,weighted_bce,ensemble,Pleural Effusion,T3_2017,raw,fixed_0.5,0.5
0.7,1706,730,0.32941176470588235,0.29859634198213525,57.0,0.03341148886283705,12.0,113.0,0.7894736842105263,0.9314736203759855,0.2848101265822785,0.9922480620155039,0.07858717560856733,0.20724370710265208,0.20724370710265214,0.20724370710265208,0.8978115391571713,0.33147750154874867,resnet50,weighted_bce,ensemble,Pleural Effusion,T3_2017,raw,fixed_0.5,0.5
0.8,1949,487,0.24705882352941178,0.19821352615908125,64.0,0.032837352488455616,13.0,172.0,0.796875,0.9087533156498674,0.22869955156950672,0.992468134414832,0.0942195909131744,0.2332530209283925,0.23325302092839253,0.2332530209283925,0.8868866047745358,0.3151945650715625,resnet50,weighted_bce,ensemble,Pleural Effusion,T3_2017,raw,fixed_0.5,0.5
0.9,2193,243,0.11764705882352941,0.09910676307954062,75.0,0.03419972640218878,15.0,246.0,0.8,0.8838526912181303,0.19607843137254902,0.9920508744038156,0.10885078752473917,0.2551178711885685,0.25511787118856843,0.2551178711885685,0.8803021718602456,0.2984324996230813,resnet50,weighted_bce,ensemble,Pleural Effusion,T3_2017,raw,fixed_0.5,0.5
1.0,2436,0,0.0,0.0,85.0,0.03489326765188834,20.0,353.0,0.7647058823529411,0.8498511271799234,0.15550239234449761,0.9900891972249752,0.12272523388803698,0.2751185415135099,0.27511854151350984,0.2751185415135099,0.869247128881327,0.27931882575843625,resnet50,weighted_bce,ensemble,Pleural Effusion,T3_2017,raw,fixed_0.5,0.5
0.5,1218,1218,0.9411764705882353,0.4840493407060825,5.0,0.004105090311986864,5.0,0.0,0.0,1.0,,0.9958949096880131,0.0076096134483291345,0.04736076633649312,0.04736076504885171,0.04736076633649312,0.5714756801319044,0.006885357924822295,resnet50,weighted_bce,ensemble,Pleural Effusion,T3_2017,temperature,youden_validation,0.5458083748817444
0.6,1462,974,0.8,0.38536792854104635,17.0,0.011627906976744186,11.0,10.0,0.35294117647058826,0.9930795847750865,0.375,0.9923928077455049,0.018829887083578977,0.06823605670696876,0.06823605625914403,0.06823605670696876,0.8181559128841849,0.3112107203630122,resnet50,weighted_bce,ensemble,Pleural Effusion,T3_2017,temperature,youden_validation,0.5458083748817444
0.7,1706,730,0.5764705882352941,0.28966397277754147,36.0,0.021101992966002344,13.0,47.0,0.6388888888888888,0.9718562874251497,0.32857142857142857,0.9920537897310513,0.03832019334378244,0.10174859894749655,0.10174859715854927,0.10174859894749655,0.8728210246174317,0.3364581332676907,resnet50,weighted_bce,ensemble,Pleural Effusion,T3_2017,temperature,youden_validation,0.5458083748817444
0.8,1949,487,0.4235294117647059,0.19183326244151425,49.0,0.025141097998973832,14.0,104.0,0.7142857142857143,0.9452631578947368,0.2517985611510791,0.9922651933701657,0.0596311630687705,0.13845648319045203,0.13845647784908532,0.13845648319045203,0.8744468313641246,0.3183655004567626,resnet50,weighted_bce,ensemble,Pleural Effusion,T3_2017,temperature,youden_validation,0.5458083748817444
0.9,2193,243,0.23529411764705882,0.09485325393449597,65.0,0.029639762881896944,21.0,170.0,0.676923076923077,0.9201127819548872,0.205607476635514,0.989388580090955,0.0807627812925246,0.17106764146788883,0.17106763391198768,0.17106764146788883,0.8719852515905147,0.2895926066900267,resnet50,weighted_bce,ensemble,Pleural Effusion,T3_2017,temperature,youden_validation,0.5458083748817444
1.0,2436,0,0.0,0.0,85.0,0.03489326765188834,28.0,263.0,0.6705882352941176,0.8881327094853254,0.178125,0.9867674858223062,0.10075315066133306,0.1993020375951978,0.19930204236344704,0.1993020375951978,0.8620662046188106,0.2602251046253079,resnet50,weighted_bce,ensemble,Pleural Effusion,T3_2017,temperature,youden_validation,0.5458083748817444
0.5,1218,1218,0.9411764705882353,0.4840493407060825,5.0,0.004105090311986864,5.0,0.0,0.0,1.0,,0.9958949096880131,0.0076096134483291345,0.04736076633649312,0.04736076504885171,0.04736076633649312,0.5714756801319044,0.006885357924822295,resnet50,weighted_bce,ensemble,Pleural Effusion,T3_2017,temperature,fixed_0.5,0.5
0.6,1462,974,0.7294117647058823,0.3879200340280732,23.0,0.01573187414500684,9.0,26.0,0.6086956521739131,0.9819318971507992,0.35,0.9936708860759493,0.02446783176276528,0.07370313699006852,0.07370313714359022,0.07370313699006852,0.8647913708191075,0.36629459297930866,resnet50,weighted_bce,ensemble,Pleural Effusion,T3_2017,temperature,fixed_0.5,0.5
0.7,1706,730,0.5058823529411764,0.29221607826456825,42.0,0.0246189917936694,12.0,73.0,0.7142857142857143,0.9561298076923077,0.2912621359223301,0.9925140361821585,0.04471687963625623,0.10649719274060196,0.10649719942417891,0.10649719274060196,0.8862751831501832,0.33581841858474043,resnet50,weighted_bce,ensemble,Pleural Effusion,T3_2017,temperature,fixed_0.5,0.5
0.8,1949,487,0.35294117647058826,0.19438536792854105,55.0,0.028219599794766546,14.0,147.0,0.7454545454545455,0.9223864836325237,0.21808510638297873,0.9920499716070414,0.06570820045641568,0.14214558970792868,0.1421455834490969,0.14214558970792868,0.8811750023999232,0.311302356355234,resnet50,weighted_bce,ensemble,Pleural Effusion,T3_2017,temperature,fixed_0.5,0.5
0.9,2193,243,0.16470588235294117,0.09740535942152276,71.0,0.03237574099407205,17.0,237.0,0.7605633802816901,0.8883129123468426,0.18556701030927836,0.991062039957939,0.08453448236379224,0.17285280499558062,0.17285280748250495,0.17285280499558062,0.875004978030293,0.2842834740009986,resnet50,weighted_bce,ensemble,Pleural Effusion,T3_2017,temperature,fixed_0.5,0.5
1.0,2436,0,0.0,0.0,85.0,0.03489326765188834,24.0,336.0,0.7176470588235294,0.8570820927264994,0.15365239294710328,0.9882295242766062,0.10075315066133306,0.19930204354098133,0.19930204236344704,0.19930204354098133,0.8620662046188106,0.2602251046253079,resnet50,weighted_bce,ensemble,Pleural Effusion,T3_2017,temperature,fixed_0.5,0.5
0.5,1218,1218,0.9529411764705882,0.48362398979157806,4.0,0.003284072249589491,4.0,0.0,0.0,1.0,,0.9967159277504105,0.0035877805048243725,0.01571349932832035,0.014677752063216639,0.01571349932832035,0.3045716639209226,0.0028134381495712613,resnet50,weighted_bce,ensemble,Pleural Effusion,T3_2017,offset,youden_validation,0.10163329169154167
0.6,1462,974,0.8705882352941177,0.38281582305401957,11.0,0.007523939808481532,11.0,0.0,0.0,1.0,,0.9924760601915185,0.0076699381615440085,0.014255951836491169,0.013994922066456479,0.014255951836491169,0.6695069231251174,0.02023167148074645,resnet50,weighted_bce,ensemble,Pleural Effusion,T3_2017,offset,youden_validation,0.10163329169154167
0.7,1706,730,0.8470588235294118,0.27988090174393876,13.0,0.0076201641266119575,13.0,0.0,0.0,1.0,,0.9923798358733881,0.008033765327853198,0.019794590939338573,0.01835991914524912,0.019794590939338573,0.6211549820527965,0.012019207127975485,resnet50,weighted_bce,ensemble,Pleural Effusion,T3_2017,offset,youden_validation,0.10163329169154167
0.8,1949,487,0.6588235294117647,0.18332624415142493,29.0,0.014879425346331451,17.0,16.0,0.41379310344827586,0.9916666666666667,0.42857142857142855,0.9911504424778761,0.012924265731830123,0.02159024666724349,0.022606978141318044,0.02159024666724349,0.7894576149425286,0.19858577221537005,resnet50,weighted_bce,ensemble,Pleural Effusion,T3_2017,offset,youden_validation,0.10163329169154167
0.9,2193,243,0.29411764705882354,0.09272649936197362,60.0,0.027359781121751026,24.0,61.0,0.6,0.9714017815283638,0.3711340206185567,0.9885496183206107,0.022146311595424482,0.020782398888938947,0.026104466051094295,0.020782398888938947,0.8642444131895609,0.28084677308417527,resnet50,weighted_bce,ensemble,Pleural Effusion,T3_2017,offset,youden_validation,0.10163329169154167
1.0,2436,0,0.0,0.0,85.0,0.03489326765188834,27.0,215.0,0.6823529411764706,0.9085495533815398,0.21245421245421245,0.9875173370319001,0.02911966269365767,0.02292358810510272,0.02564392041121357,0.02292358810510272,0.8685165261340607,0.27066411507059773,resnet50,weighted_bce,ensemble,Pleural Effusion,T3_2017,offset,youden_validation,0.10163329169154167
0.5,1218,1218,0.9529411764705882,0.48362398979157806,4.0,0.003284072249589491,4.0,0.0,0.0,1.0,,0.9967159277504105,0.0035877805048243725,0.01571349932832035,0.014677752063216639,0.01571349932832035,0.3045716639209226,0.0028134381495712613,resnet50,weighted_bce,ensemble,Pleural Effusion,T3_2017,offset,fixed_0.5,0.5
0.6,1462,974,0.8705882352941177,0.38281582305401957,11.0,0.007523939808481532,11.0,0.0,0.0,1.0,,0.9924760601915185,0.0076699381615440085,0.014255951836491169,0.013994922066456479,0.014255951836491169,0.6695069231251174,0.02023167148074645,resnet50,weighted_bce,ensemble,Pleural Effusion,T3_2017,offset,fixed_0.5,0.5
0.7,1706,730,0.8470588235294118,0.27988090174393876,13.0,0.0076201641266119575,13.0,0.0,0.0,1.0,,0.9923798358733881,0.008033765327853198,0.019794590752637328,0.01835991914524912,0.019794590752637328,0.6211549820527965,0.012019207127975485,resnet50,weighted_bce,ensemble,Pleural Effusion,T3_2017,offset,fixed_0.5,0.5
0.8,1949,487,0.7764705882352941,0.17907273500638027,19.0,0.009748589020010261,19.0,0.0,0.0,1.0,,0.9902514109799897,0.01024366098483929,0.02229870079666292,0.021430745948318217,0.02229870079666292,0.6788382874284157,0.08251201213885051,resnet50,weighted_bce,ensemble,Pleural Effusion,T3_2017,offset,fixed_0.5,0.5
0.9,2193,243,0.6352941176470588,0.0803913228413441,31.0,0.014135886912904697,31.0,0.0,0.0,1.0,,0.9858641130870953,0.014438288392173976,0.02347001015572612,0.025335550367682695,0.02347001015572612,0.7435767359971353,0.06058556416016356,resnet50,weighted_bce,ensemble,Pleural Effusion,T3_2017,offset,fixed_0.5,0.5
1.0,2436,0,0.0,0.0,85.0,0.03489326765188834,85.0,0.0,0.0,1.0,,0.9651067323481116,0.02911966269365767,0.02292358810510272,0.02564391912051365,0.02292358810510272,0.8685165261340607,0.27066411507059773,resnet50,weighted_bce,ensemble,Pleural Effusion,T3_2017,offset,fixed_0.5,0.5
0.5,1218,1218,0.9411764705882353,0.4840493407060825,5.0,0.004105090311986864,5.0,0.0,0.0,1.0,,0.9958949096880131,0.0041254025695680934,0.006685871196022237,0.0025959595485799906,0.006685871196022237,0.48507831821929104,0.017819970595868942,resnet50,weighted_bce,ensemble,Pleural Effusion,T3_2017,platt,youden_validation,0.11108467727899551
0.6,1462,974,0.8823529411764706,0.3823904721395151,10.0,0.006839945280437756,10.0,0.0,0.0,1.0,,0.9931600547195623,0.0068035043791669775,0.007160311293552238,0.003871694839114856,0.007160311293552238,0.665702479338843,0.01943163388109419,resnet50,weighted_bce,ensemble,Pleural Effusion,T3_2017,platt,youden_validation,0.11108467727899551
0.7,1706,730,0.8,0.2815823054019566,17.0,0.00996483001172333,13.0,3.0,0.23529411764705882,0.9982238010657194,0.5714285714285714,0.9923484402589758,0.008918799158143973,0.011188405218206899,0.010490130124327585,0.011188405218206899,0.7333960227074845,0.13512709964261183,resnet50,weighted_bce,ensemble,Pleural Effusion,T3_2017,platt,youden_validation,0.11108467727899551
0.8,1949,487,0.49411764705882355,0.18928115695448744,43.0,0.022062596203181118,19.0,39.0,0.5581395348837209,0.9795383001049318,0.38095238095238093,0.9899257688229056,0.017667607845110365,0.014411043126623231,0.013061624068122698,0.014411043126623231,0.8601478806217819,0.2894770378982411,resnet50,weighted_bce,ensemble,Pleural Effusion,T3_2017,platt,youden_validation,0.11108467727899551
0.9,2193,243,0.18823529411764706,0.09655465759251382,69.0,0.03146374829001368,25.0,128.0,0.6376811594202898,0.9397363465160076,0.2558139534883721,0.987629886194953,0.025906287945769855,0.01816716303134136,0.016070014947063022,0.01816716303134136,0.8751739949234422,0.2832439002594614,resnet50,weighted_bce,ensemble,Pleural Effusion,T3_2017,platt,youden_validation,0.11108467727899551
1.0,2436,0,0.0,0.0,85.0,0.03489326765188834,25.0,301.0,0.7058823529411765,0.8719693747341557,0.16620498614958448,0.9879518072289156,0.02973680892878559,0.022307656259980962,0.020516920531985207,0.022307656259980962,0.8637075587359571,0.2622412524250503,resnet50,weighted_bce,ensemble,Pleural Effusion,T3_2017,platt,youden_validation,0.11108467727899551
0.5,1218,1218,0.9411764705882353,0.4840493407060825,5.0,0.004105090311986864,5.0,0.0,0.0,1.0,,0.9958949096880131,0.0041254025695680934,0.006685871196022237,0.0025959595485799906,0.006685871196022237,0.48507831821929104,0.017819970595868942,resnet50,weighted_bce,ensemble,Pleural Effusion,T3_2017,platt,fixed_0.5,0.5
0.6,1462,974,0.8823529411764706,0.3823904721395151,10.0,0.006839945280437756,10.0,0.0,0.0,1.0,,0.9931600547195623,0.0068035043791669775,0.007160311293552238,0.003871694839114856,0.007160311293552238,0.665702479338843,0.01943163388109419,resnet50,weighted_bce,ensemble,Pleural Effusion,T3_2017,platt,fixed_0.5,0.5
0.7,1706,730,0.8470588235294118,0.27988090174393876,13.0,0.0076201641266119575,13.0,0.0,0.0,1.0,,0.9923798358733881,0.007826872640957556,0.01176467165627281,0.009196247040771236,0.01176467165627281,0.6502794311418056,0.014244523243517666,resnet50,weighted_bce,ensemble,Pleural Effusion,T3_2017,platt,fixed_0.5,0.5
0.8,1949,487,0.7411764705882353,0.18034878774989366,22.0,0.011287839917906618,22.0,0.0,0.0,1.0,,0.9887121600820934,0.011519958014185093,0.015576520353968303,0.013600059018961096,0.015576520353968303,0.7282870217483606,0.03699080737076889,resnet50,weighted_bce,ensemble,Pleural Effusion,T3_2017,platt,fixed_0.5,0.5
0.9,2193,243,0.6,0.08166737558485751,34.0,0.015503875968992248,34.0,0.0,0.0,1.0,,0.9844961240310077,0.015846099523638534,0.021403546638725637,0.019122293641101917,0.021403546638725637,0.7591341307250089,0.07107555163003618,resnet50,weighted_bce,ensemble,Pleural Effusion,T3_2017,platt,fixed_0.5,0.5
1.0,2436,0,0.0,0.0,85.0,0.03489326765188834,85.0,2.0,0.0,0.9991492981709911,0.0,0.9650780608052588,0.02973680892878559,0.022307656259980962,0.020516922055133453,0.022307656259980962,0.8637075587359571,0.2622412524250503,resnet50,weighted_bce,ensemble,Pleural Effusion,T3_2017,platt,fixed_0.5,0.5
0.5,1218,1218,0.9529411764705882,0.48362398979157806,4.0,0.003284072249589491,4.0,0.0,0.0,1.0,,0.9967159277504105,0.003356650429683907,0.00936406667302982,0.00665905072593875,0.00936406667302982,0.31672158154859964,0.0028597417085982763,resnet50,weighted_bce,ensemble,Pleural Effusion,T3_2017,analytic_weight,youden_validation,0.06757531315088272
0.6,1462,974,0.8705882352941177,0.38281582305401957,11.0,0.007523939808481532,11.0,0.0,0.0,1.0,,0.9924760601915185,0.007462684173749673,0.007721873681397317,0.004495538907474679,0.007721873681397317,0.6693189649771317,0.019290858327744187,resnet50,weighted_bce,ensemble,Pleural Effusion,T3_2017,analytic_weight,youden_validation,0.06757531315088272
0.7,1706,730,0.8470588235294118,0.27988090174393876,13.0,0.0076201641266119575,13.0,0.0,0.0,1.0,,0.9923798358733881,0.007639185852367177,0.012330724556405197,0.007058599099062672,0.012330724556405197,0.6202462628924531,0.011813523584734035,resnet50,weighted_bce,ensemble,Pleural Effusion,T3_2017,analytic_weight,youden_validation,0.06757531315088272
0.8,1949,487,0.788235294117647,0.1786473840918758,18.0,0.009235505387378143,18.0,2.0,0.0,0.9989642672190575,0.0,0.9907550077041603,0.009382572001288106,0.01289780179383649,0.008942419036137194,0.01289780179383649,0.6595891593302261,0.03231007105706697,resnet50,weighted_bce,ensemble,Pleural Effusion,T3_2017,analytic_weight,youden_validation,0.06757531315088272
0.9,2193,243,0.4235294117647059,0.0880476393024245,49.0,0.022343821249430004,24.0,39.0,0.5102040816326531,0.9818097014925373,0.390625,0.9887271019257867,0.0183906856492654,0.01037219157200383,0.012560142403764917,0.01037219157200383,0.8376675296984465,0.23662273223642008,resnet50,weighted_bce,ensemble,Pleural Effusion,T3_2017,analytic_weight,youden_validation,0.06757531315088272
1.0,2436,0,0.0,0.0,85.0,0.03489326765188834,32.0,187.0,0.6235294117647059,0.9204593789876648,0.22083333333333333,0.9854280510018215,0.029130990077649715,0.01575611326315904,0.01195786801917702,0.01575611326315904,0.8689518853053769,0.26589860615755484,resnet50,weighted_bce,ensemble,Pleural Effusion,T3_2017,analytic_weight,youden_validation,0.06757531315088272
0.5,1218,1218,0.9529411764705882,0.48362398979157806,4.0,0.003284072249589491,4.0,0.0,0.0,1.0,,0.9967159277504105,0.003356650429683907,0.00936406667302982,0.00665905072593875,0.00936406667302982,0.31672158154859964,0.0028597417085982763,resnet50,weighted_bce,ensemble,Pleural Effusion,T3_2017,analytic_weight,fixed_0.5,0.5
0.6,1462,974,0.8705882352941177,0.38281582305401957,11.0,0.007523939808481532,11.0,0.0,0.0,1.0,,0.9924760601915185,0.007462684173749673,0.007721873681397317,0.004495538907474679,0.007721873681397317,0.6693189649771317,0.019290858327744187,resnet50,weighted_bce,ensemble,Pleural Effusion,T3_2017,analytic_weight,fixed_0.5,0.5
0.7,1706,730,0.8470588235294118,0.27988090174393876,13.0,0.0076201641266119575,13.0,0.0,0.0,1.0,,0.9923798358733881,0.007639185852367177,0.012330724556405197,0.007058599099062672,0.012330724556405197,0.6202462628924531,0.011813523584734035,resnet50,weighted_bce,ensemble,Pleural Effusion,T3_2017,analytic_weight,fixed_0.5,0.5
0.8,1949,487,0.788235294117647,0.1786473840918758,18.0,0.009235505387378143,18.0,0.0,0.0,1.0,,0.9907644946126218,0.009238961754840496,0.012557736757555915,0.008602354302811218,0.012557736757555915,0.6595891593302261,0.03231007105706697,resnet50,weighted_bce,ensemble,Pleural Effusion,T3_2017,analytic_weight,fixed_0.5,0.5
0.9,2193,243,0.6352941176470588,0.0803913228413441,31.0,0.014135886912904697,31.0,0.0,0.0,1.0,,0.9858641130870953,0.013788157452894441,0.00843203206352526,0.0077704200542345475,0.00843203206352526,0.744815135328698,0.0746283908694877,resnet50,weighted_bce,ensemble,Pleural Effusion,T3_2017,analytic_weight,fixed_0.5,0.5
1.0,2436,0,0.0,0.0,85.0,0.03489326765188834,85.0,0.0,0.0,1.0,,0.9651067323481116,0.02913099007764971,0.01575611326315904,0.011957866759062402,0.01575611326315904,0.8689518853053769,0.26589860615755484,resnet50,weighted_bce,ensemble,Pleural Effusion,T3_2017,analytic_weight,fixed_0.5,0.5
0.5,1218,1218,,,,,13.49,,,,,,0.12288704877144545,,,,,,resnet50,weighted_bce,ensemble,Pleural Effusion,T3_2017,random_baseline,youden_validation,0.5634985336009701
0.6,1462,974,,,,,16.17,,,,,,0.1229521081637684,,,,,,resnet50,weighted_bce,ensemble,Pleural Effusion,T3_2017,random_baseline,youden_validation,0.5634985336009701
0.7,1706,730,,,,,18.78,,,,,,0.12293387855479303,,,,,,resnet50,weighted_bce,ensemble,Pleural Effusion,T3_2017,random_baseline,youden_validation,0.5634985336009701
0.8,1949,487,,,,,21.9,,,,,,0.12279284983627271,,,,,,resnet50,weighted_bce,ensemble,Pleural Effusion,T3_2017,random_baseline,youden_validation,0.5634985336009701
0.9,2193,243,,,,,24.48,,,,,,0.12282619043976511,,,,,,resnet50,weighted_bce,ensemble,Pleural Effusion,T3_2017,random_baseline,youden_validation,0.5634985336009701
1.0,2436,0,,,,,27.0,,,,,,0.12272523388803697,,,,,,resnet50,weighted_bce,ensemble,Pleural Effusion,T3_2017,random_baseline,youden_validation,0.5634985336009701
0.5,940,939,0.76,0.4926189174412247,12.0,0.01276595744680851,6.0,23.0,0.5,0.9752155172413793,0.20689655172413793,0.9934138309549945,0.06844039366844673,0.21824852016410545,0.21824852016410543,0.21824852016410545,0.7826867816091954,0.23720515530260058,resnet50,weighted_bce,ensemble,Pneumonia,T1_2015,raw,youden_validation,0.6831396828612424
0.6,1128,751,0.64,0.39311098961180974,18.0,0.015957446808510637,6.0,25.0,0.6666666666666666,0.9774774774774775,0.32432432432432434,0.9945004582951421,0.07476777183935285,0.23364336659993698,0.23364336659993695,0.23364336659993698,0.8171671671671672,0.2529083142519908,resnet50,weighted_bce,ensemble,Pneumonia,T1_2015,raw,youden_validation,0.6831396828612424
0.7,1316,563,0.58,0.29196282121377803,21.0,0.015957446808510637,8.0,31.0,0.6190476190476191,0.976061776061776,0.29545454545454547,0.9937106918238994,0.08441087192890588,0.25025369184172996,0.2502536918417299,0.25025369184172996,0.814965986394558,0.24167389921274773,resnet50,weighted_bce,ensemble,Pneumonia,T1_2015,raw,youden_validation,0.6831396828612424
0.8,1504,375,0.5,0.1913613996719519,25.0,0.016622340425531915,9.0,48.0,0.64,0.9675456389452333,0.25,0.99375,0.09885853401190814,0.2709970309143904,0.2709970309143905,0.2709970309143904,0.8164164976335362,0.23278127208974358,resnet50,weighted_bce,ensemble,Pneumonia,T1_2015,raw,youden_validation,0.6831396828612424
0.9,1692,187,0.18,0.09732094040459267,41.0,0.024231678486997636,13.0,73.0,0.6829268292682927,0.9557843731072078,0.27722772277227725,0.9918290383406663,0.11680166014937868,0.28990177548374185,0.28990177548374185,0.28990177548374185,0.8549142426615061,0.2352184670331886,resnet50,weighted_bce,ensemble,Pneumonia,T1_2015,raw,youden_validation,0.6831396828612424
1.0,1879,0,0.0,0.0,50.0,0.026609898882384245,16.0,123.0,0.68,0.932750136686714,0.21656050955414013,0.9907084785133565,0.1434606981286197,0.31887758489157525,0.3188775848915752,0.31887758489157525,0.854029524330235,0.22774057160958397,resnet50,weighted_bce,ensemble,Pneumonia,T1_2015,raw,youden_validation,0.6831396828612424
0.5,940,939,0.26,0.5062875888463642,37.0,0.039361702127659576,5.0,99.0,0.8648648648648649,0.8903654485049833,0.24427480916030533,0.9938195302843016,0.10918108246131956,0.2448741564762306,0.24487415647623065,0.2448741564762306,0.8932088234413815,0.27439846673075635,resnet50,weighted_bce,ensemble,Pneumonia,T1_2015,raw,fixed_0.5,0.5
0.6,1128,751,0.22,0.40459267359212686,39.0,0.034574468085106384,6.0,122.0,0.8461538461538461,0.8879706152433425,0.2129032258064516,0.9938335046248715,0.11459194159263338,0.2608581019848133,0.2608581019848133,0.2608581019848133,0.885050975960067,0.2652644613747584,resnet50,weighted_bce,ensemble,Pneumonia,T1_2015,raw,fixed_0.5,0.5
0.7,1316,563,0.2,0.302351011481684,40.0,0.030395136778115502,6.0,133.0,0.85,0.89576802507837,0.20359281437125748,0.9947780678851175,0.11652996503937746,0.27294471132583387,0.2729447113258338,0.27294471132583387,0.879956896551724,0.26121580059554383,resnet50,weighted_bce,ensemble,Pneumonia,T1_2015,raw,fixed_0.5,0.5
0.8,1504,375,0.16,0.20065609622744668,42.0,0.027925531914893616,8.0,159.0,0.8095238095238095,0.8912448700410397,0.17616580310880828,0.9938977879481312,0.12319872350730503,0.28700809904764013,0.28700809904764013,0.28700809904764013,0.8726630186958504,0.2527494503338562,resnet50,weighted_bce,ensemble,Pneumonia,T1_2015,raw,fixed_0.5,0.5
0.9,1692,187,0.1,0.09950792782941498,45.0,0.026595744680851064,10.0,204.0,0.7777777777777778,0.8761384335154827,0.14644351464435146,0.9931176875430144,0.13273645661744907,0.3031609025834503,0.3031609025834503,0.3031609025834503,0.8650205761316874,0.24292552253747526,resnet50,weighted_bce,ensemble,Pneumonia,T1_2015,raw,fixed_0.5,0.5
1.0,1879,0,0.0,0.0,50.0,0.026609898882384245,13.0,269.0,0.74,0.8529250956806999,0.12091503267973856,0.9917355371900827,0.1434606981286197,0.3188775848915752,0.3188775848915752,0.3188775848915752,0.854029524330235,0.22774057160958397,resnet50,weighted_bce,ensemble,Pneumonia,T1_2015,raw,fixed_0.5,0.5
0.5,940,939,0.36,0.5035538545653363,32.0,0.03404255319148936,6.0,68.0,0.8125,0.9251101321585903,0.2765957446808511,0.9929078014184397,0.0921158514778756,0.22799317009150713,0.22799317009150707,0.22799317009150713,0.8888353524229076,0.26577367583317313,resnet50,weighted_bce,ensemble,Pneumonia,T1_2015,temperature,youden_validation,0.5476630926132202
0.6,1128,751,0.32,0.40185893931109895,34.0,0.030141843971631204,6.0,83.0,0.8235294117647058,0.9241316270566727,0.25225225225225223,0.9941002949852508,0.09801505780975123,0.24495877733528987,0.2449587773352898,0.24495877733528987,0.8791805570491451,0.25945597869090053,resnet50,weighted_bce,ensemble,Pneumonia,T1_2015,temperature,youden_validation,0.5476630926132202
0.7,1316,563,0.22,0.3018042646254784,39.0,0.029635258358662615,7.0,100.0,0.8205128205128205,0.9216914643696162,0.24242424242424243,0.9940878378378378,0.105215503269176,0.2597601381525244,0.25976013815252436,0.2597601381525244,0.8782804248740037,0.2566394005933168,resnet50,weighted_bce,ensemble,Pneumonia,T1_2015,temperature,youden_validation,0.5476630926132202
0.8,1504,375,0.18,0.2001093493712411,41.0,0.02726063829787234,8.0,125.0,0.8048780487804879,0.9145591250854409,0.2088607594936709,0.9940564635958395,0.11473243313169494,0.27725138764604906,0.27725138764604906,0.27725138764604906,0.8708133971291867,0.24837122492214975,resnet50,weighted_bce,ensemble,Pneumonia,T1_2015,temperature,youden_validation,0.5476630926132202
0.9,1692,187,0.1,0.09950792782941498,45.0,0.026595744680851064,11.0,152.0,0.7555555555555555,0.9077109896782027,0.1827956989247312,0.9926958831341302,0.125523610621219,0.2942116585991183,0.29421165859911824,0.2942116585991183,0.8641975308641975,0.23816103918778192,resnet50,weighted_bce,ensemble,Pneumonia,T1_2015,temperature,youden_validation,0.5476630926132202
1.0,1879,0,0.0,0.0,50.0,0.026609898882384245,13.0,216.0,0.74,0.8819026790595954,0.14624505928853754,0.9920049200492005,0.14041235859179685,0.3143806334267291,0.31438063342672906,0.3143806334267291,0.8551448879168945,0.22484431479368278,resnet50,weighted_bce,ensemble,Pneumonia,T1_2015,temperature,youden_validation,0.5476630926132202
0.5,940,939,0.26,0.5062875888463642,37.0,0.039361702127659576,6.0,94.0,0.8378378378378378,0.8959025470653378,0.248,0.992638036809816,0.10528281154015567,0.23809582643215638,0.23809582643215635,0.23809582643215638,0.8920116129418455,0.26812316772035794,resnet50,weighted_bce,ensemble,Pneumonia,T1_2015,temperature,fixed_0.5,0.5
0.6,1128,751,0.22,0.40459267359212686,39.0,0.034574468085106384,6.0,116.0,0.8461538461538461,0.8934802571166207,0.2214765100671141,0.9938712972420838,0.1101516243042751,0.2542487870091517,0.25424878700915166,0.2542487870091517,0.883991429445975,0.25990508122735834,resnet50,weighted_bce,ensemble,Pneumonia,T1_2015,temperature,fixed_0.5,0.5
0.7,1316,563,0.2,0.302351011481684,40.0,0.030395136778115502,6.0,134.0,0.85,0.8949843260188087,0.20238095238095238,0.9947735191637631,0.11429580892857254,0.26855836629348145,0.2685583662934814,0.26855836629348145,0.8788793103448276,0.2557999850758415,resnet50,weighted_bce,ensemble,Pneumonia,T1_2015,temperature,fixed_0.5,0.5
0.8,1504,375,0.16,0.20065609622744668,42.0,0.027925531914893616,8.0,154.0,0.8095238095238095,0.8946648426812586,0.18085106382978725,0.993920972644377,0.12002444355628991,0.2819232894375166,0.28192328943751654,0.2819232894375166,0.871767311575793,0.2476065484932657,resnet50,weighted_bce,ensemble,Pneumonia,T1_2015,temperature,fixed_0.5,0.5
0.9,1692,187,0.1,0.09950792782941498,45.0,0.026595744680851064,10.0,192.0,0.7777777777777778,0.8834244080145719,0.15418502202643172,0.9931740614334471,0.1292630268065977,0.29800104578596803,0.298001045785968,0.29800104578596803,0.8642245159549349,0.2382028013107296,resnet50,weighted_bce,ensemble,Pneumonia,T1_2015,temperature,fixed_0.5,0.5
1.0,1879,0,0.0,0.0,50.0,0.026609898882384245,13.0,264.0,0.74,0.8556588299617277,0.12292358803986711,0.9917617237008872,0.14041235859179685,0.3143806334267291,0.31438063342672906,0.3143806334267291,0.8551448879168945,0.22484431479368278,resnet50,weighted_bce,ensemble,Pneumonia,T1_2015,temperature,fixed_0.5,0.5
0.5,940,939,0.88,0.48933843630399126,6.0,0.006382978723404255,6.0,0.0,0.0,1.0,,0.9936170212765958,0.006343051049986349,0.0061400175057194075,0.0021892866102768997,0.0061400175057194075,0.6167023554603854,0.019624681785041464,resnet50,weighted_bce,ensemble,Pneumonia,T1_2015,offset,youden_validation,0.07442346587777138
0.6,1128,751,0.84,0.38764352104975397,8.0,0.0070921985815602835,8.0,0.0,0.0,1.0,,0.9929078014184397,0.007043210853434542,0.005585453196801877,0.0026407417988466714,0.005585453196801877,0.6189732142857144,0.014119401419102996,resnet50,weighted_bce,ensemble,Pneumonia,T1_2015,offset,youden_validation,0.07442346587777138
0.7,1316,563,0.8,0.2859486057955167,10.0,0.007598784194528876,10.0,0.0,0.0,1.0,,0.9924012158054711,0.007547116649234101,0.004867890012736776,0.0033190734160798993,0.004867890012736776,0.6151607963246555,0.014381075475947256,resnet50,weighted_bce,ensemble,Pneumonia,T1_2015,offset,youden_validation,0.07442346587777138
0.8,1504,375,0.76,0.18425369054127938,12.0,0.007978723404255319,12.0,0.0,0.0,1.0,,0.9920212765957447,0.007931961058916527,0.0066430204360591215,0.004273518578875523,0.0066430204360591215,0.6090259159964252,0.018791854495430273,resnet50,weighted_bce,ensemble,Pneumonia,T1_2015,offset,youden_validation,0.07442346587777138
0.9,1692,187,0.64,0.0847457627118644,18.0,0.010638297872340425,17.0,2.0,0.05555555555555555,0.998805256869773,0.3333333333333333,0.9899348727057431,0.01029461354645865,0.00550015666463566,0.0047344573672007265,0.00550015666463566,0.6797092791716448,0.08209915265551912,resnet50,weighted_bce,ensemble,Pneumonia,T1_2015,offset,youden_validation,0.07442346587777138
1.0,1879,0,0.0,0.0,50.0,0.026609898882384245,17.0,121.0,0.66,0.9338436303991252,0.21428571428571427,0.9901449275362318,0.023039591262286847,0.009844640514374989,0.007473007410693313,0.009844640514374989,0.8471733187534171,0.22279877848963525,resnet50,weighted_bce,ensemble,Pneumonia,T1_2015,offset,youden_validation,0.07442346587777138
0.5,940,939,0.88,0.48933843630399126,6.0,0.006382978723404255,6.0,0.0,0.0,1.0,,0.9936170212765958,0.006343051049986349,0.0061400175057194075,0.0021892866102768997,0.0061400175057194075,0.6167023554603854,0.019624681785041464,resnet50,weighted_bce,ensemble,Pneumonia,T1_2015,offset,fixed_0.5,0.5
0.6,1128,751,0.84,0.38764352104975397,8.0,0.0070921985815602835,8.0,0.0,0.0,1.0,,0.9929078014184397,0.007043210853434542,0.005585453196801877,0.0026407417988466714,0.005585453196801877,0.6189732142857144,0.014119401419102996,resnet50,weighted_bce,ensemble,Pneumonia,T1_2015,offset,fixed_0.5,0.5
0.7,1316,563,0.8,0.2859486057955167,10.0,0.007598784194528876,10.0,0.0,0.0,1.0,,0.9924012158054711,0.007547116649234101,0.004867890012736776,0.0033190734160798993,0.004867890012736776,0.6151607963246555,0.014381075475947256,resnet50,weighted_bce,ensemble,Pneumonia,T1_2015,offset,fixed_0.5,0.5
0.8,1504,375,0.76,0.18425369054127938,12.0,0.007978723404255319,12.0,0.0,0.0,1.0,,0.9920212765957447,0.007931961058916527,0.0066430204360591215,0.004273518578875523,0.0066430204360591215,0.6090259159964252,0.018791854495430273,resnet50,weighted_bce,ensemble,Pneumonia,T1_2015,offset,fixed_0.5,0.5
0.9,1692,187,0.66,0.08419901585565882,17.0,0.01004728132387707,17.0,0.0,0.0,1.0,,0.9899527186761229,0.009946600630592708,0.005564352606775196,0.004798653309340262,0.005564352606775196,0.6604741000877963,0.022062014358634634,resnet50,weighted_bce,ensemble,Pneumonia,T1_2015,offset,fixed_0.5,0.5
1.0,1879,0,0.0,0.0,50.0,0.026609898882384245,50.0,0.0,0.0,1.0,,0.9733901011176157,0.023039591262286847,0.009844640514374989,0.007473007410693312,0.009844640514374989,0.8471733187534171,0.22279877848963525,resnet50,weighted_bce,ensemble,Pneumonia,T1_2015,offset,fixed_0.5,0.5
0.5,940,939,0.86,0.4898851831601968,7.0,0.007446808510638298,7.0,0.0,0.0,1.0,,0.9925531914893617,0.007377624774128441,0.009122573792879972,0.0007068574342457903,0.009122573792879972,0.6409431939978563,0.06792748658077118,resnet50,weighted_bce,ensemble,Pneumonia,T1_2015,platt,youden_validation,0.04809701070189476
0.6,1128,751,0.84,0.38764352104975397,8.0,0.0070921985815602835,8.0,0.0,0.0,1.0,,0.9929078014184397,0.0070444931688579075,0.006608628176249172,0.0022702370332782513,0.006608628176249172,0.5919642857142857,0.05101764784952459,resnet50,weighted_bce,ensemble,Pneumonia,T1_2015,platt,youden_validation,0.04809701070189476
0.7,1316,563,0.82,0.2854018589393111,9.0,0.006838905775075988,9.0,0.0,0.0,1.0,,0.993161094224924,0.006819923965587627,0.006564573542864754,0.0037870518099458,0.006564573542864754,0.5466292612428801,0.008562500451833911,resnet50,weighted_bce,ensemble,Pneumonia,T1_2015,platt,youden_validation,0.04809701070189476
0.8,1504,375,0.76,0.18425369054127938,12.0,0.007978723404255319,12.0,0.0,0.0,1.0,,0.9920212765957447,0.007943153573004104,0.005890827067893546,0.004161677618102554,0.005890827067893546,0.5846179624664879,0.011272757282563967,resnet50,weighted_bce,ensemble,Pneumonia,T1_2015,platt,youden_validation,0.04809701070189476
0.9,1692,187,0.52,0.08802624384909787,24.0,0.014184397163120567,15.0,37.0,0.375,0.9778177458033573,0.1956521739130435,0.9908869987849331,0.01313630600137298,0.007869790264770445,0.00657125294664385,0.007869790264770445,0.748326338928857,0.14571792695119934,resnet50,weighted_bce,ensemble,Pneumonia,T1_2015,platt,youden_validation,0.04809701070189476
1.0,1879,0,0.0,0.0,50.0,0.026609898882384245,15.0,180.0,0.7,0.9015855658829962,0.16279069767441862,0.9909855769230769,0.023423123007470074,0.011359455539112866,0.011091526317794748,0.011359455539112866,0.8420667031164571,0.20176435501711565,resnet50,weighted_bce,ensemble,Pneumonia,T1_2015,platt,youden_validation,0.04809701070189476
0.5,940,939,0.86,0.4898851831601968,7.0,0.007446808510638298,7.0,0.0,0.0,1.0,,0.9925531914893617,0.007377624774128441,0.009122573792879972,0.0007068574342457903,0.009122573792879972,0.6409431939978563,0.06792748658077118,resnet50,weighted_bce,ensemble,Pneumonia,T1_2015,platt,fixed_0.5,0.5
0.6,1128,751,0.84,0.38764352104975397,8.0,0.0070921985815602835,8.0,0.0,0.0,1.0,,0.9929078014184397,0.0070444931688579075,0.006608628176249172,0.0022702370332782513,0.006608628176249172,0.5919642857142857,0.05101764784952459,resnet50,weighted_bce,ensemble,Pneumonia,T1_2015,platt,fixed_0.5,0.5
0.7,1316,563,0.82,0.2854018589393111,9.0,0.006838905775075988,9.0,0.0,0.0,1.0,,0.993161094224924,0.006819923965587627,0.006564573542864754,0.0037870518099458,0.006564573542864754,0.5466292612428801,0.008562500451833911,resnet50,weighted_bce,ensemble,Pneumonia,T1_2015,platt,fixed_0.5,0.5
0.8,1504,375,0.76,0.18425369054127938,12.0,0.007978723404255319,12.0,0.0,0.0,1.0,,0.9920212765957447,0.007943153573004104,0.005890827067893546,0.004161677618102554,0.005890827067893546,0.5846179624664879,0.011272757282563967,resnet50,weighted_bce,ensemble,Pneumonia,T1_2015,platt,fixed_0.5,0.5
0.9,1692,187,0.66,0.08419901585565882,17.0,0.01004728132387707,17.0,0.0,0.0,1.0,,0.9899527186761229,0.009954029114296893,0.006929990410061509,0.004862466271441351,0.006929990410061509,0.6457945566286216,0.022922535170982354,resnet50,weighted_bce,ensemble,Pneumonia,T1_2015,platt,fixed_0.5,0.5
1.0,1879,0,0.0,0.0,50.0,0.026609898882384245,50.0,0.0,0.0,1.0,,0.9733901011176157,0.023423123007470074,0.011359455539112866,0.011091526317794748,0.011359455539112866,0.8420667031164571,0.20176435501711565,resnet50,weighted_bce,ensemble,Pneumonia,T1_2015,platt,fixed_0.5,0.5
0.5,940,939,0.9,0.48879168944778567,5.0,0.005319148936170213,5.0,0.0,0.0,1.0,,0.9946808510638298,0.005294139546800491,0.0064737105098097245,0.0008013446993650275,0.0064737105098097245,0.5319786096256686,0.0071149743854818474,resnet50,weighted_bce,ensemble,Pneumonia,T1_2015,analytic_weight,youden_validation,0.022110728546977043
0.6,1128,751,0.84,0.38764352104975397,8.0,0.0070921985815602835,8.0,0.0,0.0,1.0,,0.9929078014184397,0.007033809582421794,0.004972499707533734,0.00020408419997873864,0.004972499707533734,0.6185267857142857,0.01338014170951065,resnet50,weighted_bce,ensemble,Pneumonia,T1_2015,analytic_weight,youden_validation,0.022110728546977043
0.7,1316,563,0.82,0.2854018589393111,9.0,0.006838905775075988,9.0,0.0,0.0,1.0,,0.993161094224924,0.006791322051793494,0.004675243245890664,0.0008034676675738534,0.004675243245890664,0.5760435263113152,0.009776008517999635,resnet50,weighted_bce,ensemble,Pneumonia,T1_2015,analytic_weight,youden_validation,0.022110728546977043
0.8,1504,375,0.72,0.18534718425369054,14.0,0.009308510638297872,12.0,3.0,0.14285714285714285,0.9979865771812081,0.4,0.9919946631087392,0.008726100651885595,0.004654505809006143,0.000999732571530175,0.004654505809006143,0.6724352828379674,0.12898879823884765,resnet50,weighted_bce,ensemble,Pneumonia,T1_2015,analytic_weight,youden_validation,0.022110728546977043
0.9,1692,187,0.16,0.09786768726079825,42.0,0.024822695035460994,13.0,96.0,0.6904761904761905,0.9418181818181818,0.232,0.9917038927887684,0.021397229887046443,0.01086911314797872,0.007336001929080656,0.01086911314797872,0.8545887445887446,0.24827193295203093,resnet50,weighted_bce,ensemble,Pneumonia,T1_2015,analytic_weight,youden_validation,0.022110728546977043
1.0,1879,0,0.0,0.0,50.0,0.026609898882384245,13.0,259.0,0.74,0.8583925642427556,0.125,0.9917877447883765,0.023307149857856008,0.010771943191824725,0.007252016487398035,0.010771943191824725,0.8498523783488244,0.23392605073395503,resnet50,weighted_bce,ensemble,Pneumonia,T1_2015,analytic_weight,youden_validation,0.022110728546977043
0.5,940,939,0.9,0.48879168944778567,5.0,0.005319148936170213,5.0,0.0,0.0,1.0,,0.9946808510638298,0.005294139546800491,0.0064737105098097245,0.0008013446993650275,0.0064737105098097245,0.5319786096256686,0.0071149743854818474,resnet50,weighted_bce,ensemble,Pneumonia,T1_2015,analytic_weight,fixed_0.5,0.5
0.6,1128,751,0.84,0.38764352104975397,8.0,0.0070921985815602835,8.0,0.0,0.0,1.0,,0.9929078014184397,0.007033809582421794,0.004972499707533734,0.00020408419997873864,0.004972499707533734,0.6185267857142857,0.01338014170951065,resnet50,weighted_bce,ensemble,Pneumonia,T1_2015,analytic_weight,fixed_0.5,0.5
0.7,1316,563,0.82,0.2854018589393111,9.0,0.006838905775075988,9.0,0.0,0.0,1.0,,0.993161094224924,0.006791322051793494,0.004675243245890664,0.0008034676675738534,0.004675243245890664,0.5760435263113152,0.009776008517999635,resnet50,weighted_bce,ensemble,Pneumonia,T1_2015,analytic_weight,fixed_0.5,0.5
0.8,1504,375,0.76,0.18425369054127938,12.0,0.007978723404255319,12.0,0.0,0.0,1.0,,0.9920212765957447,0.007904122713447198,0.004206419255500263,0.0005342596943708183,0.004206419255500263,0.6171246648793566,0.015522754116492433,resnet50,weighted_bce,ensemble,Pneumonia,T1_2015,analytic_weight,fixed_0.5,0.5
0.9,1692,187,0.66,0.08419901585565882,17.0,0.01004728132387707,17.0,0.0,0.0,1.0,,0.9899527186761229,0.009904024421796267,0.0032136111790490455,0.0003194993595211776,0.0032136111790490455,0.6669710272168569,0.027473572695137533,resnet50,weighted_bce,ensemble,Pneumonia,T1_2015,analytic_weight,fixed_0.5,0.5
1.0,1879,0,0.0,0.0,50.0,0.026609898882384245,50.0,0.0,0.0,1.0,,0.9733901011176157,0.023307149857856008,0.01077194375091566,0.007252015678996162,0.01077194375091566,0.8498523783488244,0.23392605073395503,resnet50,weighted_bce,ensemble,Pneumonia,T1_2015,analytic_weight,fixed_0.5,0.5
0.5,940,939,,,,,8.09,,,,,,0.14366767997619076,,,,,,resnet50,weighted_bce,ensemble,Pneumonia,T1_2015,random_baseline,youden_validation,0.6831396828612424
0.6,1128,751,,,,,9.72,,,,,,0.1440766209221226,,,,,,resnet50,weighted_bce,ensemble,Pneumonia,T1_2015,random_baseline,youden_validation,0.6831396828612424
0.7,1316,563,,,,,11.39,,,,,,0.1433620985401018,,,,,,resnet50,weighted_bce,ensemble,Pneumonia,T1_2015,random_baseline,youden_validation,0.6831396828612424
0.8,1504,375,,,,,12.73,,,,,,0.14377803419595608,,,,,,resnet50,weighted_bce,ensemble,Pneumonia,T1_2015,random_baseline,youden_validation,0.6831396828612424
0.9,1692,187,,,,,14.34,,,,,,0.14352052510475738,,,,,,resnet50,weighted_bce,ensemble,Pneumonia,T1_2015,random_baseline,youden_validation,0.6831396828612424
1.0,1879,0,,,,,16.0,,,,,,0.14346069812861967,,,,,,resnet50,weighted_bce,ensemble,Pneumonia,T1_2015,random_baseline,youden_validation,0.6831396828612424
0.5,1994,1993,0.8734177215189873,0.4923234390992835,10.0,0.0050150451354062184,4.0,33.0,0.6,0.983366935483871,0.15384615384615385,0.9979539641943734,0.062185838283185774,0.2222303027028667,0.22223030270286673,0.2222303027028667,0.820866935483871,0.28648340928149113,resnet50,weighted_bce,ensemble,Pneumonia,T2_2016,raw,youden_validation,0.6831396828612424
0.6,2393,1594,0.810126582278481,0.3915046059365404,15.0,0.0062682824905975765,6.0,46.0,0.6,0.9806560134566863,0.16363636363636364,0.9974337040205303,0.07276176991765579,0.24043276240082173,0.24043276240082176,0.24043276240082173,0.8393608074011775,0.23216268910937907,resnet50,weighted_bce,ensemble,Pneumonia,T2_2016,raw,youden_validation,0.6831396828612424
0.7,2791,1196,0.759493670886076,0.2906857727737973,19.0,0.00680759584378359,8.0,64.0,0.5789473684210527,0.976911976911977,0.14666666666666667,0.9970544918998527,0.08400754589213716,0.25849958464020834,0.2584995846402084,0.25849958464020834,0.833902939166097,0.19925724379448767,resnet50,weighted_bce,ensemble,Pneumonia,T2_2016,raw,youden_validation,0.6831396828612424
0.8,3190,797,0.6329113924050633,0.19114636642784033,29.0,0.00909090909090909,14.0,96.0,0.5172413793103449,0.969629863967099,0.13513513513513514,0.9954530691783047,0.09873051586709007,0.2776439318505873,0.2776439318505873,0.2776439318505873,0.8499601828317097,0.16452027916330897,resnet50,weighted_bce,ensemble,Pneumonia,T2_2016,raw,youden_validation,0.6831396828612424
0.9,3589,398,0.4430379746835443,0.09288638689866939,44.0,0.012259682362775146,20.0,153.0,0.5454545454545454,0.9568406205923836,0.13559322033898305,0.9941383352872216,0.11855629105364836,0.30093570654012525,0.30093570654012525,0.30093570654012525,0.858154891652776,0.14770192229325116,resnet50,weighted_bce,ensemble,Pneumonia,T2_2016,raw,youden_validation,0.6831396828612424
1.0,3987,0,0.0,0.0,79.0,0.01981439678956609,40.0,249.0,0.4936708860759494,0.9362845445240532,0.13541666666666666,0.9891862665585294,0.1445937093825743,0.3255371360444953,0.32553713604449525,0.3255371360444953,0.8724945907777619,0.1417301991399436,resnet50,weighted_bce,ensemble,Pneumonia,T2_2016,raw,youden_validation,0.6831396828612424
0.5,1994,1993,0.5316455696202531,0.4992323439099284,37.0,0.018555667001003008,4.0,219.0,0.8918918918918919,0.8880940214614206,0.13095238095238096,0.9977037887485649,0.11027627057858425,0.26015542292495564,0.26015542292495564,0.26015542292495564,0.9059923490173873,0.18554812559536005,resnet50,weighted_bce,ensemble,Pneumonia,T2_2016,raw,fixed_0.5,0.5
0.6,2393,1594,0.4430379746835443,0.3989252814738997,44.0,0.01838696197241956,5.0,256.0,0.8863636363636364,0.891017454235845,0.13220338983050847,0.9976167778836987,0.1135835012346644,0.2716802420143761,0.2716802420143761,0.2716802420143761,0.9016893068617207,0.17500347750902637,resnet50,weighted_bce,ensemble,Pneumonia,T2_2016,raw,fixed_0.5,0.5
0.7,2791,1196,0.3670886075949367,0.29861821903787106,50.0,0.01791472590469366,6.0,285.0,0.88,0.8960233491426487,0.1337386018237082,0.9975629569455727,0.11675365441523812,0.2822741809101503,0.2822741809101503,0.2822741809101503,0.8984385260853703,0.16787774690085075,resnet50,weighted_bce,ensemble,Pneumonia,T2_2016,raw,fixed_0.5,0.5
0.8,3190,797,0.24050632911392406,0.19907881269191402,60.0,0.018808777429467086,8.0,347.0,0.8666666666666667,0.8891373801916933,0.13032581453634084,0.997133643855249,0.12410298554610762,0.2951986140091776,0.2951986140091776,0.2951986140091776,0.8933493077742279,0.15952119953032115,resnet50,weighted_bce,ensemble,Pneumonia,T2_2016,raw,fixed_0.5,0.5
0.9,3589,398,0.12658227848101267,0.0992835209825998,69.0,0.019225410977988296,14.0,442.0,0.7971014492753623,0.8744318181818181,0.11066398390342053,0.9954721862871928,0.13387726504601932,0.31007710792335785,0.31007710792335785,0.31007710792335785,0.8846508563899869,0.15075286445312672,resnet50,weighted_bce,ensemble,Pneumonia,T2_2016,raw,fixed_0.5,0.5
1.0,3987,0,0.0,0.0,79.0,0.01981439678956609,18.0,596.0,0.7721518987341772,0.8474923234390993,0.0928462709284627,0.9945945945945946,0.1445937093825743,0.3255371360444953,0.32553713604449525,0.3255371360444953,0.8724945907777619,0.1417301991399436,resnet50,weighted_bce,ensemble,Pneumonia,T2_2016,raw,fixed_0.5,0.5
0.5,1994,1993,0.6708860759493671,0.49641760491299897,26.0,0.013039117352056168,4.0,145.0,0.8461538461538461,0.9263211382113821,0.1317365269461078,0.9978106185002736,0.09034948216600726,0.24174420569940225,0.2417442115993354,0.24174420569940225,0.9108231707317074,0.15907617348490405,resnet50,weighted_bce,ensemble,Pneumonia,T2_2016,temperature,youden_validation,0.5476630926132202
0.6,2393,1594,0.5822784810126582,0.3961105424769703,33.0,0.013790221479314668,5.0,180.0,0.8484848484848485,0.923728813559322,0.1346153846153846,0.9977116704805492,0.09766294136859048,0.256816747307628,0.2568167413017065,0.256816747307628,0.9032100667693888,0.15054603054904972,resnet50,weighted_bce,ensemble,Pneumonia,T2_2016,temperature,youden_validation,0.5476630926132202
0.7,2791,1196,0.4810126582278481,0.2963152507676561,41.0,0.0146900752418488,7.0,219.0,0.8292682926829268,0.9203636363636364,0.13438735177865613,0.9972419227738377,0.10580311281910484,0.271582021956929,0.27158201923670633,0.271582021956929,0.8977028824833703,0.14426112197836838,resnet50,weighted_bce,ensemble,Pneumonia,T2_2016,temperature,youden_validation,0.5476630926132202
0.8,3190,797,0.379746835443038,0.19626407369498464,49.0,0.015360501567398118,10.0,256.0,0.7959183673469388,0.9184972938554601,0.13220338983050847,0.9965457685664939,0.1140116728490168,0.2858841879567756,0.2858841889400654,0.2858841879567756,0.8926703441644088,0.14003530347793397,resnet50,weighted_bce,ensemble,Pneumonia,T2_2016,temperature,youden_validation,0.5476630926132202
0.9,3589,398,0.17721518987341772,0.09825997952917093,65.0,0.018110894399554194,17.0,322.0,0.7384615384615385,0.9086265607264472,0.12972972972972974,0.9947188567878223,0.12590884933675955,0.30143001487524806,0.3014300287612703,0.30143001487524806,0.8843534445123548,0.13247690750715502,resnet50,weighted_bce,ensemble,Pneumonia,T2_2016,temperature,youden_validation,0.5476630926132202
1.0,3987,0,0.0,0.0,79.0,0.01981439678956609,21.0,448.0,0.7341772151898734,0.8853633572159673,0.11462450592885376,0.9939672507900029,0.1409835517798623,0.3205663776910481,0.3205663899890845,0.3205663776910481,0.8734501120713112,0.12673657294758955,resnet50,weighted_bce,ensemble,Pneumonia,T2_2016,temperature,youden_validation,0.5476630926132202
0.5,1994,1993,0.5443037974683544,0.49897645854657113,36.0,0.01805416248746239,4.0,202.0,0.8888888888888888,0.8968335035750766,0.13675213675213677,0.9977272727272727,0.10369910358685107,0.2521019252605639,0.2521019217893556,0.2521019252605639,0.9108358869594825,0.15398760724701768,resnet50,weighted_bce,ensemble,Pneumonia,T2_2016,temperature,fixed_0.5,0.5
0.6,2393,1594,0.46835443037974683,0.3984135107471853,42.0,0.017551190973673213,5.0,245.0,0.8809523809523809,0.8957890259464057,0.13120567375886524,0.9976314542870678,0.10861331890391232,0.2652722768239581,0.2652722782281418,0.2652722768239581,0.9053189119118511,0.14910260636167202,resnet50,weighted_bce,ensemble,Pneumonia,T2_2016,temperature,fixed_0.5,0.5
0.7,2791,1196,0.379746835443038,0.2983623336745138,49.0,0.017556431386599784,7.0,278.0,0.8571428571428571,0.8986141502552881,0.13125,0.9971671388101983,0.11292686493138404,0.27662769795553266,0.27662769982685376,0.27662769795553266,0.8997603417734709,0.14395145933718226,resnet50,weighted_bce,ensemble,Pneumonia,T2_2016,temperature,fixed_0.5,0.5
0.8,3190,797,0.27848101265822783,0.19831115660184237,57.0,0.017868338557993732,8.0,331.0,0.8596491228070176,0.8943504628151931,0.12894736842105264,0.9971530249110321,0.1199373983801505,0.2901028662593014,0.29010287802374474,0.2901028662593014,0.8944008601138979,0.13982863937301138,resnet50,weighted_bce,ensemble,Pneumonia,T2_2016,temperature,fixed_0.5,0.5
0.9,3589,398,0.10126582278481013,0.09979529170931423,71.0,0.01978266926720535,15.0,416.0,0.7887323943661971,0.8817509948834565,0.11864406779661017,0.9951876804619827,0.1298366243410156,0.30399050127416977,0.3039905056772574,0.30399050127416977,0.8855143367310171,0.13340161479555276,resnet50,weighted_bce,ensemble,Pneumonia,T2_2016,temperature,fixed_0.5,0.5
1.0,3987,0,0.0,0.0,79.0,0.01981439678956609,18.0,568.0,0.7721518987341772,0.8546571136131014,0.09697933227344992,0.9946396664681358,0.1409835517798623,0.3205663776910481,0.3205663899890845,0.3205663776910481,0.8734501120713112,0.12673657294758955,resnet50,weighted_bce,ensemble,Pneumonia,T2_2016,temperature,fixed_0.5,0.5
0.5,1994,1993,0.9367088607594937,0.49104401228249744,5.0,0.0025075225677031092,5.0,0.0,0.0,1.0,,0.9974924774322969,0.0025441141297453712,0.006284827264651672,0.006284826569662709,0.006284827264651672,0.6205128205128205,0.005481136536711068,resnet50,weighted_bce,ensemble,Pneumonia,T2_2016,offset,youden_validation,0.07442346587777138
0.6,2393,1594,0.9113924050632911,0.38945752302968273,7.0,0.0029251984956122023,7.0,0.0,0.0,1.0,,0.9970748015043878,0.0029743019679006988,0.007092474985282403,0.007092474989368857,0.007092474985282403,0.6105256855466411,0.004602508699223388,resnet50,weighted_bce,ensemble,Pneumonia,T2_2016,offset,youden_validation,0.07442346587777138
0.7,2791,1196,0.8481012658227848,0.2888945752302968,12.0,0.004299534217126478,12.0,0.0,0.0,1.0,,0.9957004657828735,0.0043222706644908005,0.006921469619506333,0.006921469501547705,0.006921469619506333,0.70726880172724,0.022740324171295154,resnet50,weighted_bce,ensemble,Pneumonia,T2_2016,offset,youden_validation,0.07442346587777138
0.8,3190,797,0.7848101265822784,0.18807574206755373,17.0,0.005329153605015674,17.0,0.0,0.0,1.0,,0.9946708463949844,0.00534022084081096,0.007206017652316294,0.007206017978279194,0.007206017652316294,0.7135203277655215,0.013052298017025163,resnet50,weighted_bce,ensemble,Pneumonia,T2_2016,offset,youden_validation,0.07442346587777138
0.9,3589,398,0.620253164556962,0.08930399181166837,30.0,0.008358874338255782,29.0,0.0,0.03333333333333333,1.0,1.0,0.991917502787068,0.008053002330771402,0.006724662528658485,0.007007704029992684,0.006724662528658485,0.7849864194062003,0.14788394382472103,resnet50,weighted_bce,ensemble,Pneumonia,T2_2016,offset,youden_validation,0.07442346587777138
1.0,3987,0,0.0,0.0,79.0,0.01981439678956609,38.0,250.0,0.5189873417721519,0.936028659160696,0.140893470790378,0.9897186147186147,0.01798323327388138,0.0071539262684348496,0.005142880028105781,0.0071539262684348496,0.8694531179145666,0.15742718462219463,resnet50,weighted_bce,ensemble,Pneumonia,T2_2016,offset,youden_validation,0.07442346587777138
0.5,1994,1993,0.9367088607594937,0.49104401228249744,5.0,0.0025075225677031092,5.0,0.0,0.0,1.0,,0.9974924774322969,0.0025441141297453712,0.006284827264651672,0.006284826569662709,0.006284827264651672,0.6205128205128205,0.005481136536711068,resnet50,weighted_bce,ensemble,Pneumonia,T2_2016,offset,fixed_0.5,0.5
0.6,2393,1594,0.9113924050632911,0.38945752302968273,7.0,0.0029251984956122023,7.0,0.0,0.0,1.0,,0.9970748015043878,0.0029743019679006988,0.007092474985282403,0.007092474989368857,0.007092474985282403,0.6105256855466411,0.004602508699223388,resnet50,weighted_bce,ensemble,Pneumonia,T2_2016,offset,fixed_0.5,0.5
0.7,2791,1196,0.8481012658227848,0.2888945752302968,12.0,0.004299534217126478,12.0,0.0,0.0,1.0,,0.9957004657828735,0.0043222706644908005,0.006921469619506333,0.006921469501547705,0.006921469619506333,0.70726880172724,0.022740324171295154,resnet50,weighted_bce,ensemble,Pneumonia,T2_2016,offset,fixed_0.5,0.5
0.8,3190,797,0.7848101265822784,0.18807574206755373,17.0,0.005329153605015674,17.0,0.0,0.0,1.0,,0.9946708463949844,0.00534022084081096,0.007206017652316294,0.007206017978279194,0.007206017652316294,0.7135203277655215,0.013052298017025163,resnet50,weighted_bce,ensemble,Pneumonia,T2_2016,offset,fixed_0.5,0.5
0.9,3589,398,0.6329113924050633,0.08904810644831115,29.0,0.008080245193647256,29.0,0.0,0.0,1.0,,0.9919197548063527,0.007940691597540635,0.006844564638128849,0.0068445641430150365,0.006844564638128849,0.7773537388609065,0.08624493650396474,resnet50,weighted_bce,ensemble,Pneumonia,T2_2016,offset,fixed_0.5,0.5
1.0,3987,0,0.0,0.0,79.0,0.01981439678956609,79.0,0.0,0.0,1.0,,0.9801856032104339,0.01798323327388138,0.0071539262684348496,0.0051428802523519985,0.0071539262684348496,0.8694531179145666,0.15742718462219463,resnet50,weighted_bce,ensemble,Pneumonia,T2_2016,offset,fixed_0.5,0.5
0.5,1994,1993,0.9367088607594937,0.49104401228249744,5.0,0.0025075225677031092,5.0,0.0,0.0,1.0,,0.9974924774322969,0.002538118027417157,0.005855903825316291,0.005855904095278401,0.005855903825316291,0.64534942182001,0.005052874822237006,resnet50,weighted_bce,ensemble,Pneumonia,T2_2016,platt,youden_validation,0.04809701070189476
0.6,2393,1594,0.9113924050632911,0.38945752302968273,7.0,0.0029251984956122023,7.0,0.0,0.0,1.0,,0.9970748015043878,0.0029666998798547656,0.00688029155859041,0.006678952865078391,0.00688029155859041,0.6383666626751288,0.004963692720874802,resnet50,weighted_bce,ensemble,Pneumonia,T2_2016,platt,youden_validation,0.04809701070189476
0.7,2791,1196,0.8607594936708861,0.28863868986693964,11.0,0.003941239699032604,11.0,0.0,0.0,1.0,,0.9960587603009674,0.003970674536150268,0.007031921791670219,0.0069338931671711805,0.007031921791670219,0.699182472204055,0.021250314743358933,resnet50,weighted_bce,ensemble,Pneumonia,T2_2016,platt,youden_validation,0.04809701070189476
0.8,3190,797,0.7848101265822784,0.18807574206755373,17.0,0.005329153605015674,17.0,0.0,0.0,1.0,,0.9946708463949844,0.005334792438163811,0.007038290903693339,0.0070382914392038195,0.007038290903693339,0.727053632672735,0.014671320780943999,resnet50,weighted_bce,ensemble,Pneumonia,T2_2016,platt,youden_validation,0.04809701070189476
0.9,3589,398,0.5569620253164557,0.09058341862845445,35.0,0.009752020061298413,22.0,66.0,0.37142857142857144,0.9814293753517164,0.16455696202531644,0.9937321937321937,0.009066812314121682,0.008701513611936542,0.009475227518022211,0.008701513611936542,0.8204357263445614,0.15943864452398399,resnet50,weighted_bce,ensemble,Pneumonia,T2_2016,platt,youden_validation,0.04809701070189476
1.0,3987,0,0.0,0.0,79.0,0.01981439678956609,25.0,380.0,0.6835443037974683,0.9027635619242579,0.12442396313364056,0.9929636926540951,0.01806368859903819,0.00789142310327834,0.00568286736234406,0.00789142310327834,0.8701236023476672,0.15372031702862474,resnet50,weighted_bce,ensemble,Pneumonia,T2_2016,platt,youden_validation,0.04809701070189476
0.5,1994,1993,0.9367088607594937,0.49104401228249744,5.0,0.0025075225677031092,5.0,0.0,0.0,1.0,,0.9974924774322969,0.002538118027417157,0.005855903825316291,0.005855904095278401,0.005855903825316291,0.64534942182001,0.005052874822237006,resnet50,weighted_bce,ensemble,Pneumonia,T2_2016,platt,fixed_0.5,0.5
0.6,2393,1594,0.9113924050632911,0.38945752302968273,7.0,0.0029251984956122023,7.0,0.0,0.0,1.0,,0.9970748015043878,0.0029666998798547656,0.00688029155859041,0.006678952865078391,0.00688029155859041,0.6383666626751288,0.004963692720874802,resnet50,weighted_bce,ensemble,Pneumonia,T2_2016,platt,fixed_0.5,0.5
0.7,2791,1196,0.8607594936708861,0.28863868986693964,11.0,0.003941239699032604,11.0,0.0,0.0,1.0,,0.9960587603009674,0.003970674536150268,0.007031921791670219,0.0069338931671711805,0.007031921791670219,0.699182472204055,0.021250314743358933,resnet50,weighted_bce,ensemble,Pneumonia,T2_2016,platt,fixed_0.5,0.5
0.8,3190,797,0.7848101265822784,0.18807574206755373,17.0,0.005329153605015674,17.0,0.0,0.0,1.0,,0.9946708463949844,0.005334792438163811,0.007038290903693339,0.0070382914392038195,0.007038290903693339,0.727053632672735,0.014671320780943999,resnet50,weighted_bce,ensemble,Pneumonia,T2_2016,platt,fixed_0.5,0.5
0.9,3589,398,0.6455696202531646,0.08879222108495394,28.0,0.00780161604903873,28.0,0.0,0.0,1.0,,0.9921983839509613,0.007697467963089379,0.007167653871690306,0.007167653696013131,0.007167653871690306,0.7755847073454487,0.03833673598047572,resnet50,weighted_bce,ensemble,Pneumonia,T2_2016,platt,fixed_0.5,0.5
1.0,3987,0,0.0,0.0,79.0,0.01981439678956609,79.0,0.0,0.0,1.0,,0.9801856032104339,0.01806368859903819,0.007891424594515691,0.0056828679416467895,0.007891424594515691,0.8701236023476672,0.15372031702862474,resnet50,weighted_bce,ensemble,Pneumonia,T2_2016,platt,fixed_0.5,0.5
0.5,1994,1993,0.9240506329113924,0.49129989764585463,6.0,0.003009027081243731,6.0,0.0,0.0,1.0,,0.9969909729187563,0.003006254679888573,0.003389155704116144,0.003209228881932758,0.003389155704116144,0.6871227364185111,0.01771107895335038,resnet50,weighted_bce,ensemble,Pneumonia,T2_2016,analytic_weight,youden_validation,0.022110728546977043
0.6,2393,1594,0.9113924050632911,0.38945752302968273,7.0,0.0029251984956122023,7.0,0.0,0.0,1.0,,0.9970748015043878,0.002933876403901531,0.0047959418094810765,0.004072733718677701,0.0047959418094810765,0.6162735001796191,0.004595006379187191,resnet50,weighted_bce,ensemble,Pneumonia,T2_2016,analytic_weight,youden_validation,0.022110728546977043
0.7,2791,1196,0.8607594936708861,0.28863868986693964,11.0,0.003941239699032604,11.0,0.0,0.0,1.0,,0.9960587603009674,0.003934683534226399,0.004176347075341872,0.00381255764210552,0.004176347075341872,0.6795291039895357,0.009729888170192841,resnet50,weighted_bce,ensemble,Pneumonia,T2_2016,analytic_weight,youden_validation,0.022110728546977043
0.8,3190,797,0.7848101265822784,0.18807574206755373,17.0,0.005329153605015674,16.0,2.0,0.058823529411764705,0.9993696816892531,0.3333333333333333,0.9949796046438657,0.005186105019286687,0.004126907296940031,0.003984878104483727,0.004126907296940031,0.7148551194823973,0.07057612248249734,resnet50,weighted_bce,ensemble,Pneumonia,T2_2016,analytic_weight,youden_validation,0.022110728546977043
0.9,3589,398,0.31645569620253167,0.09544524053224156,54.0,0.015045973808860406,19.0,194.0,0.6481481481481481,0.9451202263083451,0.15283842794759825,0.9943452380952381,0.013521499441163772,0.005922465162846323,0.001496127307597692,0.005922465162846323,0.8685682853999686,0.16942124712364812,resnet50,weighted_bce,ensemble,Pneumonia,T2_2016,analytic_weight,youden_validation,0.022110728546977043
1.0,3987,0,0.0,0.0,79.0,0.01981439678956609,20.0,553.0,0.7468354430379747,0.8584953940634595,0.09640522875816994,0.9940740740740741,0.01805869860618872,0.0071768017144930255,0.0017950060282856516,0.0071768017144930255,0.8693818586994544,0.1568697732544518,resnet50,weighted_bce,ensemble,Pneumonia,T2_2016,analytic_weight,youden_validation,0.022110728546977043
0.5,1994,1993,0.9240506329113924,0.49129989764585463,6.0,0.003009027081243731,6.0,0.0,0.0,1.0,,0.9969909729187563,0.003006254679888573,0.003389155704116144,0.003209228881932758,0.003389155704116144,0.6871227364185111,0.01771107895335038,resnet50,weighted_bce,ensemble,Pneumonia,T2_2016,analytic_weight,fixed_0.5,0.5
0.6,2393,1594,0.9113924050632911,0.38945752302968273,7.0,0.0029251984956122023,7.0,0.0,0.0,1.0,,0.9970748015043878,0.002933876403901531,0.0047959418094810765,0.004072733718677701,0.0047959418094810765,0.6162735001796191,0.004595006379187191,resnet50,weighted_bce,ensemble,Pneumonia,T2_2016,analytic_weight,fixed_0.5,0.5
0.7,2791,1196,0.8607594936708861,0.28863868986693964,11.0,0.003941239699032604,11.0,0.0,0.0,1.0,,0.9960587603009674,0.003934683534226399,0.004176347075341872,0.00381255764210552,0.004176347075341872,0.6795291039895357,0.009729888170192841,resnet50,weighted_bce,ensemble,Pneumonia,T2_2016,analytic_weight,fixed_0.5,0.5
0.8,3190,797,0.7848101265822784,0.18807574206755373,17.0,0.005329153605015674,17.0,0.0,0.0,1.0,,0.9946708463949844,0.005295594863477031,0.003987321443125885,0.0033038145748658983,0.003987321443125885,0.7148180419347063,0.031360436207987535,resnet50,weighted_bce,ensemble,Pneumonia,T2_2016,analytic_weight,fixed_0.5,0.5
0.9,3589,398,0.6582278481012658,0.08853633572159672,27.0,0.007522986904430203,27.0,0.0,0.0,1.0,,0.9924770130955698,0.007401632691730172,0.003878891390589253,0.002827480732751079,0.003878891390589253,0.7596647742633145,0.04042646037115541,resnet50,weighted_bce,ensemble,Pneumonia,T2_2016,analytic_weight,fixed_0.5,0.5
1.0,3987,0,0.0,0.0,79.0,0.01981439678956609,79.0,0.0,0.0,1.0,,0.9801856032104339,0.018058698606188715,0.0071768017144930255,0.0017950051242930848,0.0071768017144930255,0.8693818586994544,0.1568697732544518,resnet50,weighted_bce,ensemble,Pneumonia,T2_2016,analytic_weight,fixed_0.5,0.5
0.5,1994,1993,,,,,19.34,,,,,,0.14471366256993284,,,,,,resnet50,weighted_bce,ensemble,Pneumonia,T2_2016,random_baseline,youden_validation,0.6831396828612424
0.6,2393,1594,,,,,23.88,,,,,,0.1447086970632113,,,,,,resnet50,weighted_bce,ensemble,Pneumonia,T2_2016,random_baseline,youden_validation,0.6831396828612424
0.7,2791,1196,,,,,28.0,,,,,,0.1446133943945702,,,,,,resnet50,weighted_bce,ensemble,Pneumonia,T2_2016,random_baseline,youden_validation,0.6831396828612424
0.8,3190,797,,,,,32.01,,,,,,0.14454129773576357,,,,,,resnet50,weighted_bce,ensemble,Pneumonia,T2_2016,random_baseline,youden_validation,0.6831396828612424
0.9,3589,398,,,,,35.98,,,,,,0.1446439664566677,,,,,,resnet50,weighted_bce,ensemble,Pneumonia,T2_2016,random_baseline,youden_validation,0.6831396828612424
1.0,3987,0,,,,,40.0,,,,,,0.1445937093825743,,,,,,resnet50,weighted_bce,ensemble,Pneumonia,T2_2016,random_baseline,youden_validation,0.6831396828612424
0.5,1218,1218,0.84,0.4928751047778709,8.0,0.006568144499178982,2.0,26.0,0.75,0.9785123966942149,0.1875,0.9983136593591906,0.0657136378988999,0.22536206000621714,0.22536206000621714,0.22536206000621714,0.8401859504132231,0.33790606785162136,resnet50,weighted_bce,ensemble,Pneumonia,T3_2017,raw,youden_validation,0.6831396828612424
0.6,1462,974,0.84,0.3906119027661358,8.0,0.005471956224350205,2.0,33.0,0.75,0.9773039889958735,0.15384615384615385,0.9985945186226283,0.07502718768357226,0.24401963413270247,0.24401963413270245,0.24401963413270247,0.8250515818431913,0.33712519436395755,resnet50,weighted_bce,ensemble,Pneumonia,T3_2017,raw,youden_validation,0.6831396828612424
0.7,1706,730,0.82,0.2887678122380553,9.0,0.005275498241500586,3.0,41.0,0.6666666666666666,0.9758397171479081,0.1276595744680851,0.9981916817359855,0.08512049217978251,0.2614985138794847,0.2614985138794847,0.2614985138794847,0.8320565704183853,0.31472721516295926,resnet50,weighted_bce,ensemble,Pneumonia,T3_2017,raw,youden_validation,0.6831396828612424
0.8,1949,487,0.72,0.18901927912824812,14.0,0.007183170856849667,6.0,55.0,0.5714285714285714,0.9715762273901809,0.12698412698412698,0.9968186638388123,0.09795067381185986,0.27919260139127733,0.2791926013912772,0.27919260139127733,0.855703211517165,0.22802983426265439,resnet50,weighted_bce,ensemble,Pneumonia,T3_2017,raw,youden_validation,0.6831396828612424
0.9,2193,243,0.48,0.09178541492036882,26.0,0.011855905152758778,12.0,101.0,0.5384615384615384,0.9533917858790956,0.12173913043478261,0.9942252165543792,0.11946272357807144,0.30216124618949025,0.30216124618949025,0.30216124618949025,0.8746938340846971,0.1694497993386276,resnet50,weighted_bce,ensemble,Pneumonia,T3_2017,raw,youden_validation,0.6831396828612424
1.0,2436,0,0.0,0.0,50.0,0.020525451559934318,30.0,158.0,0.4,0.9337803855825649,0.11235955056179775,0.9867139061116031,0.14521173562109305,0.3252852566715484,0.3252852566715483,0.3252852566715484,0.8776529756915339,0.1465178356516466,resnet50,weighted_bce,ensemble,Pneumonia,T3_2017,raw,youden_validation,0.6831396828612424
0.5,1218,1218,0.6,0.4979044425817267,20.0,0.016420361247947456,2.0,134.0,0.9,0.8881469115191987,0.11842105263157894,0.99812382739212,0.11133251161383655,0.26271389169147374,0.2627138916914738,0.26271389169147374,0.892821368948247,0.21332858124058085,resnet50,weighted_bce,ensemble,Pneumonia,T3_2017,raw,fixed_0.5,0.5
0.6,1462,974,0.56,0.3964794635373009,22.0,0.015047879616963064,2.0,159.0,0.9090909090909091,0.8895833333333333,0.11173184357541899,0.9984411535463756,0.11511140178929016,0.27571508459570826,0.2757150845957082,0.27571508459570826,0.8938131313131312,0.20347472355893254,resnet50,weighted_bce,ensemble,Pneumonia,T3_2017,raw,fixed_0.5,0.5
0.7,1706,730,0.54,0.29463537300922044,23.0,0.013481828839390387,2.0,186.0,0.9130434782608695,0.8894830659536542,0.10144927536231885,0.9986657771847899,0.11981249459490541,0.2888264011352365,0.28882640113523644,0.2888264011352365,0.8961481825931954,0.19904977419594214,resnet50,weighted_bce,ensemble,Pneumonia,T3_2017,raw,fixed_0.5,0.5
0.8,1949,487,0.36,0.19656328583403185,32.0,0.016418676244227808,3.0,223.0,0.90625,0.8836724047991653,0.11507936507936507,0.9982321744254566,0.12666566847941305,0.29983842835040636,0.2998384283504063,0.29983842835040636,0.8963875847678665,0.17459661832656181,resnet50,weighted_bce,ensemble,Pneumonia,T3_2017,raw,fixed_0.5,0.5
0.9,2193,243,0.16,0.09849119865884325,42.0,0.019151846785225718,6.0,266.0,0.8571428571428571,0.8763365876336587,0.11920529801324503,0.9968270756213644,0.134545579589126,0.31090613630580466,0.31090613630580466,0.31090613630580466,0.8895530318124459,0.15839093023481476,resnet50,weighted_bce,ensemble,Pneumonia,T3_2017,raw,fixed_0.5,0.5
1.0,2436,0,0.0,0.0,50.0,0.020525451559934318,12.0,359.0,0.76,0.8495389773679799,0.09571788413098237,0.9941147621383031,0.14521173562109302,0.3252852566715484,0.3252852566715483,0.3252852566715484,0.8776529756915339,0.1465178356516466,resnet50,weighted_bce,ensemble,Pneumonia,T3_2017,raw,fixed_0.5,0.5
0.5,1218,1218,0.72,0.4953897736797988,14.0,0.011494252873563218,2.0,88.0,0.8571428571428571,0.9269102990033222,0.12,0.998211091234347,0.09070990231897778,0.24354998171574183,0.2435499937418842,0.24354998171574183,0.889594209776934,0.26004256076667615,resnet50,weighted_bce,ensemble,Pneumonia,T3_2017,temperature,youden_validation,0.5476630926132202
0.6,1462,974,0.68,0.393964794635373,16.0,0.01094391244870041,2.0,117.0,0.875,0.9190871369294605,0.10687022900763359,0.9984973703981969,0.10035326951222644,0.26178850346689514,0.26178851799094077,0.26178850346689514,0.8890041493775933,0.24061030675792905,resnet50,weighted_bce,ensemble,Pneumonia,T3_2017,temperature,youden_validation,0.5476630926132202
0.7,1706,730,0.6,0.2933780385582565,20.0,0.011723329425556858,2.0,136.0,0.9,0.9193357058125742,0.11688311688311688,0.9987113402061856,0.10678619726972988,0.2755308483333129,0.27553086017737777,0.2755308483333129,0.894988137603796,0.21606534304678904,resnet50,weighted_bce,ensemble,Pneumonia,T3_2017,temperature,youden_validation,0.5476630926132202
0.8,1949,487,0.48,0.19404861693210393,26.0,0.013340174448435094,6.0,161.0,0.7692307692307693,0.9162766510660426,0.11049723756906077,0.996606334841629,0.11573306014361705,0.28919685685891505,0.2891968459793089,0.28919685685891505,0.8963958558342334,0.18999602820452524,resnet50,weighted_bce,ensemble,Pneumonia,T3_2017,temperature,youden_validation,0.5476630926132202
0.9,2193,243,0.28,0.09597652975691534,36.0,0.016415868673050615,10.0,207.0,0.7222222222222222,0.9040333796940194,0.11158798283261803,0.9948979591836735,0.12755066748305713,0.30444231246820175,0.3044423089824308,0.30444231246820175,0.887459434399629,0.16480906241038884,resnet50,weighted_bce,ensemble,Pneumonia,T3_2017,temperature,youden_validation,0.5476630926132202
1.0,2436,0,0.0,0.0,50.0,0.020525451559934318,14.0,276.0,0.72,0.8843252305113161,0.11538461538461539,0.9934086629001884,0.14197999297126837,0.32082438705051675,0.32082438986436485,0.32082438705051675,0.8756496227996647,0.14820418502495014,resnet50,weighted_bce,ensemble,Pneumonia,T3_2017,temperature,youden_validation,0.5476630926132202
0.5,1218,1218,0.6,0.4979044425817267,20.0,0.016420361247947456,2.0,129.0,0.9,0.8923205342237062,0.12244897959183673,0.9981325863678805,0.10658994099380777,0.25634111788227837,0.2563411373590013,0.25634111788227837,0.8929465776293822,0.2173068461754369,resnet50,weighted_bce,ensemble,Pneumonia,T3_2017,temperature,fixed_0.5,0.5
0.6,1462,974,0.58,0.39606035205364626,21.0,0.014363885088919288,2.0,151.0,0.9047619047619048,0.8952116585704372,0.11176470588235295,0.9984520123839009,0.10965014900651984,0.26884270942529154,0.2688427171408722,0.26884270942529154,0.8942863752024057,0.21171536848579572,resnet50,weighted_bce,ensemble,Pneumonia,T3_2017,temperature,fixed_0.5,0.5
0.7,1706,730,0.48,0.2958927074601844,26.0,0.015240328253223915,2.0,176.0,0.9230769230769231,0.8952380952380953,0.12,0.99867197875166,0.11466192777029963,0.2808191020386719,0.2808191011302775,0.2808191020386719,0.8966804029304031,0.19331552011688366,resnet50,weighted_bce,ensemble,Pneumonia,T3_2017,temperature,fixed_0.5,0.5
0.8,1949,487,0.4,0.19572506286672256,30.0,0.01539250897896357,4.0,217.0,0.8666666666666667,0.8869202709744659,0.10699588477366255,0.9976553341148886,0.12283690293829037,0.29515198875446086,0.29515200087264476,0.29515198875446086,0.8983498349834983,0.18239022658512646,resnet50,weighted_bce,ensemble,Pneumonia,T3_2017,temperature,fixed_0.5,0.5
0.9,2193,243,0.16,0.09849119865884325,42.0,0.019151846785225718,8.0,255.0,0.8095238095238095,0.8814504881450488,0.11764705882352941,0.9957983193277311,0.13103666082481075,0.3058147203403143,0.30581471443556785,0.3058147203403143,0.8876602244803081,0.15977602162899815,resnet50,weighted_bce,ensemble,Pneumonia,T3_2017,temperature,fixed_0.5,0.5
1.0,2436,0,0.0,0.0,50.0,0.020525451559934318,11.0,347.0,0.78,0.8545683151718357,0.10103626943005181,0.9946341463414634,0.14197999297126837,0.32082438705051675,0.3208243868792389,0.32082438705051675,0.8756496227996647,0.14820418502495014,resnet50,weighted_bce,ensemble,Pneumonia,T3_2017,temperature,fixed_0.5,0.5
0.5,1218,1218,0.96,0.490360435875943,2.0,0.0016420361247947454,2.0,0.0,0.0,1.0,,0.9983579638752053,0.0017059413628025552,0.007616328487282831,0.007209651299090123,0.007616328487282831,0.3980263157894737,0.0020350618592557016,resnet50,weighted_bce,ensemble,Pneumonia,T3_2017,offset,youden_validation,0.07442346587777138
0.6,1462,974,0.96,0.38809723386420786,2.0,0.0013679890560875513,2.0,0.0,0.0,1.0,,0.9986320109439124,0.0014655900147538838,0.009012057212794201,0.008725049845599117,0.009012057212794201,0.3315068493150685,0.0014980300183450377,resnet50,weighted_bce,ensemble,Pneumonia,T3_2017,offset,youden_validation,0.07442346587777138
0.7,1706,730,0.88,0.2875104777870914,6.0,0.0035169988276670576,6.0,0.0,0.0,1.0,,0.9964830011723329,0.0035656030908261622,0.007872385088603284,0.007781000122218311,0.007872385088603284,0.6898039215686275,0.010080063852630957,resnet50,weighted_bce,ensemble,Pneumonia,T3_2017,offset,youden_validation,0.07442346587777138
0.8,1949,487,0.8,0.18734283319362952,10.0,0.00513083632632119,10.0,0.0,0.0,1.0,,0.9948691636736788,0.005137009522850936,0.007464226476968543,0.007464225817779476,0.007464226476968543,0.7524497163486333,0.034147577385127734,resnet50,weighted_bce,ensemble,Pneumonia,T3_2017,offset,youden_validation,0.07442346587777138
0.9,2193,243,0.5,0.09136630343671416,25.0,0.011399908800729594,23.0,1.0,0.08,0.9995387453874539,0.6666666666666666,0.9894977168949771,0.010575487550235005,0.00978142520938556,0.004876707605355088,0.00978142520938556,0.85309963099631,0.2296693940885811,resnet50,weighted_bce,ensemble,Pneumonia,T3_2017,offset,youden_validation,0.07442346587777138
1.0,2436,0,0.0,0.0,50.0,0.020525451559934318,31.0,159.0,0.38,0.9333612740989103,0.10674157303370786,0.9862710363153233,0.01862402738469592,0.009042403032951217,0.007352229044122747,0.009042403032951217,0.8701089689857503,0.19507871975222194,resnet50,weighted_bce,ensemble,Pneumonia,T3_2017,offset,youden_validation,0.07442346587777138
0.5,1218,1218,0.96,0.490360435875943,2.0,0.0016420361247947454,2.0,0.0,0.0,1.0,,0.9983579638752053,0.0017059413628025552,0.007616328487282831,0.007209651299090123,0.007616328487282831,0.3980263157894737,0.0020350618592557016,resnet50,weighted_bce,ensemble,Pneumonia,T3_2017,offset,fixed_0.5,0.5
0.6,1462,974,0.96,0.38809723386420786,2.0,0.0013679890560875513,2.0,0.0,0.0,1.0,,0.9986320109439124,0.0014655900147538838,0.009012057212794201,0.008725049845599117,0.009012057212794201,0.3315068493150685,0.0014980300183450377,resnet50,weighted_bce,ensemble,Pneumonia,T3_2017,offset,fixed_0.5,0.5
0.7,1706,730,0.88,0.2875104777870914,6.0,0.0035169988276670576,6.0,0.0,0.0,1.0,,0.9964830011723329,0.0035656030908261622,0.007872385088603284,0.007781000122218311,0.007872385088603284,0.6898039215686275,0.010080063852630957,resnet50,weighted_bce,ensemble,Pneumonia,T3_2017,offset,fixed_0.5,0.5
0.8,1949,487,0.8,0.18734283319362952,10.0,0.00513083632632119,10.0,0.0,0.0,1.0,,0.9948691636736788,0.005137009522850936,0.007464226476968543,0.007464225817779476,0.007464226476968543,0.7524497163486333,0.034147577385127734,resnet50,weighted_bce,ensemble,Pneumonia,T3_2017,offset,fixed_0.5,0.5
0.9,2193,243,0.52,0.09094719195305952,24.0,0.01094391244870041,24.0,0.0,0.0,1.0,,0.9890560875512996,0.010559628550703172,0.009747906742601349,0.004078240586105841,0.009747906742601349,0.8466267096972491,0.18015436609211175,resnet50,weighted_bce,ensemble,Pneumonia,T3_2017,offset,fixed_0.5,0.5
1.0,2436,0,0.0,0.0,50.0,0.020525451559934318,50.0,0.0,0.0,1.0,,0.9794745484400657,0.01862402738469592,0.009042402286669745,0.007352229429497606,0.009042402286669745,0.8701089689857503,0.19507871975222194,resnet50,weighted_bce,ensemble,Pneumonia,T3_2017,offset,fixed_0.5,0.5
0.5,1218,1218,0.96,0.490360435875943,2.0,0.0016420361247947454,2.0,0.0,0.0,1.0,,0.9983579638752053,0.001700455893488642,0.007278221961774531,0.0067682435142705204,0.007278221961774531,0.390625,0.0020001758396342535,resnet50,weighted_bce,ensemble,Pneumonia,T3_2017,platt,youden_validation,0.04809701070189476
0.6,1462,974,0.96,0.38809723386420786,2.0,0.0013679890560875513,2.0,0.0,0.0,1.0,,0.9986320109439124,0.0014586291223624354,0.008675742839786662,0.008282382912658634,0.008675742839786662,0.3253424657534247,0.001482112731641101,resnet50,weighted_bce,ensemble,Pneumonia,T3_2017,platt,youden_validation,0.04809701070189476
0.7,1706,730,0.88,0.2875104777870914,6.0,0.0035169988276670576,6.0,0.0,0.0,1.0,,0.9964830011723329,0.0035567279509121407,0.007551179807234647,0.007424176916270435,0.007551179807234647,0.7145098039215686,0.016501211118513097,resnet50,weighted_bce,ensemble,Pneumonia,T3_2017,platt,youden_validation,0.04809701070189476
0.8,1949,487,0.8,0.18734283319362952,10.0,0.00513083632632119,10.0,0.0,0.0,1.0,,0.9948691636736788,0.005128389194142469,0.00728300195368912,0.007283001620630199,0.00728300195368912,0.7670448684889118,0.041119675681247816,resnet50,weighted_bce,ensemble,Pneumonia,T3_2017,platt,youden_validation,0.04809701070189476
0.9,2193,243,0.5,0.09136630343671416,25.0,0.011399908800729594,17.0,45.0,0.32,0.9792435424354243,0.1509433962264151,0.9920560747663552,0.010504546832184132,0.008060287804386548,0.00963689675117213,0.008060287804386548,0.8581918819188191,0.22447136944276908,resnet50,weighted_bce,ensemble,Pneumonia,T3_2017,platt,youden_validation,0.04809701070189476
1.0,2436,0,0.0,0.0,50.0,0.020525451559934318,20.0,242.0,0.6,0.8985750209555742,0.11029411764705882,0.9907578558225508,0.018779726404891686,0.007656361875223677,0.006479379774510175,0.007656361875223677,0.8720368818105615,0.1780273140285961,resnet50,weighted_bce,ensemble,Pneumonia,T3_2017,platt,youden_validation,0.04809701070189476
0.5,1218,1218,0.96,0.490360435875943,2.0,0.0016420361247947454,2.0,0.0,0.0,1.0,,0.9983579638752053,0.001700455893488642,0.007278221961774531,0.0067682435142705204,0.007278221961774531,0.390625,0.0020001758396342535,resnet50,weighted_bce,ensemble,Pneumonia,T3_2017,platt,fixed_0.5,0.5
0.6,1462,974,0.96,0.38809723386420786,2.0,0.0013679890560875513,2.0,0.0,0.0,1.0,,0.9986320109439124,0.0014586291223624354,0.008675742839786662,0.008282382912658634,0.008675742839786662,0.3253424657534247,0.001482112731641101,resnet50,weighted_bce,ensemble,Pneumonia,T3_2017,platt,fixed_0.5,0.5
0.7,1706,730,0.88,0.2875104777870914,6.0,0.0035169988276670576,6.0,0.0,0.0,1.0,,0.9964830011723329,0.0035567279509121407,0.007551179807234647,0.007424176916270435,0.007551179807234647,0.7145098039215686,0.016501211118513097,resnet50,weighted_bce,ensemble,Pneumonia,T3_2017,platt,fixed_0.5,0.5
0.8,1949,487,0.8,0.18734283319362952,10.0,0.00513083632632119,10.0,0.0,0.0,1.0,,0.9948691636736788,0.005128389194142469,0.00728300195368912,0.007283001620630199,0.00728300195368912,0.7670448684889118,0.041119675681247816,resnet50,weighted_bce,ensemble,Pneumonia,T3_2017,platt,fixed_0.5,0.5
0.9,2193,243,0.54,0.09052808046940486,23.0,0.010487916096671226,23.0,0.0,0.0,1.0,,0.9895120839033288,0.010147370130230019,0.008031863178607676,0.004599494710938332,0.008031863178607676,0.8437186936485674,0.11829946749834498,resnet50,weighted_bce,ensemble,Pneumonia,T3_2017,platt,fixed_0.5,0.5
1.0,2436,0,0.0,0.0,50.0,0.020525451559934318,50.0,0.0,0.0,1.0,,0.9794745484400657,0.018779726404891683,0.0076563611289422046,0.006479379964139073,0.0076563611289422046,0.8720368818105615,0.1780273140285961,resnet50,weighted_bce,ensemble,Pneumonia,T3_2017,platt,fixed_0.5,0.5
0.5,1218,1218,0.96,0.490360435875943,2.0,0.0016420361247947454,2.0,0.0,0.0,1.0,,0.9983579638752053,0.001667417936161351,0.005682088196513125,0.004605539735675788,0.005682088196513125,0.421875,0.00210335476804579,resnet50,weighted_bce,ensemble,Pneumonia,T3_2017,analytic_weight,youden_validation,0.022110728546977043
0.6,1462,974,0.96,0.38809723386420786,2.0,0.0013679890560875513,2.0,0.0,0.0,1.0,,0.9986320109439124,0.0014090217618298265,0.00612967343005274,0.005657532658152761,0.00612967343005274,0.3513698630136986,0.0015399799107664277,resnet50,weighted_bce,ensemble,Pneumonia,T3_2017,analytic_weight,youden_validation,0.022110728546977043
0.7,1706,730,0.88,0.2875104777870914,6.0,0.0035169988276670576,6.0,0.0,0.0,1.0,,0.9964830011723329,0.003517239722460336,0.004664536541249223,0.004269932176708162,0.004664536541249223,0.7054901960784313,0.011701646687943039,resnet50,weighted_bce,ensemble,Pneumonia,T3_2017,analytic_weight,youden_validation,0.022110728546977043
0.8,1949,487,0.74,0.18860016764459347,13.0,0.006670087224217547,8.0,4.0,0.38461538461538464,0.9979338842975206,0.5555555555555556,0.9958762886597938,0.0055519568910682325,0.00588666979453334,0.005763839312918435,0.00588666979453334,0.8179831532104259,0.3486481620725116,resnet50,weighted_bce,ensemble,Pneumonia,T3_2017,analytic_weight,youden_validation,0.022110728546977043
0.9,2193,243,0.4,0.09346186085498742,30.0,0.013679890560875513,13.0,125.0,0.5666666666666667,0.9422098936662043,0.11971830985915492,0.9936616284739151,0.012111418469078148,0.004632421652627179,0.0040633339558868616,0.004632421652627179,0.8784712590537833,0.2614491972581152,resnet50,weighted_bce,ensemble,Pneumonia,T3_2017,analytic_weight,youden_validation,0.022110728546977043
1.0,2436,0,0.0,0.0,50.0,0.020525451559934318,14.0,328.0,0.72,0.8625314333612741,0.0989010989010989,0.9932432432432432,0.01864684071301581,0.00993468833545128,0.0023392968151981428,0.00993468833545128,0.8718943839061191,0.2007473837775519,resnet50,weighted_bce,ensemble,Pneumonia,T3_2017,analytic_weight,youden_validation,0.022110728546977043
0.5,1218,1218,0.96,0.490360435875943,2.0,0.0016420361247947454,2.0,0.0,0.0,1.0,,0.9983579638752053,0.001667417936161351,0.005682088196513125,0.004605539735675788,0.005682088196513125,0.421875,0.00210335476804579,resnet50,weighted_bce,ensemble,Pneumonia,T3_2017,analytic_weight,fixed_0.5,0.5
0.6,1462,974,0.96,0.38809723386420786,2.0,0.0013679890560875513,2.0,0.0,0.0,1.0,,0.9986320109439124,0.0014090217618298265,0.00612967343005274,0.005657532658152761,0.00612967343005274,0.3513698630136986,0.0015399799107664277,resnet50,weighted_bce,ensemble,Pneumonia,T3_2017,analytic_weight,fixed_0.5,0.5
0.7,1706,730,0.88,0.2875104777870914,6.0,0.0035169988276670576,6.0,0.0,0.0,1.0,,0.9964830011723329,0.003517239722460336,0.004664536541249223,0.004269932176708162,0.004664536541249223,0.7054901960784313,0.011701646687943039,resnet50,weighted_bce,ensemble,Pneumonia,T3_2017,analytic_weight,fixed_0.5,0.5
0.8,1949,487,0.84,0.1865046102263202,8.0,0.004104669061056952,8.0,0.0,0.0,1.0,,0.995895330938943,0.004101174155550855,0.005457876303786076,0.004542525071151872,0.005457876303786076,0.7026661514683152,0.01111324398236748,resnet50,weighted_bce,ensemble,Pneumonia,T3_2017,analytic_weight,fixed_0.5,0.5
0.9,2193,243,0.54,0.09052808046940486,23.0,0.010487916096671226,23.0,0.0,0.0,1.0,,0.9895120839033288,0.01019078678126427,0.007660712137337598,0.00010728105865299986,0.007660712137337598,0.8432979362853135,0.09895976818974672,resnet50,weighted_bce,ensemble,Pneumonia,T3_2017,analytic_weight,fixed_0.5,0.5
1.0,2436,0,0.0,0.0,50.0,0.020525451559934318,50.0,0.0,0.0,1.0,,0.9794745484400657,0.01864684071301581,0.009934687774975543,0.0023392978856838606,0.009934687774975543,0.8718943839061191,0.2007473837775519,resnet50,weighted_bce,ensemble,Pneumonia,T3_2017,analytic_weight,fixed_0.5,0.5
0.5,1218,1218,,,,,15.02,,,,,,0.145189381039348,,,,,,resnet50,weighted_bce,ensemble,Pneumonia,T3_2017,random_baseline,youden_validation,0.6831396828612424
0.6,1462,974,,,,,17.92,,,,,,0.14555112181975965,,,,,,resnet50,weighted_bce,ensemble,Pneumonia,T3_2017,random_baseline,youden_validation,0.6831396828612424
0.7,1706,730,,,,,21.06,,,,,,0.14553266882372648,,,,,,resnet50,weighted_bce,ensemble,Pneumonia,T3_2017,random_baseline,youden_validation,0.6831396828612424
0.8,1949,487,,,,,24.12,,,,,,0.14508823744817728,,,,,,resnet50,weighted_bce,ensemble,Pneumonia,T3_2017,random_baseline,youden_validation,0.6831396828612424
0.9,2193,243,,,,,26.91,,,,,,0.14509512543528705,,,,,,resnet50,weighted_bce,ensemble,Pneumonia,T3_2017,random_baseline,youden_validation,0.6831396828612424
1.0,2436,0,,,,,30.0,,,,,,0.14521173562109305,,,,,,resnet50,weighted_bce,ensemble,Pneumonia,T3_2017,random_baseline,youden_validation,0.6831396828612424
